id,latitude,longitude,type,power_kw,name,predicted_demand_kwh,dist_to_center_km,dist_to_station_m
26999673,55.7788343,37.6537207,transport_hub,150,Москва-Пассажирская,38.79,3.43,859
31447943,55.7268977,37.4495857,transport_hub,150,Кунцевская,35.39,10.98,1575
54626031,55.8030155,37.7466848,transport_hub,150,Черкизово,35.39,9.65,1989
68916801,55.788503,37.7509929,transport_hub,150,Партизанская,30.08,9.12,828
68937012,55.7833072,37.7212818,transport_hub,150,Семёновская,30.08,7.19,915
146573247,55.795067,37.6322554,transport_hub,150,Москва-Рижская,38.79,4.47,822
220196839,55.699905,37.6512864,transport_hub,150,Кожухово,29.28,6.57,572
220203803,55.7154769,37.6874448,transport_hub,150,Угрешская,35.55,6.28,898
241158327,55.7461266,37.5148273,transport_hub,150,Фили,35.55,6.5,831
241158415,55.7388299,37.5484101,transport_hub,150,Студенческая,31.94,4.71,606
242546356,55.7730392,37.6805494,transport_hub,150,Бауманская,31.94,4.4,573
244036856,55.7359875,37.4671358,transport_hub,150,Пионерская,30.08,9.65,1008
252828224,55.747394,37.5818245,transport_hub,150,Смоленская,44.75,2.41,830
253016893,55.7088138,37.7315039,transport_hub,150,Текстильщики,35.39,8.86,2253
253016895,55.7156444,37.8179229,transport_hub,150,Выхино,27.35,13.33,1347
253045735,55.7500874,37.5413666,transport_hub,150,Деловой центр,31.94,4.79,671
253780238,55.7295963,37.4707878,transport_hub,150,Славянский бульвар,30.08,9.62,1488
255744331,55.751769,37.8167454,transport_hub,150,Новогиреево,32.18,12.49,1890
255744332,55.7511973,37.7864823,transport_hub,150,Перово,35.39,10.6,1612
255744578,55.7575686,37.7494868,transport_hub,150,Шоссе Энтузиастов,35.39,8.27,1623
259785706,55.6188619,37.5082183,transport_hub,150,Тёплый Стан,26.32,16.69,2454
259786804,55.657091,37.5405263,transport_hub,150,Калужская,30.08,11.98,1488
259786806,55.6702787,37.5546984,transport_hub,150,Новые Черёмушки,30.08,10.29,846
264162888,55.6063062,37.533407,transport_hub,150,Ясенево,26.32,17.44,3203
265949954,55.8146824,37.73434,transport_hub,150,Бульвар Рокоссовского,30.08,9.82,721
265949956,55.8038807,37.7450321,transport_hub,150,Черкизовская,35.39,9.61,1923
266426836,55.842712,37.5304764,transport_hub,150,Лихоборы,35.39,11.08,2226
266835841,55.8550132,37.4762129,transport_hub,150,Речной вокзал,27.35,14.12,1231
266835844,55.8400589,37.4867105,transport_hub,150,Водный стадион,22.52,12.43,527
266835845,55.819052,37.4980181,transport_hub,150,Войковская,30.08,10.25,1058
266835847,55.8003966,37.5331501,transport_hub,150,Аэропорт,30.08,7.23,869
267335088,55.7752083,37.6560339,transport_hub,150,Комсомольская,31.94,3.24,511
267335089,55.780356,37.6676557,transport_hub,150,Красносельская,31.94,4.17,613
267772268,55.6534701,37.8596249,transport_hub,150,Яничкино,26.32,18.97,1836
268521588,55.8552129,37.652706,transport_hub,150,Свиблово,24.77,11.27,564
268521591,55.8448445,37.6382462,transport_hub,150,Ботанический сад,24.77,9.99,576
276191013,55.7525349,37.7200631,transport_hub,150,Авиамоторная,29.28,6.44,524
277499099,55.7937015,37.6364976,transport_hub,150,Рижская,31.94,4.38,634
278693055,55.7233833,37.5642133,transport_hub,150,Спортивная,31.94,4.9,520
282413851,55.6878077,37.5735148,transport_hub,150,Академическая,24.77,8.04,594
282414382,55.6779304,37.5629043,transport_hub,150,Профсоюзная,30.08,9.3,838
282416839,55.6427774,37.5256804,transport_hub,150,Беляево,32.18,13.82,1844
291687197,55.7488081,37.5827207,transport_hub,150,Смоленская,44.75,2.3,779
291687455,55.7701709,37.5950872,transport_hub,150,Маяковская,36.85,2.12,593
291712231,55.6009942,37.554139,transport_hub,150,Новоясеневская,26.32,17.66,2590
292143794,55.7575071,37.6191912,transport_hub,150,Театральная,36.85,0.22,504
292147581,55.6784809,37.6639248,transport_hub,150,Коломенская,30.08,9.08,1081
292148161,55.6936232,37.6644353,transport_hub,150,Технопарк,30.08,7.52,980
292789222,55.654956,37.6221979,transport_hub,150,Варшавская,24.77,11.22,573
294024698,55.7291072,37.6244196,transport_hub,150,Добрынинская,38.79,3.0,812
296947185,55.7192085,37.6755406,transport_hub,150,Дубровка,35.55,5.46,974
296949278,55.6934907,37.726952,transport_hub,150,Печатники,35.39,9.75,2418
296949283,55.6908257,37.7531007,transport_hub,150,Волжская,35.39,11.16,1762
296949290,55.6500158,37.7431467,transport_hub,150,Марьино,32.18,14.16,2964
296953130,55.7279529,37.6248289,transport_hub,150,Серпуховская,38.79,3.13,766
296953132,55.6829727,37.6224144,transport_hub,150,Нагатинская,30.08,8.1,932
296953133,55.6719433,37.6102741,transport_hub,150,Нагорная,30.08,9.33,1294
296953134,55.6626511,37.6056223,transport_hub,150,Нахимовский проспект,30.08,10.38,1492
296953135,55.6526736,37.598434,transport_hub,150,Севастопольская,35.39,11.53,1997
296953136,55.640455,37.60669,transport_hub,150,Чертановская,32.18,12.84,2447
296953137,55.622256,37.6092188,transport_hub,150,Южная,32.18,14.86,2543
296953138,55.6123741,37.6045238,transport_hub,150,Пражская,22.38,15.97,1413
296953140,55.5825315,37.5965311,transport_hub,150,Аннино,22.38,19.31,1454
296956168,55.8065606,37.5819074,transport_hub,150,Дмитровская,35.55,6.06,1254
296957238,55.8979224,37.5873584,transport_hub,150,Алтуфьево,26.32,15.91,1508
296957239,55.8838707,37.6035539,transport_hub,150,Бибирево,32.18,14.27,1920
296957241,55.8631775,37.6046508,transport_hub,150,Отрадное,30.08,11.97,1472
296959502,55.8606544,37.4365264,transport_hub,150,Планерная,22.38,16.23,1151
296959504,55.8265293,37.4369761,transport_hub,150,Тушинская,27.35,13.75,953
296959505,55.8084608,37.4647008,transport_hub,150,Щукинская,30.08,11.2,932
296959507,55.7775087,37.5192899,transport_hub,150,Полежаевская,35.55,6.59,813
296959508,55.7737161,37.5466565,transport_hub,150,Беговая,38.79,4.85,1329
297148038,55.7745807,37.6544906,transport_hub,150,Комсомольская,31.94,3.13,582
297335182,55.7103322,37.559289,transport_hub,150,Воробьёвы горы,35.55,6.23,955
297773322,55.7331695,37.6674776,transport_hub,150,Крестьянская Застава,31.94,4.02,547
299071705,55.6215503,37.7380951,parking,50,,6.75,16.74,4799
300120212,55.613694,37.7444351,transport_hub,150,Красногвардейская,26.32,17.7,4227
305486163,55.6108547,37.7187413,transport_hub,150,Домодедовская,26.32,17.33,3277
308993125,55.6131433,37.6949724,transport_hub,150,Орехово,26.32,16.59,3526
308993196,55.6214814,37.669238,transport_hub,150,Царицыно,26.32,15.29,3199
308993566,55.6357353,37.6565408,transport_hub,150,Кантемировская,32.18,13.58,2033
309752494,55.6926632,37.5332847,transport_hub,150,Университет,30.08,8.77,1426
310752865,55.6046219,37.7123014,mall,150,Белград,28.35,17.83,2521
311605855,55.5927752,37.6539345,transport_hub,150,Бирюлёво-Товарная,22.38,18.27,1465
314679443,55.6529025,37.5984294,transport_hub,150,Каховская,35.39,11.5,1988
316109463,55.9148226,37.7617421,transport_hub,150,Мытищи,26.32,19.85,2274
316978213,55.9254458,37.8164449,transport_hub,150,Подлипки-Дачные,19.02,22.59,1113
316978214,55.9261494,37.8612364,transport_hub,150,Болшево,22.38,24.31,3595
316982596,55.9271205,37.9461788,transport_hub,150,Соколовская,17.4,28.01,8828
333159878,55.659739,37.7506688,transport_hub,150,Братиславская,32.18,13.56,1791
349930322,55.6772263,37.5060642,transport_hub,150,Проспект Вернадского,30.08,11.17,1412
375896139,55.7297909,37.3924879,transport_hub,150,Кунцево II,27.35,14.37,1174
387476712,55.6169234,37.6413666,parking,50,,6.75,15.52,1895
390942800,55.8206732,37.500458,parking,50,,7.71,10.27,867
442887410,55.7719367,37.6452079,parking,50,,9.45,2.5,535
448176561,55.6127031,37.7468598,transport_hub,150,Международный автовокзал Красногвардейский,26.32,17.86,4225
473887668,55.7784041,37.6567616,transport_hub,150,Москва-Пассажирская-Ярославская,31.94,3.52,696
480758048,55.708827,37.5413015,parking,50,,7.71,7.07,1263
481104122,55.628655,37.5993361,parking,50,,8.25,14.18,3220
482219272,55.6227255,37.6014313,parking,50,,8.25,14.83,2556
491643689,55.7522593,37.4402971,parking,50,,9.08,11.08,1665
496224887,55.7285067,37.4168081,parking,50,,5.77,12.91,642
500670315,55.7315854,37.4122182,parking,50,,7.01,13.12,785
502017420,55.7301413,37.412189,parking,50,,5.77,13.15,630
573884369,55.869428,37.6809896,parking,50,,7.01,13.25,707
583753125,55.6880278,37.4822534,parking,50,,9.08,11.33,1705
608594596,55.817886,37.3954833,parking,50,,5.74,15.49,710
608594600,55.8175307,37.40322,parking,50,,5.74,15.04,1160
610902787,55.7028908,37.5094344,parking,50,,6.35,8.96,680
612576221,55.8747671,37.5869875,parking,50,,8.25,13.36,1869
613063273,55.7721781,37.419698,parking,50,,8.25,12.5,3079
613102528,55.8728893,37.5902973,parking,50,,8.25,13.13,1892
614989034,55.7933127,37.3930017,parking,50,,8.25,14.64,1965
618285293,55.7387137,37.673738,parking,50,,8.19,4.01,513
620015444,55.7904357,37.4041845,parking,50,,8.25,13.87,2541
621098499,55.8420788,37.6441654,parking,50,,7.71,9.74,823
623256658,55.7469655,37.4194815,parking,50,,5.77,12.42,594
663153525,55.6526127,37.6111498,parking,50,,7.71,11.48,1278
687928779,55.6534057,37.5648305,parking,50,,9.08,11.85,2341
687978992,55.6512098,37.5632728,parking,50,,8.25,12.11,2550
690549778,55.8145299,37.5269566,transport_hub,150,Подмосковная,30.08,8.63,765
690981713,55.6556501,37.5713558,parking,50,,9.08,11.5,1941
690981714,55.6556804,37.5726111,parking,50,,9.08,11.48,1910
690981715,55.6546756,37.5750036,parking,50,,9.08,11.55,1974
721419475,55.7896078,37.379924,parking,50,,6.75,15.32,2305
730906357,55.8676774,37.6804719,parking,50,,5.77,13.05,538
747701907,55.8269431,37.478918,parking,50,,6.35,11.72,680
763018012,55.5674865,37.5617073,parking,50,,4.02,21.23,646
794161806,55.626306,37.7575558,parking,50,,6.75,16.87,5444
835080364,55.8072062,37.4090816,parking,50,,8.25,14.22,1613
854529313,55.7192879,37.7270312,parking,50,,7.71,7.98,1471
924267386,55.736207,37.4950728,parking,50,,7.71,7.95,957
924267399,55.7362709,37.4984158,parking,50,,7.71,7.75,949
928066679,55.6882003,37.6199308,parking,50,,7.71,7.52,988
933281153,55.7935817,37.6379157,parking,50,,8.19,4.39,596
957121363,55.7399356,37.4903532,parking,50,,6.35,8.14,672
968720421,55.7520906,37.574618,parking,50,,11.47,2.7,952
987493838,55.7774978,37.5788664,parking,50,,9.94,3.41,1036
988868832,55.9337694,37.549748,parking,50,,5.74,20.23,1924
1008331829,55.8606614,37.449383,parking,50,,5.74,15.69,1262
1041288821,55.7505629,37.4271162,parking,50,,7.71,11.92,1216
1045233835,55.754279,37.4305122,transport_hub,150,,35.39,11.69,1660
1058953545,55.8045874,37.6418005,parking,50,,7.51,5.64,520
1062135937,55.7627946,37.7460652,transport_hub,150,Лефортово,35.39,8.09,1840
1062480585,55.7242373,37.730944,transport_hub,150,Новопролетарская,30.08,7.93,872
1062487275,55.8031708,37.4954545,transport_hub,150,Серебряный Бор,30.08,9.26,1488
1080393367,55.5881326,37.650913,parking,50,,6.75,18.76,1690
1091528751,55.8934013,37.6009948,parking,50,,6.75,15.33,2166
1107544419,55.6643399,37.635778,parking,50,,7.71,10.24,776
1107544424,55.6651076,37.6343279,parking,50,,7.71,10.14,799
1133770353,55.9085071,37.7416465,parking,50,,5.74,18.67,936
1145722295,55.563735,37.7640438,transport_hub,150,Заводская,22.38,23.26,4137
1149233174,55.7727203,37.7066299,parking,50,,9.12,5.9,1332
1153161757,55.7557771,37.4473705,parking,50,,9.08,10.63,2182
1157464694,55.6472808,37.5973295,parking,50,,8.25,12.13,2328
1157975976,55.776702,37.583575,transport_hub,150,Белорусская,38.79,3.14,1201
1158396469,55.7761384,37.5840675,transport_hub,150,Белорусская,38.79,3.07,1192
1167209019,55.7721776,37.5564951,transport_hub,150,Москва-Товарная-Смоленская,38.79,4.22,727
1167658970,55.8979978,37.3505746,parking,50,,4.88,22.97,817
1184559786,55.8905593,37.5927288,parking,50,,6.75,15.06,2345
1200794170,55.6236459,37.6640384,parking,50,,8.25,14.98,3181
1203831278,55.7183196,37.567596,parking,50,,7.51,5.2,631
1215991974,55.8939239,37.7171971,parking,50,,5.74,16.58,1353
1219620861,55.6418311,37.7504074,transport_hub,150,Марьино (метро),26.32,15.17,3750
1221839292,55.6331469,37.5189769,transport_hub,150,Коньково,32.18,14.97,1804
1226417405,55.9020317,37.5859998,parking,50,,5.74,16.38,1058
1245064239,55.8426147,37.4981537,parking,50,,7.01,12.19,1006
1264506208,55.7269664,37.5581724,parking,50,,8.19,4.9,624
1265146340,55.7000984,37.428152,parking,50,,8.25,13.37,2636
1265146342,55.7012833,37.4263939,parking,50,,8.25,13.4,2499
1265146384,55.7005255,37.4261256,parking,50,,8.25,13.46,2524
1265146494,55.7006396,37.4240957,parking,50,,8.25,13.56,2405
1271026137,55.8029882,37.7842751,parking,50,,9.08,11.69,3436
1277731625,55.6046417,37.4264305,parking,50,,5.74,20.63,3564
1277731627,55.6070519,37.4478735,parking,50,,6.75,19.66,2275
1280215663,55.7345305,37.819594,parking,50,,8.25,12.88,2491
1281308550,55.6174024,37.842013,transport_hub,150,Дзержинский,22.38,20.86,5613
1296121854,55.7817199,37.7183872,parking,50,,9.12,6.95,794
1306231284,55.566394,37.5577292,parking,50,,4.88,21.39,901
1317104081,55.7907135,37.7905234,parking,50,,9.08,11.51,2868
1343566374,55.6094207,37.4476713,parking,50,,6.75,19.44,2366
1359966706,55.6132584,37.5381316,parking,50,,6.75,16.61,3683
1359966728,55.6135043,37.5381895,parking,50,,6.75,16.58,3696
1365205106,55.9047589,37.5854679,parking,50,,5.74,16.68,764
1419554964,55.806312,37.405808,parking,50,,7.01,14.37,1440
1446012323,55.9296509,37.7226596,parking,50,,5.74,20.42,3274
1447728943,55.8254284,37.5001697,parking,50,,7.71,10.66,956
1447728975,55.825471,37.5033599,parking,50,,7.71,10.52,781
1447729049,55.8259879,37.4992344,parking,50,,7.71,10.74,1035
1453791442,55.8099467,37.7678648,parking,50,,9.08,11.18,2880
1456150209,55.7766971,37.5428941,parking,50,,10.73,5.2,1698
1467468087,55.7936401,37.6434145,transport_hub,150,Николаевка,31.94,4.51,628
1482337494,55.6163923,37.7279449,parking,50,,6.75,16.98,4030
1527999919,55.6333039,37.7437524,transport_hub,150,Борисово,26.32,15.76,4754
1527999927,55.6122352,37.745179,transport_hub,150,Зябликово,26.32,17.86,4120
1527999934,55.6210274,37.7436392,transport_hub,150,Шипиловская,26.32,16.95,4901
1557351855,55.7040494,37.8342341,parking,50,,7.01,14.75,1409
1557351864,55.704356,37.8352652,parking,50,,7.01,14.8,1379
1557351866,55.7047749,37.833996,parking,50,,7.01,14.71,1470
1557351876,55.7049801,37.8348451,parking,50,,7.01,14.75,1443
1586933017,55.8556968,37.5851237,parking,50,,7.71,11.29,707
1606132501,55.8738197,37.4059528,parking,50,,6.75,18.62,1581
1621166450,55.7306862,37.4421772,parking,50,,7.71,11.31,959
1663143294,55.603123,37.5417533,parking,50,,6.75,17.63,3219
1677617766,55.7964858,37.6419353,parking,50,,9.94,4.78,914
1682902832,55.6902311,37.7900084,parking,50,,8.25,13.04,1525
1685948363,55.8075485,37.5710754,parking,50,,9.12,6.44,1298
1688940756,55.7729054,37.6508902,parking,50,,11.47,2.83,753
1690256864,55.7710493,37.6507622,parking,50,,9.45,2.69,562
1705951317,55.7290949,37.6410311,transport_hub,150,Москва-Пассажирская-Павелецкая,31.94,3.32,680
1721877401,55.8872217,37.6010603,parking,50,,8.25,14.65,2116
1722804154,55.8247404,37.5002316,parking,50,,7.71,10.6,924
1723621159,55.8726731,37.4635709,parking,50,,5.74,16.16,888
1730486352,55.7116962,37.5468169,transport_hub,150,Воробьёвы горы,35.55,6.6,868
1733868206,55.8315093,37.4667627,parking,50,,7.01,12.63,932
1739010998,55.6882526,37.6165376,parking,50,,7.71,7.51,833
1739011001,55.688631,37.6154875,parking,50,,7.71,7.47,758
1752901617,55.7925566,37.5173811,parking,50,,7.71,7.47,1402
1760860248,55.7418309,37.8666866,parking,50,,4.72,15.68,575
1765432660,55.6450246,37.3652435,parking,50,,5.74,20.03,5649
1805928322,55.8054231,37.5828559,parking,50,,9.12,5.92,1131
1820370386,55.9192123,37.7638392,parking,50,,5.74,20.34,2714
1824010960,55.86622,37.6525658,parking,50,,7.01,12.47,710
1830903159,55.729369,37.4196355,parking,50,,7.01,12.72,703
1835788263,55.813259,37.574292,parking,50,,7.51,6.93,640
1836711621,55.8668052,37.4937344,parking,50,,7.01,14.56,1457
1836711643,55.8671664,37.4928929,parking,50,,7.01,14.62,1397
1853309867,55.8173847,37.8262444,parking,50,,7.01,14.75,1309
1853957533,55.8807027,37.4515288,parking,50,,6.75,17.32,1940
1862966811,55.8667466,37.4440557,parking,50,,6.75,16.41,1506
1882931770,55.8974849,37.6323529,parking,50,,5.74,15.78,1129
1883897424,55.9101545,37.8096008,parking,50,,5.74,20.95,2564
1892859893,55.7673887,37.6695659,parking,50,,9.94,3.51,708
1905944725,55.7857803,37.8712246,parking,50,,4.72,16.23,524
1908039846,55.9102946,37.773893,parking,50,,6.75,19.77,2644
1908950049,55.8067541,37.5723559,parking,50,,9.12,6.32,1350
1911350871,55.8326948,37.5763592,parking,50,,6.35,8.93,676
1919738365,55.7028779,37.426108,parking,50,,8.25,13.34,2330
1975180053,55.6369458,37.5984585,mall,150,"Торгово-развлекательный центр ""Авентура""",34.65,13.27,3066
1985948187,55.8626438,37.6832905,transport_hub,150,Лосиноостровская,22.52,12.58,556
1987939218,55.6185151,37.6688476,transport_hub,150,Царицыно,26.32,15.6,2946
1988800418,55.6715844,37.7300731,transport_hub,150,Люблино-Сортировочное,35.39,11.73,1818
1994411890,55.882782,37.5677763,transport_hub,150,Бескудниково,27.35,14.45,793
1994411919,55.9045015,37.5382527,transport_hub,150,Марк,26.32,17.26,2638
1994527059,55.5903775,37.615322,transport_hub,150,Красный Строитель,22.38,18.39,1154
1994609655,55.68249,37.896703,transport_hub,150,Люберцы I,26.32,19.3,2233
1994609660,55.6726546,37.9333995,transport_hub,150,Люберцы II,22.38,21.85,2806
1994609746,55.7358077,37.7644261,transport_hub,150,Перово,24.77,9.47,619
1994637881,55.8936153,37.4536637,transport_hub,150,Химки,26.32,18.42,2473
1994650475,55.7440926,37.514551,transport_hub,150,Фили,35.55,6.56,711
1994682649,55.7397339,37.7953827,transport_hub,150,Кусково,35.39,11.29,1701
2001755305,55.8270524,37.4410998,transport_hub,150,Тушинская,27.35,13.57,707
2007252034,55.7925819,37.7722058,parking,50,,9.08,10.52,2229
2013335043,55.8097744,37.4114215,parking,50,,8.25,14.2,1724
2013335045,55.8100431,37.4114721,parking,50,,8.25,14.21,1727
2013335052,55.8106256,37.4040349,parking,50,,7.01,14.66,1263
2013335059,55.8108711,37.411717,parking,50,,8.25,14.24,1744
2013335078,55.81145,37.4108967,parking,50,,8.25,14.31,1696
2013335079,55.8117122,37.4117947,parking,50,,8.25,14.27,1755
2013335081,55.812136,37.4093532,parking,50,,8.25,14.43,1609
2013335082,55.8122015,37.4110522,parking,50,,8.25,14.34,1715
2013335083,55.8127141,37.3976514,parking,50,,5.74,15.12,907
2013335084,55.8131065,37.3968707,parking,50,,5.74,15.18,876
2013335091,55.8138495,37.3926508,parking,50,,4.72,15.46,683
2013335093,55.8168077,37.4043914,parking,50,,7.01,14.94,1258
2013335094,55.8171954,37.4028849,parking,50,,5.74,15.04,1155
2023211069,55.7175334,37.6433584,transport_hub,150,Дербеневская,38.79,4.56,839
2036670058,55.9225356,37.8153986,mall,150,,20.48,22.29,1342
2080924763,55.6327995,37.765935,transport_hub,150,Алма-Атинская,26.32,16.55,4745
2101832212,55.856143,37.3542024,transport_hub,150,Пятницкое шоссе,22.38,19.87,1303
2128666744,55.6409015,37.6154709,parking,50,,8.25,12.78,2143
2129823484,55.6411827,37.6105526,parking,50,,8.25,12.75,2251
2131279910,55.5812389,37.9123219,parking,50,,4.46,26.82,7973
2132103576,55.7175357,37.4141378,mall,150,Петровский,24.25,13.41,536
2137151132,55.7576312,37.8784376,parking,50,,4.72,16.34,651
2166561859,55.5890429,37.6738654,transport_hub,150,Обменная,26.32,18.88,2211
2206004950,55.7355288,37.5804595,parking,50,,9.94,3.22,1013
2285174726,55.6461086,37.7318144,parking,50,,8.25,14.15,3643
2293088125,55.8053065,37.567892,parking,50,,9.12,6.31,1385
2298658194,55.8010835,37.5662845,parking,50,,9.12,5.96,974
2304073287,55.763463,37.8627071,parking,50,,4.72,15.38,581
2332198624,55.7624002,37.866537,parking,50,,5.74,15.61,774
2402453787,55.6629114,37.87348,parking,50,,4.72,19.09,670
2424543802,55.7624612,37.8637925,parking,50,,4.72,15.44,608
2450293889,55.7290329,37.4167646,parking,50,,5.77,12.9,680
2523726558,55.8159477,37.8116341,parking,50,,8.25,13.87,1992
2525101862,55.685438,37.8562939,transport_hub,150,Жулебино,22.38,16.89,1254
2525101863,55.7016254,37.8519732,transport_hub,150,Лермонтовский проспект,18.43,15.88,562
2557816060,55.7850114,37.600895,parking,50,,9.94,3.41,827
2588512272,55.7330738,37.5925519,parking,50,,9.45,2.96,685
2591402980,55.6002393,37.5563789,transport_hub,150,Битцевский парк,26.32,17.71,2450
2607530482,55.8849506,37.4063639,parking,50,,5.74,19.49,901
2639576636,55.5598988,37.8715307,parking,50,,4.46,27.0,10555
2668349979,55.7461251,37.5505609,parking,50,,9.94,4.31,1114
2687590616,55.7763133,37.5803618,transport_hub,150,Москва-Пассажирская-Смоленская,38.79,3.25,1014
2687602339,55.7420034,37.5628449,transport_hub,150,Москва-Пассажирская-Киевская,31.94,3.74,522
2692857848,55.7877328,37.7816023,transport_hub,150,Измайловская,35.39,10.87,2691
2692882978,55.7947265,37.7993959,transport_hub,150,Первомайская,32.18,12.18,2816
2692905506,55.8093369,37.7985725,transport_hub,150,Щёлковская,32.18,12.8,2657
2699008011,55.8024495,37.6262201,transport_hub,150,Москва-Товарная,35.55,5.22,733
2702402319,55.6798441,37.6665268,mall,150,1000 вещей,32.4,8.99,865
2744559340,55.6850893,37.9346351,parking,50,,5.74,21.37,4019
2750740442,55.9260325,37.9135151,parking,50,,4.46,26.46,6814
2772190943,55.7081237,37.545246,transport_hub,150,Воробьёвы горы,35.55,6.96,1265
2820073811,55.7623741,37.6772288,parking,50,,9.94,3.82,742
2823459715,55.8345457,37.5636952,parking,50,,7.71,9.38,939
2847343537,55.8722099,37.488665,parking,50,,5.74,15.24,778
2847343551,55.8730623,37.4875299,parking,50,,4.72,15.35,661
2906313724,55.6583333,37.871037,parking,50,,5.74,19.24,1157
2922768846,55.7749163,37.5398108,parking,50,,10.73,5.29,1532
2922768851,55.7754666,37.5379865,parking,50,,9.12,5.42,1448
2922768854,55.7756877,37.538861,parking,50,,10.73,5.38,1508
2928253743,55.7847837,37.5135917,parking,50,,7.71,7.24,1098
2946110389,55.7118499,37.8576694,parking,50,,6.75,15.82,1730
2950850833,55.7365232,37.518219,transport_hub,150,Парк Победы,29.28,6.56,635
2988588536,55.7780712,37.5112974,parking,50,,7.71,7.08,924
2995761894,55.8720481,37.4883082,parking,50,,5.74,15.23,783
2995774120,55.8733919,37.4844884,parking,50,,4.72,15.49,556
2995898649,55.8709518,37.4979023,parking,50,,7.01,14.82,1265
2995898655,55.8735653,37.4852045,parking,50,,4.72,15.48,550
2997225941,55.873413,37.4932138,parking,50,,5.74,15.2,866
2998106917,55.6586217,37.598343,parking,50,,9.08,10.87,1773
3003747245,55.7556427,37.4595032,parking,50,,9.08,9.87,1929
3010877681,55.8745446,37.4517135,parking,50,,5.74,16.77,1463
3037110910,55.6310295,37.6044089,parking,50,,8.25,13.9,3430
3037886048,55.8273122,37.8982616,parking,50,,6.75,19.28,4107
3037886049,55.8274716,37.9012286,parking,50,,6.75,19.46,4278
3049021695,55.6303998,37.6060657,parking,50,,8.25,13.96,3418
3050885196,55.7543037,37.7568567,parking,50,,9.08,8.73,1651
3050885223,55.7549352,37.7563981,parking,50,,9.08,8.7,1726
3052211837,55.7919159,37.6289774,parking,50,,8.19,4.08,586
3058911918,55.839644,37.6668443,transport_hub,150,Ростокино,30.08,9.82,745
3059808405,55.6336257,37.607848,parking,50,,8.25,13.6,3076
3113652104,55.6788314,37.894348,parking,50,,6.75,19.35,1857
3125484482,55.6871185,37.6619345,parking,50,,7.71,8.13,738
3129212862,55.7051063,37.7143067,transport_hub,150,Москва-Южный Порт,35.39,8.29,1607
3160952315,55.6239532,37.6320777,transport_hub,150,Чертаново,32.18,14.69,2636
3213664972,55.7662017,37.7309433,parking,50,,9.08,7.2,1807
3226027966,55.7000117,37.767545,parking,50,,7.71,11.27,701
3226428878,55.7491138,37.5391788,transport_hub,150,Деловой центр,31.94,4.94,613
3392234137,55.8217045,37.5297516,parking,50,,7.71,9.15,975
3398793639,55.8706212,37.5845868,parking,50,,7.01,12.93,1459
3462458394,55.887476,37.5508073,parking,50,,5.74,15.22,1098
3481653051,55.7957292,37.5413258,parking,50,,9.12,6.5,1400
3486366029,55.8010735,37.4006937,parking,50,,7.01,14.45,1464
3486366039,55.8028515,37.4036235,parking,50,,7.01,14.35,1483
3558424830,55.8025047,37.5449274,parking,50,,9.12,6.89,1043
3558424847,55.8028382,37.5438192,parking,50,,9.12,6.96,966
3558424854,55.8030441,37.5431003,parking,50,,7.71,7.01,916
3558424862,55.8032035,37.5440689,parking,50,,9.12,6.98,954
3558424865,55.8034501,37.5431392,parking,50,,7.71,7.04,891
3558438689,55.7996657,37.5458687,parking,50,,9.12,6.61,1299
3558439097,55.8004232,37.5477678,parking,50,,9.12,6.6,1295
3558439101,55.8006143,37.5474609,parking,50,,9.12,6.63,1299
3558439106,55.8007538,37.5467275,parking,50,,9.12,6.67,1254
3558464635,55.8005671,37.5448448,parking,50,,9.12,6.73,1182
3561738093,55.7576426,37.8619721,parking,50,,4.72,15.31,572
3570136536,55.8503475,37.500595,parking,50,,7.01,12.8,1340
3604728689,55.7308786,37.5976563,transport_hub,150,"Причал Флотилии ""Рэдисон Ройал""",38.79,3.03,799
3608481074,55.587398,37.9176148,transport_hub,150,Заводская,17.4,26.56,7316
3608481075,55.6575606,37.8908294,transport_hub,150,Разъезд 2 километр,19.02,20.32,1070
3609204449,55.7411038,37.7330367,transport_hub,150,Андроновка,30.08,7.43,1063
3625226778,55.6738379,37.9028611,transport_hub,150,Мальчики,22.38,20.07,2092
3663333810,55.7175161,37.6302953,parking,50,,8.19,4.33,550
3665113037,55.79995,37.581608,parking,50,,7.51,5.39,518
3696761797,55.6873198,37.8759403,parking,50,,6.75,17.9,1671
3696761798,55.6876767,37.8759696,parking,50,,6.75,17.88,1706
3706404506,55.7220504,37.624016,parking,50,,8.19,3.78,573
3706419900,55.7224852,37.6233576,parking,50,,8.19,3.72,553
3707543824,55.8080195,37.4005994,parking,50,,7.01,14.74,1076
3718351097,55.7016527,37.6180457,parking,50,,9.12,6.02,906
3720466881,55.7171003,37.6300102,parking,50,,8.19,4.38,512
3728095605,55.6769584,37.8815244,parking,50,,5.74,18.73,1137
3761316057,55.8043687,37.4068159,parking,50,,8.25,14.23,1576
3777454940,55.6957397,37.8934066,parking,50,,6.75,18.53,2203
3777454941,55.6961117,37.8935081,parking,50,,6.75,18.53,2164
3790218285,55.6708299,37.8953918,parking,50,,6.75,19.82,1563
3798455131,55.718815,37.6292989,parking,50,,8.19,4.18,672
3798455557,55.7170444,37.6284621,parking,50,,8.19,4.37,549
3877167017,55.8211767,37.8264498,mall,150,Волна,34.65,14.96,1626
3878594306,55.8014119,37.4138203,parking,50,,8.25,13.7,2114
3938633873,55.8210435,37.6498255,parking,50,,7.71,7.53,836
3943961770,55.6329538,37.4415854,transport_hub,150,Румянцево,26.32,17.55,2280
3948918563,55.5811918,37.9118807,parking,50,,4.46,26.8,7977
3948919257,55.578011,37.910325,parking,50,,4.46,26.99,8326
3949877918,55.711883,37.8982374,parking,50,,5.74,18.25,834
3961161543,55.8713476,37.4984119,parking,50,,7.01,14.84,1263
3961161544,55.8704657,37.4975295,parking,50,,7.01,14.78,1283
3964783444,55.8703322,37.4896338,parking,50,,5.74,15.03,990
3965220762,55.5748729,37.818625,parking,50,,5.74,23.75,7071
3978905064,55.9135518,37.7613147,parking,50,,6.75,19.71,2161
3997520940,55.6177805,37.5929236,parking,50,,6.75,15.42,2087
3997648031,55.5964124,37.5899485,parking,50,,4.72,17.81,696
3998135754,55.6359309,37.5959227,parking,50,,8.25,13.4,3254
4002820278,55.7889237,37.6001961,parking,50,,8.19,3.84,568
4004808382,55.6169525,37.6050235,parking,50,,6.75,15.46,1923
4006225428,55.621922,37.4241868,transport_hub,150,Саларьево,26.32,19.19,3916
4008786262,55.6765129,37.8858501,parking,50,,5.74,18.99,1282
4018240150,55.6089837,37.5966558,parking,50,,5.74,16.38,1083
4018240152,55.6088468,37.5946664,parking,50,,5.74,16.4,1115
4018240583,55.608474,37.5951527,parking,50,,5.74,16.44,1065
4023243101,55.6170476,37.5922782,parking,50,,6.75,15.51,2021
4027843936,55.6244886,37.5899557,parking,50,,8.25,14.7,2856
4036217593,55.6292509,37.5922262,parking,50,,8.25,14.16,3340
4041951973,55.6164614,37.6072401,parking,50,,6.75,15.51,1887
4044589780,55.6130235,37.5959043,parking,50,,6.75,15.93,1527
4053485713,55.6162497,37.5809529,parking,50,,6.75,15.68,2266
4059370481,55.6753945,37.6652999,parking,50,,7.71,9.43,1342
4064714610,55.6196549,37.6061887,parking,50,,6.75,15.15,2229
4071741215,55.8224223,37.5001813,parking,50,,7.71,10.42,874
4071741218,55.8267863,37.5113988,parking,50,,6.35,10.3,566
4124617223,55.8573358,37.4947456,parking,50,,8.25,13.64,1667
4127327297,55.6309094,37.5979819,parking,50,,8.25,13.94,3476
4157095816,55.7475188,37.7640618,parking,50,,7.71,9.23,779
4178004733,55.6404189,37.5966677,parking,50,,8.25,12.89,2848
4198288297,55.6763483,37.8779755,parking,50,,5.74,18.56,960
4211548949,55.5728976,37.5736875,parking,50,,4.02,20.52,635
4231402123,55.7000111,37.8968331,parking,50,,6.75,18.57,1808
4254159213,55.632869,37.6585944,parking,50,,8.25,13.91,2376
4256000685,55.7942769,37.768155,parking,50,,9.08,10.36,2073
4301992558,55.6498636,37.5354133,parking,50,,8.25,12.85,2225
4302010091,55.6495162,37.5343162,parking,50,,8.25,12.91,2211
4309763433,55.6480367,37.5388257,parking,50,,8.25,12.95,2499
4331488240,55.7782927,37.6887971,parking,50,,9.12,5.12,963
4362600686,55.7327897,37.5695206,parking,50,,8.19,3.94,543
4366001254,55.8800253,37.6121431,transport_hub,150,Медведково,27.35,13.82,1437
4375793533,55.7589041,37.7460379,transport_hub,150,Шоссе Энтузиастов,35.39,8.06,1532
4375823880,55.6142569,37.7510888,parking,50,,6.75,17.83,4523
4379061167,55.7470515,37.7377294,transport_hub,150,Андроновка,30.08,7.6,739
4379061170,55.6901311,37.6188659,transport_hub,150,Верхние Котлы,30.08,7.3,807
4379061172,55.7475564,37.5320101,transport_hub,150,Москва-Сити,29.28,5.42,519
4379061173,55.7884942,37.5043625,transport_hub,150,Зорге,24.77,7.94,572
4379061174,55.7897913,37.743213,transport_hub,150,Измайлово,24.77,8.74,535
4379061176,55.8396193,37.5201074,transport_hub,150,Коптево,35.39,11.13,2001
4379061179,55.8471565,37.5514638,transport_hub,150,Лихоборы,35.39,10.96,1831
4379061181,55.7206173,37.5613109,transport_hub,150,Лужники,29.28,5.25,521
4379061183,55.8489281,37.5711327,transport_hub,150,Окружная,30.08,10.75,965
4379061184,55.7990098,37.4990272,transport_hub,150,Панфиловская,30.08,8.82,1049
4379061187,55.7713304,37.7450661,transport_hub,150,Соколиная Гора,35.39,8.18,1646
4379061188,55.8137004,37.4869799,transport_hub,150,Стрешнево,30.08,10.38,1475
4379061589,55.7184497,37.6977066,transport_hub,150,Угрешская,35.55,6.53,824
4379061590,55.7573064,37.525668,transport_hub,150,Шелепиха,29.28,5.74,647
4397879996,55.8293089,37.7024844,transport_hub,150,Белокаменная,30.08,9.76,1457
4404057364,55.822916,37.5876371,transport_hub,150,Фонвизинская,30.08,7.69,728
4409542907,55.825887,37.4964047,transport_hub,150,Балтийская,30.08,10.86,1193
4418228583,55.8427156,37.6569202,transport_hub,150,Ростокино,24.77,9.98,593
4451591001,55.6825397,37.6629289,mall,150,Торгово-развлекательный центр «Нора»,32.4,8.63,804
4472814890,55.8189229,37.5041313,parking,50,,7.71,9.97,710
4475638484,55.6465824,37.8505738,parking,50,,6.75,19.0,2770
4486041716,55.8040926,37.7813336,parking,50,,9.08,11.58,3359
4486635765,55.6728709,37.8750973,parking,50,,4.72,18.6,534
4491192232,55.8031506,37.5125012,parking,50,,6.35,8.41,574
4503744700,55.6804291,37.8607563,parking,50,,4.72,17.4,652
4518987243,55.685557,37.8780856,parking,50,,6.75,18.1,1592
4523602060,55.6488445,37.7349513,parking,50,,8.25,13.99,3283
4523602061,55.649173,37.734911,parking,50,,8.25,13.96,3251
4564863052,55.9113844,37.6281467,parking,50,,6.75,17.31,2500
4616194080,55.678203,37.902856,parking,50,,6.75,19.86,2272
4616194083,55.6780231,37.9018529,parking,50,,6.75,19.81,2207
4616199402,55.6779973,37.9011957,parking,50,,6.75,19.77,2169
4638305161,55.6777338,37.6200342,parking,50,,7.71,8.68,814
4648934098,55.749296,37.7708822,parking,50,,7.71,9.64,944
4730792558,55.7609509,37.7452784,parking,50,,9.08,8.03,1654
4737155708,55.7247884,37.4968443,transport_hub,150,Минская,35.39,8.29,2092
4737155709,55.7071424,37.5162362,transport_hub,150,Ломоносовский проспект,30.08,8.33,717
4739808708,55.8170453,37.7373556,transport_hub,150,Бульвар Рокоссовского,30.08,10.14,903
4741669520,55.6580476,37.593444,parking,50,,9.08,10.97,1681
4743070197,55.6643109,37.5893779,parking,50,,7.71,10.32,942
4764178778,55.7593706,37.8626058,parking,50,,4.72,15.35,554
4787634306,55.701168,37.8997433,parking,50,,6.75,18.7,1769
4826742735,55.8547141,37.638951,parking,50,,6.35,11.08,630
4826742742,55.8551127,37.6393259,parking,50,,6.35,11.13,664
4826742761,55.8551905,37.6384529,parking,50,,6.35,11.13,691
4826742774,55.8542627,37.639064,parking,50,,6.35,11.03,581
4833096162,55.7771437,37.507379,transport_hub,150,Хорошёво,30.08,7.27,955
4833122335,55.8041325,37.7460075,transport_hub,150,Локомотив,35.39,9.68,1948
4833126188,55.7321929,37.7281427,transport_hub,150,Нижегородская,24.77,7.42,645
4833132227,55.7241462,37.7168875,transport_hub,150,Новохохловская,35.39,7.16,1533
4833137665,55.697877,37.6475538,transport_hub,150,ЗИЛ,29.28,6.71,526
4839689290,55.6867251,37.8723878,parking,50,,6.75,17.73,1505
4839806238,55.8560636,37.6389748,parking,50,,7.71,11.23,771
4839806255,55.8548328,37.6442578,parking,50,,6.35,11.14,611
4841784750,55.8004659,37.5297685,parking,50,,7.71,7.39,864
4841784751,55.8005187,37.5296022,parking,50,,7.71,7.4,860
4847996860,55.8133726,37.6025285,transport_hub,150,Бутырская,41.83,6.47,1533
4853997646,55.894837,37.5353989,parking,50,,6.75,16.28,1707
4924592162,55.7375322,37.700723,parking,50,,9.12,5.6,808
4944224448,55.9129669,37.7568021,parking,50,,6.75,19.53,1908
4944224449,55.9129213,37.7569154,parking,50,,6.75,19.53,1910
4948000540,55.6530886,37.8224087,mall,150,"Свадебная галерея ""Салют""",28.35,17.19,2653
4952235332,55.6827199,37.8860197,parking,50,,6.75,18.69,1770
4979560751,55.742357,37.8346015,parking,50,,7.01,13.68,1386
5015215284,55.8071433,37.5472526,parking,50,,7.71,7.2,984
5039053510,55.8817288,37.5367371,parking,50,,5.77,14.88,560
5045040306,55.723663,37.9106227,parking,50,,6.75,18.71,1798
5045528640,55.8163021,37.8476918,parking,50,,5.74,15.9,903
5057521118,55.8914296,37.5417279,parking,50,,6.75,15.8,1654
5075620891,55.7943095,37.6578482,parking,50,,9.94,4.98,1301
5084235396,55.6568968,37.4740629,parking,50,,5.77,14.19,691
5146789471,55.9101279,37.747314,parking,50,,5.74,18.98,1278
5146789472,55.9097491,37.7463028,parking,50,,5.74,18.92,1206
5146789476,55.9132262,37.7511871,parking,50,,6.75,19.4,1698
5149731782,55.9142659,37.754006,parking,50,,6.75,19.58,1897
5151510960,55.8891,37.444,parking,50,,6.75,18.35,2346
5176248502,55.7306795,37.4460224,transport_hub,150,Кунцевская,30.08,11.08,1114
5202107560,55.8183044,37.4357519,transport_hub,150,Спартак,27.35,13.31,1314
5202107564,55.8037017,37.4030833,transport_hub,150,Строгино,27.35,14.42,1404
5202107568,55.8355134,37.3822424,transport_hub,150,Волоколамская,22.38,17.16,732
5257134582,55.6586875,37.8843447,parking,50,,5.74,19.91,1406
5299606129,55.9106478,37.7324089,parking,50,,5.74,18.66,1083
5322312582,55.8129207,37.5745846,parking,50,,7.51,6.89,664
5395265488,55.8911053,37.6786322,parking,50,,5.74,15.53,1017
5436404611,55.7766946,37.5191367,transport_hub,150,Хорошёвская,35.55,6.57,723
5436420781,55.786561,37.5332007,transport_hub,150,ЦСКА,41.83,6.27,1977
5452183434,55.7626798,37.8631811,parking,50,,4.72,15.4,577
5452183435,55.7627371,37.8629504,parking,50,,4.72,15.39,565
5465721994,55.7864082,37.6141492,parking,50,,8.19,3.41,565
5482245444,55.8666119,37.5471803,transport_hub,150,Селигерская,27.35,13.08,1270
5482407019,55.8561131,37.5613445,transport_hub,150,Верхние Лихоборы,30.08,11.69,720
5482410676,55.8460256,37.5738294,transport_hub,150,Окружная,24.77,10.39,681
5514546043,55.8418714,37.520232,parking,50,,9.08,11.33,2247
5518145137,55.8951094,37.4519344,parking,50,,6.75,18.62,2368
5518209863,55.92119,37.4101068,parking,50,,4.88,22.48,938
5519944807,55.9218032,37.4118018,parking,50,,4.88,22.48,1027
5524954500,55.8433885,37.4984189,parking,50,,7.01,12.25,1012
5527911546,55.8458036,37.5213962,parking,50,,9.08,11.67,1808
5528702421,55.849085,37.5206026,parking,50,,7.01,12.0,1444
5558904123,55.8969786,37.4585886,parking,50,,6.75,18.57,2556
5558904124,55.8978148,37.4571777,parking,50,,6.75,18.69,2571
5558904125,55.8964402,37.4591036,parking,50,,6.75,18.5,2489
5558904126,55.8979591,37.4561424,parking,50,,6.75,18.74,2504
5558904127,55.8974869,37.458036,parking,50,,6.75,18.63,2622
5564080908,55.8994437,37.4538649,parking,50,,6.75,18.96,2326
5629359274,55.8865708,37.4588414,transport_hub,150,Химки,26.32,17.59,1733
5677538331,55.8952682,37.4360864,parking,50,,6.75,19.2,1517
5677855724,55.8939074,37.4313467,parking,50,,5.74,19.25,1422
5693370611,55.5565312,37.6986918,parking,50,,5.74,22.74,2895
5701917181,55.898484,37.425643,parking,50,,5.74,19.87,802
5701917192,55.8986329,37.4254955,parking,50,,5.74,19.89,784
5715689437,55.7227099,37.4663052,parking,50,,9.08,10.14,2304
5718570671,55.8126344,37.7036566,parking,50,,7.71,8.31,803
5782013493,55.7543309,37.8177121,parking,50,,8.25,12.54,1721
5809532015,55.6360057,37.6713417,parking,50,,8.25,13.74,2482
5845977441,55.8826229,37.417343,parking,50,,6.75,18.84,1541
5845986436,55.8816285,37.4185554,parking,50,,6.75,18.71,1672
5859660624,55.592027,37.3645643,mall,150,Итал квартал,24.1,24.14,7522
5868120884,55.6893341,37.4828443,transport_hub,150,Мичуринский проспект,35.39,11.2,1585
5868122985,55.6705052,37.4487297,transport_hub,150,Озёрная,32.18,14.19,2342
5868122986,55.639625,37.3551039,transport_hub,150,Новопеределкино,22.38,20.9,6368
5868122988,55.6477505,37.3704228,transport_hub,150,Боровское шоссе,26.32,19.59,5303
5868122989,55.649569,37.3911002,transport_hub,150,Солнцево,26.32,18.45,4888
5868122990,55.6595519,37.417239,transport_hub,150,Говорово,26.32,16.48,3545
5902764211,55.8854885,37.4050598,parking,50,,5.74,19.59,810
5913227417,55.7930502,37.8188843,parking,50,,8.25,13.27,1912
5913227418,55.793103,37.8195521,parking,50,,8.25,13.31,1887
5940393407,55.7054217,37.4544617,parking,50,,9.08,11.63,3146
5943115246,55.8069739,37.7066311,parking,50,,7.71,7.97,1247
5943115281,55.8047829,37.7148092,parking,50,,7.71,8.18,1097
5951450658,55.6780956,37.5325222,mall,150,Дом быта,32.4,10.14,1008
5988989651,55.733367,37.7298182,transport_hub,150,Нижегородская,24.77,7.47,590
6004450438,55.89734,37.6053773,parking,50,,6.75,15.76,1908
6004450439,55.8973229,37.6073243,parking,50,,6.75,15.75,1981
6019366448,55.8731613,37.6297054,parking,50,,7.01,13.07,1186
6025045180,55.6874875,37.9168857,parking,50,,5.74,20.24,3566
6164603643,55.6783656,37.6446964,parking,50,,7.71,8.78,750
6175688673,55.7071859,37.8218661,parking,50,,8.25,13.9,1780
6175688748,55.7081259,37.8196774,parking,50,,8.25,13.74,1611
6186671035,55.5784453,37.9104119,parking,50,,4.46,26.96,8278
6387807927,55.8074811,37.8184497,parking,50,,7.01,13.83,1425
6387807930,55.8639261,37.4453115,parking,50,,5.74,16.13,1422
6387807934,55.8650269,37.4437919,parking,50,,6.75,16.28,1511
6407807728,55.819854,37.7551905,parking,50,,9.08,11.18,2055
6414220288,55.7009171,37.9400485,parking,50,,5.74,21.11,3724
6425123924,55.6498349,37.70139,transport_hub,150,Курьяново,32.18,12.91,3519
6434635722,55.7971802,37.5340028,parking,50,,9.12,6.95,1231
6452308572,55.6572454,37.384817,transport_hub,150,Солнечная,26.32,18.23,4165
6452937575,55.8196059,37.8726504,parking,50,,6.75,17.47,2293
6453276366,55.6836351,37.4514951,transport_hub,150,Очаково I,32.18,13.12,2946
6475136048,55.6852099,37.9146924,parking,50,,5.74,20.21,3309
6475149105,55.6862186,37.9231726,parking,50,,5.74,20.66,3819
6475149106,55.685514,37.9267077,parking,50,,5.74,20.89,3865
6475149107,55.6848034,37.9267721,parking,50,,5.74,20.93,3792
6475149108,55.6841441,37.9277806,parking,50,,5.74,21.01,3746
6475149109,55.6858739,37.9277484,parking,50,,5.74,20.94,3925
6475149115,55.6863819,37.9271798,parking,50,,5.74,20.89,3965
6475151102,55.6828255,37.9183124,parking,50,,5.74,20.52,3369
6475151104,55.68363,37.915657,parking,50,,5.74,20.34,3267
6475151105,55.6833699,37.914214,parking,50,,5.74,20.26,3174
6475151106,55.6842257,37.9163973,parking,50,,5.74,20.35,3340
6475151107,55.6825987,37.9169069,parking,50,,5.74,20.45,3279
6475151108,55.6843044,37.9156892,parking,50,,5.74,20.31,3307
6487827528,55.7626472,37.5853892,parking,50,,9.45,2.14,591
6495466480,55.6608589,37.8700587,parking,50,,5.74,19.03,877
6508685291,55.6821733,37.921612,parking,50,,5.74,20.74,3411
6518539849,55.7034168,37.8510317,transport_hub,150,Косино,22.38,15.75,765
6518539850,55.7101029,37.8802008,transport_hub,150,Улица Дмитриевского,18.43,17.23,675
6518539851,55.70851,37.9010164,transport_hub,150,Лухмановская,22.38,18.53,1183
6518539852,55.7028909,37.9281784,transport_hub,150,Некрасовка,22.38,20.34,2959
6558650397,55.7487122,37.7755883,parking,50,,7.71,9.94,978
6560279948,55.5605675,37.4680062,transport_hub,150,Новомосковская,22.38,23.64,4704
6560279949,55.568621,37.4593593,transport_hub,150,Ольховая,22.38,23.05,3999
6560279950,55.5862179,37.4338591,transport_hub,150,Прокшино,22.38,22.09,3551
6560279951,55.6015282,37.4074265,transport_hub,150,Филатов Луг,22.38,21.62,4747
6603869387,55.9205006,37.8147792,parking,50,,5.74,22.08,1528
6609035891,55.7325549,37.6745626,parking,50,,9.94,4.42,928
6640030369,55.7630512,37.7202728,parking,50,,10.73,6.49,1505
6814288275,55.8553683,37.4731059,parking,50,,7.01,14.27,1126
6827971396,55.8896691,37.5342965,parking,50,,5.74,15.76,1337
6939665011,55.7565949,37.4081393,transport_hub,150,Крылатское,32.18,13.09,1527
6969981245,55.6099559,37.7533581,parking,50,,6.75,18.32,4253
7112023111,55.5987959,37.72531,mall,150,"Торговый центр ""Ясный""",28.35,18.73,2183
7126057124,55.7901444,37.3804167,mall,150,"Бизнес-центр ""Зенит-Плаза""",28.35,15.3,2242
7176783315,55.6280141,37.4332094,parking,50,,6.75,18.3,3039
7198745615,55.8404657,37.4538906,parking,50,,7.01,13.89,1484
7253160537,55.6665157,37.8546869,parking,50,,5.74,17.88,1001
7294335695,55.678274,37.8841263,parking,50,,5.74,18.8,1352
7335523472,55.7270183,37.7532484,transport_hub,150,Стахановская,30.08,9.09,1038
7339988431,55.7050362,37.8189764,transport_hub,150,Юго-Восточная,32.18,13.83,1751
7340764979,55.7647338,37.7067382,transport_hub,150,Лефортово,41.83,5.68,1801
7340764980,55.7539271,37.718992,transport_hub,150,Авиамоторная,29.28,6.37,669
7340764981,55.7319234,37.7299863,transport_hub,150,Нижегородская,24.77,7.54,526
7347341121,55.7266238,37.4823063,parking,50,,9.08,9.05,1742
7357073673,55.7961579,37.6451603,parking,50,,9.94,4.81,928
7629620468,55.6994016,37.7684707,parking,50,,6.35,11.35,675
7629620469,55.7000445,37.7689408,parking,50,,6.35,11.34,618
7629620470,55.6983115,37.7689495,parking,50,,7.71,11.45,714
7647248988,55.7613,37.4586,parking,50,,9.08,9.95,2478
7792608524,55.6999939,37.8058658,parking,50,,8.25,13.34,1708
7814926932,55.6639387,37.5648609,parking,50,,7.71,10.73,1426
7814956970,55.6638691,37.5646248,parking,50,,7.71,10.74,1442
7850833303,55.7019269,37.8232489,parking,50,,8.25,14.22,1921
7866530998,55.8042509,37.9360639,parking,50,,4.88,20.65,1304
7880484672,55.8140605,37.6632672,parking,50,,7.71,7.09,1139
7951211000,55.6119769,37.6045736,parking,50,,5.74,16.01,1370
7960968112,55.6061607,37.6261501,parking,50,,5.74,16.65,849
7978341447,55.820934,37.8247583,parking,50,,8.25,14.86,1667
7978353291,55.8258829,37.8219581,parking,50,,8.25,14.98,2218
7978353312,55.8214757,37.8271481,parking,50,,6.75,15.02,1630
7978353313,55.8217635,37.8271776,parking,50,,6.75,15.03,1656
7978353326,55.8215684,37.8304701,parking,50,,6.75,15.2,1539
7978651960,55.8182676,37.8253216,parking,50,,7.01,14.74,1419
7978651962,55.8173469,37.8287065,parking,50,,7.01,14.88,1201
7986076165,55.8111095,37.8022874,transport_hub,150,Автовокзал «Центральный»,32.18,13.1,2435
7997539363,55.8186097,37.8183612,parking,50,,8.25,14.38,1772
8007476488,55.8199147,37.818372,parking,50,,8.25,14.45,1862
8018150603,55.812972,37.5980365,parking,50,,9.12,6.47,1293
8042846360,55.8298443,37.9157803,parking,50,,5.74,20.39,4420
8069072538,55.7928897,37.5524497,parking,50,,7.51,5.78,660
8071406390,55.5850144,37.894439,parking,50,,4.46,25.74,7575
8078716439,55.8142666,37.763164,parking,50,,9.08,11.2,2515
8078716440,55.8141731,37.762928,parking,50,,9.08,11.18,2501
8078716441,55.8139757,37.7624747,parking,50,,9.08,11.15,2475
8078716481,55.8165226,37.7819931,parking,50,,8.25,12.31,3685
8078716510,55.8250934,37.7500239,parking,50,,9.08,11.32,1969
8078716511,55.8251657,37.7514079,parking,50,,9.08,11.39,2047
8078716512,55.8265247,37.7531782,parking,50,,9.08,11.58,2220
8078716513,55.8265284,37.7525063,parking,50,,9.08,11.55,2184
8078716514,55.8263544,37.7524392,parking,50,,9.08,11.53,2170
8078716515,55.8261932,37.7522287,parking,50,,9.08,11.51,2150
8078716516,55.8263145,37.7522045,parking,50,,9.08,11.52,2156
8085744101,55.7826248,37.5766379,parking,50,,9.94,3.92,911
8108127560,55.8079801,37.8253309,parking,50,,7.01,14.24,992
8120465883,55.8968938,37.7780729,parking,50,,6.75,18.63,2734
8121275576,55.835387,37.5433758,parking,50,,9.08,9.98,2115
8123511328,55.8824921,37.9258132,parking,50,,5.74,23.87,9405
8148301473,55.8064742,37.7059552,parking,50,,7.71,7.9,1313
8149333001,55.8134844,37.6952451,parking,50,,7.71,8.06,1199
8149333002,55.8136095,37.6955321,parking,50,,7.71,8.08,1177
8149333983,55.8092047,37.7041259,parking,50,,7.71,8.05,1086
8210279547,55.7743245,37.6807143,parking,50,,8.19,4.47,528
8219367188,55.7777738,37.6816168,parking,50,,8.19,4.71,615
8238451578,55.7277581,37.6435134,parking,50,,8.19,3.52,686
8244655533,55.8085332,37.5856689,parking,50,,9.12,6.19,1141
8244655539,55.8081519,37.5864816,parking,50,,9.12,6.13,1199
8244655540,55.8082062,37.5885174,parking,50,,9.12,6.1,1245
8254943585,55.8147579,37.6067832,parking,50,,10.73,6.59,1744
8268702705,55.7802845,37.7029935,transport_hub,150,Электрозаводская,29.28,6.01,547
8308208319,55.7804596,37.6635066,parking,50,,9.94,3.98,778
8431854745,55.8390651,37.4773854,parking,50,,5.77,12.74,636
8473641164,55.7590414,37.7330884,parking,50,,7.71,7.25,1061
8540724129,55.8302048,37.7000597,transport_hub,150,Белокаменная,35.39,9.76,1616
8551829155,55.7282829,37.5123234,transport_hub,150,Москва-Сортировочная-Киевская,35.39,7.25,1607
8581944518,55.7757351,37.4857311,transport_hub,150,Народное Ополчение,30.08,8.52,1166
8581944519,55.7611845,37.471405,transport_hub,150,Мнёвники,35.39,9.15,2166
8590456392,55.7772488,37.5527233,parking,50,,9.94,4.69,1198
8617244917,55.7183422,37.4579215,parking,50,,9.08,10.81,2649
8690911180,55.7738116,37.7035975,parking,50,,9.12,5.76,1228
8751976010,55.8501101,37.7016489,parking,50,,9.08,11.74,1665
8762127153,55.6231384,37.6595399,parking,50,,8.25,14.99,2978
8765785094,55.7990278,37.822567,parking,50,,8.25,13.71,1607
8777712685,55.6952979,37.891574,parking,50,,6.75,18.45,2231
8777778149,55.6956335,37.8906915,parking,50,,6.75,18.38,2186
8790181029,55.8035942,37.7472499,parking,50,,9.08,9.71,2045
8794750914,55.685973,37.8650571,parking,50,,5.74,17.35,1282
8807398318,55.7182866,37.4400823,parking,50,,9.08,11.85,1907
8843432170,55.6943103,37.8010528,parking,50,,8.25,13.38,1686
8855525526,55.7818113,37.7137859,parking,50,,7.51,6.69,539
8865344755,55.5792214,37.6580614,mall,150,ТЦ Бирюлево,28.35,19.8,2376
8992937999,55.698016,37.4696956,transport_hub,150,Аминьевская,35.39,11.26,2082
9025450196,55.6956027,37.8916369,parking,50,,6.75,18.44,2198
9130246704,55.8227022,37.6662733,parking,50,,9.08,8.04,1769
9171543182,55.8266,37.7132025,parking,50,,7.71,9.9,1000
9175929515,55.7842628,37.6587336,parking,50,,9.94,4.09,1102
9211793875,55.8298127,37.7618739,parking,50,,8.25,12.22,2874
9215313199,55.8035854,37.8349103,parking,50,,7.01,14.61,720
9315693017,55.6557778,37.5735524,transport_hub,150,Зюзино,35.39,11.45,1881
9315693019,55.6588351,37.5394795,transport_hub,150,Воронцовская,30.08,11.83,1299
9315693022,55.6700672,37.5217748,transport_hub,150,Новаторская,30.08,11.26,820
9315693025,55.6784309,37.503929,transport_hub,150,Проспект Вернадского,35.39,11.16,1580
9315693028,55.6882968,37.4851908,transport_hub,150,Мичуринский проспект,35.39,11.17,1549
9315693031,55.6971748,37.4649703,transport_hub,150,Аминьевская,35.39,11.55,2380
9315693034,55.7151436,37.4517426,transport_hub,150,Давыдково,35.39,11.31,2701
9315693037,55.7288677,37.4459847,transport_hub,150,Кунцевская,30.08,11.13,1263
9315693039,55.748029,37.4596435,transport_hub,150,Терехово,30.08,9.9,1371
9339894581,55.8110418,37.8102954,parking,50,,8.25,13.54,1936
9489757759,55.8039173,37.9397487,parking,50,,4.88,20.86,1192
9496215869,55.8217703,37.6678611,parking,50,,9.08,7.99,1903
9507865852,55.7967393,37.6528486,parking,50,,9.12,5.07,1149
9547891058,55.7801564,37.6662666,parking,50,,8.19,4.09,643
9557395381,55.705133,37.620224,parking,50,,9.12,5.64,704
9626258470,55.791393,37.6748268,parking,50,,7.51,5.35,505
9626505891,55.7905328,37.6671143,parking,50,,9.94,4.96,980
9653176022,55.683169,37.9241677,parking,50,,5.74,20.85,3566
9653176023,55.6831371,37.9225096,parking,50,,5.74,20.75,3530
9653198356,55.6819357,37.9222074,parking,50,,5.74,20.79,3397
9660280958,55.7692537,37.677108,parking,50,,9.94,4.03,760
9821333717,55.9304837,37.7791713,parking,50,,5.74,21.9,1625
9851401141,55.8524875,37.4291231,parking,50,,4.72,15.93,598
9872235588,55.8701734,37.4860704,parking,50,,5.74,15.13,927
9881553648,55.8535677,37.4486168,parking,50,,5.74,15.14,759
9893536741,55.8215812,37.6609451,parking,50,,9.08,7.81,1502
9905738436,55.7148805,37.5657518,parking,50,,9.12,5.58,834
9939274649,55.7184749,37.7506123,transport_hub,150,Старопролетарская,35.39,9.32,1520
10130942315,55.8073771,37.5893607,parking,50,,9.12,6.0,1351
10135074273,55.9337262,37.7314603,parking,50,,5.74,21.03,3644
10201052935,55.84553,37.4392535,parking,50,,5.77,14.95,541
10239966084,55.8329612,37.5246874,parking,50,,7.71,10.35,1392
10239966085,55.834214,37.5245071,parking,50,,9.08,10.47,1511
10239966086,55.8344682,37.5247247,parking,50,,9.08,10.49,1542
10284195993,55.7815539,37.7138865,parking,50,,7.51,6.69,562
10587024751,55.6386725,37.5433673,parking,50,,8.25,13.82,2995
10587024762,55.6394446,37.5444757,parking,50,,8.25,13.72,3051
10594169991,55.6609075,37.5442485,parking,50,,7.71,11.5,1080
10680320747,55.8682035,37.5381723,parking,50,,7.01,13.44,948
10702113003,55.6533344,37.6195024,transport_hub,150,Варшавская,30.08,11.39,820
10702213023,55.6744865,37.6807341,transport_hub,150,Кленовый бульвар,30.08,9.88,1408
10702213026,55.6843314,37.7043027,transport_hub,150,Нагатинский Затон,30.08,9.64,1211
10702442752,55.6946059,37.727363,transport_hub,150,Печатники,35.39,9.69,2462
10702471714,55.7070532,37.728473,transport_hub,150,Текстильщики,35.39,8.82,2429
10702624108,55.7938842,37.6343276,transport_hub,150,Рижская,38.79,4.37,709
10711177872,55.8091354,37.5694375,parking,50,,9.12,6.64,1190
10712227612,55.8056979,37.9188032,transport_hub,150,Горенки,26.32,19.65,2105
10839917625,55.8782828,37.4324001,parking,50,,6.75,17.86,2170
10852613370,55.7361688,37.5179675,transport_hub,150,Парк Победы,29.28,6.59,676
10852613371,55.7307628,37.4459818,transport_hub,150,Кунцевская,30.08,11.08,1106
10852613372,55.7317169,37.7297964,transport_hub,150,Нижегородская,24.77,7.53,533
10867845790,55.7184135,37.6347399,parking,50,,8.19,4.3,620
10884205077,55.6625376,37.5559947,parking,50,,7.71,11.06,1279
10884205079,55.6638556,37.5539511,parking,50,,7.71,10.97,1086
10910826301,55.6892498,37.5538686,parking,50,,6.35,8.4,644
10923864099,55.8095473,37.9484564,transport_hub,150,Балашиха,22.38,21.55,1795
10929267229,55.6855226,37.7369353,parking,50,,9.08,10.83,1761
10929284410,55.6992191,37.7325048,parking,50,,9.08,9.57,2320
10959303576,55.924008,37.8578514,parking,50,,5.74,23.99,3452
11074120907,55.6857089,37.9214,parking,50,,5.74,20.58,3694
11089372603,55.6006854,37.6229775,parking,50,,5.74,17.25,743
11091906001,55.6902942,37.8580739,parking,50,,5.74,16.75,784
11126363266,55.787115,37.6713537,parking,50,,8.19,4.85,517
11128480981,55.7219919,37.5424455,transport_hub,150,Лужники-Служебный,35.55,6.01,825
11146666193,55.763258,37.4796358,parking,50,,9.08,8.65,2321
11150488854,55.8825006,37.4289426,parking,50,,6.75,18.36,2101
11174639393,55.9216617,37.5465759,transport_hub,150,Физтех,26.32,18.96,1864
11174673548,55.8798821,37.5454418,transport_hub,150,Яхромская,22.52,14.51,596
11174673551,55.898115,37.544663,transport_hub,150,Лианозово,26.32,16.46,2339
11200153725,55.6887565,37.5737188,mall,150,Октябрь,26.68,7.94,501
11232657954,55.8735134,37.637866,parking,50,,7.01,13.15,1133
11237855429,55.8165655,37.5971071,parking,50,,9.12,6.87,1112
11243975715,55.8116517,37.6048641,parking,50,,10.73,6.26,1741
11243978589,55.813568,37.6013263,parking,50,,9.12,6.5,1455
11261161281,55.8020355,37.5711621,parking,50,,9.12,5.9,972
11266721364,55.8286369,37.5241348,parking,50,,7.71,9.98,972
11266721365,55.8271514,37.5195549,parking,50,,6.35,10.01,671
11266721366,55.8299819,37.5268492,parking,50,,7.71,10.0,1196
11266721367,55.830363,37.5245291,parking,50,,7.71,10.12,1140
11266768871,55.8246343,37.5217587,parking,50,,6.35,9.71,562
11341174392,55.892202,37.6094293,parking,50,,6.75,15.18,1728
11392896123,55.7993991,37.575453,parking,50,,7.51,5.51,576
11406330370,55.7943857,37.4656583,parking,50,,7.71,10.41,1320
11445060181,55.7851341,37.6599084,parking,50,,9.94,4.21,1043
11449941060,55.7832296,37.6621219,parking,50,,9.94,4.14,886
11483960627,55.7968334,37.5716382,parking,50,,7.51,5.38,614
11485851534,55.7626287,37.6758555,parking,50,,8.19,3.74,672
11485851535,55.7623178,37.6759574,parking,50,,8.19,3.74,665
11498693867,55.8347596,37.5469445,parking,50,,9.08,9.82,1911
11647207620,55.8480239,37.6182148,parking,50,,7.71,10.25,1352
11651394994,55.9233156,37.769105,parking,50,,5.74,20.9,2477
11651395040,55.8941834,37.7284537,parking,50,,5.74,16.88,857
11666268394,55.6065812,37.7033642,parking,50,,6.75,17.45,2725
11684553362,55.743869,37.8758597,parking,50,,4.72,16.24,552
11701520772,55.8489492,37.5684558,parking,50,,7.71,10.8,1112
11741364259,55.7660661,37.8481678,parking,50,,5.77,14.49,668
11835191569,55.748812,37.5467577,transport_hub,150,Сити-Экспоцентр,38.79,4.48,938
11933989373,55.8890735,37.6455203,parking,50,,5.77,14.92,628
11933989389,55.8945062,37.6423627,parking,50,,5.74,15.5,877
12012903790,55.7928346,37.7291509,parking,50,,7.71,8.12,994
12103162901,55.8569466,37.4324187,parking,50,,5.74,16.12,811
12105258253,55.6748931,37.7984633,parking,50,,8.25,14.48,2376
12119135103,55.6668071,37.9311116,parking,50,,5.74,22.01,2226
12119135104,55.6665911,37.9330683,parking,50,,5.74,22.13,2299
12157560726,55.5526401,37.4926212,transport_hub,150,Потапово,22.38,23.91,5248
12163102805,55.61905,37.4810854,transport_hub,150,Тютчевская,26.32,17.44,1898
12163102808,55.6262046,37.4857715,transport_hub,150,Генерала Тюленева,26.32,16.6,1994
12163102812,55.6479373,37.5071425,transport_hub,150,Университет дружбы народов,27.35,13.84,866
12163102815,55.6715854,37.5213865,transport_hub,150,Новаторская,30.08,11.13,928
12222596665,55.8076575,37.7615064,parking,50,,9.08,10.7,2576
12222596666,55.8077057,37.76108,parking,50,,9.08,10.68,2549
12222596668,55.8063672,37.7609083,parking,50,,9.08,10.6,2596
12241969082,55.6938396,37.6239748,parking,50,,9.12,6.9,1007
12394701629,55.7900924,37.6708598,parking,50,,9.12,5.08,749
12460750156,55.574632,37.4679907,transport_hub,150,Коммунарка,22.38,22.22,3187
12460750157,55.560601,37.4652781,transport_hub,150,Новомосковская,22.38,23.71,4737
12479333414,55.8030455,37.5733173,parking,50,,9.12,5.93,989
12479623070,55.8017739,37.5593128,parking,50,,9.12,6.27,1054
12542795646,55.8569182,37.5912076,parking,50,,6.35,11.36,623
12590686022,55.6988621,37.7687627,parking,50,,6.35,11.4,689
12590686023,55.6988444,37.7688736,parking,50,,6.35,11.41,684
12756428089,55.5653943,37.9105186,transport_hub,150,Лыткарино,17.4,28.04,9729
12757186581,55.7429228,37.7883902,parking,50,,7.71,10.8,1277
12757186582,55.7438438,37.7884439,parking,50,,7.71,10.79,1302
12757186583,55.7437305,37.7882427,parking,50,,7.71,10.78,1287
12757186584,55.7429077,37.7886718,parking,50,,7.71,10.82,1294
12803664390,55.6807194,37.6173042,parking,50,,7.71,8.35,1062
12888141377,55.7437381,37.7117836,parking,50,,7.51,6.06,579
12950270372,55.7882644,37.6733588,parking,50,,7.51,5.03,569
12950270948,55.7892571,37.6720398,parking,50,,7.51,5.06,690
12987705056,55.8037277,37.7133071,parking,50,,7.71,8.03,968
13007362562,55.7932225,37.6918977,parking,50,,7.51,6.25,524
13019768373,55.7930962,37.7017542,parking,50,,7.51,6.72,669
13034429205,55.5536759,37.4754902,parking,50,,5.74,24.17,5395
13034429208,55.5531639,37.4767118,parking,50,,5.74,24.2,5446
13034429214,55.5526593,37.477947,parking,50,,5.74,24.22,5497
13141233387,55.6969336,37.6452346,transport_hub,150,ЗИЛ,29.28,6.78,559
13141822043,55.6869446,37.5759825,transport_hub,150,Академическая,24.77,8.08,626
13143504742,55.6848912,37.5408941,transport_hub,150,Вавиловская,24.77,9.22,574
13275980688,55.8690037,37.5154567,parking,50,,7.01,14.1,855
13353537555,55.6695592,37.5195932,parking,50,,6.35,11.38,683
13378214867,55.6299825,37.4889938,parking,50,,6.75,16.14,1531
13970129657,55.7898159,37.6104268,parking,50,,9.94,3.81,773
13970164871,55.7907423,37.6102807,parking,50,,9.94,3.91,711
22873077,55.9114613,37.3979454,mall,150,МЕГА Химки,16.87,22.07,700
22873080,55.9124256,37.4001033,parking,50,,4.02,22.07,649
22882471,55.915926,37.5418841,parking,50,,6.75,18.42,2019
22942462,55.8809285,37.4496309,mall,150,"Торговый центр ""Капитолий""",28.35,17.42,2061
22942463,55.8798592,37.4496025,parking,50,,6.75,17.32,2005
22942527,55.8862875,37.4372262,mall,150,Гранд,28.35,18.36,2200
22942529,55.8886778,37.4334847,mall,150,"Торговый центр ""Лига""",28.35,18.71,1861
22942530,55.8881646,37.4326061,parking,50,,6.75,18.7,1844
23056826,55.8855958,37.6021837,mall,150,"Торговый центр ""Александр Лэнд""",34.65,14.46,2019
23518721,55.7949986,37.7019244,parking,50,,7.51,6.86,622
23769801,55.676925,37.504814,mall,150,Звёздный,32.4,11.25,1404
24380220,55.7668616,37.3815892,mall,150,ЕвроПарк,24.25,14.8,634
24507049,55.8648865,37.6050042,mall,150,Место встречи Байконур,34.65,12.15,1652
24507052,55.8631897,37.6020531,mall,150,FORT Отрадное,32.4,11.98,1405
24540602,55.8701284,37.4697447,mall,150,ТВЦ Экстрим,19.84,15.7,572
24775481,55.7541778,37.4068229,mall,150,"Торговый центр ""Рублевский""",29.45,13.17,1286
24775587,55.7535812,37.4063007,parking,50,,7.01,13.21,1233
24775828,55.7554203,37.4027246,mall,150,"Торговый центр ""Западный""",34.65,13.43,1508
24775832,55.7551907,37.4023104,parking,50,,7.01,13.45,1496
24775859,55.7542979,37.4041846,parking,50,,7.01,13.34,1356
25010036,55.7882285,37.7870761,mall,150,ТК «Измайловская ярмарка»,38.12,11.21,2877
25100108,55.7225882,37.3791473,parking,50,,5.74,15.36,1150
26254701,55.6026288,37.4998157,parking,50,,5.74,18.56,1060
26697739,55.6536827,37.6207051,mall,150,"Торговый центр ""Варшавский""",32.4,11.36,741
26697870,55.6307887,37.6242077,parking,50,,8.25,13.91,2804
27058640,55.6735461,37.7807728,mall,150,"Торговый центр ""Москва""",29.45,13.73,1420
27474655,55.725564,37.4497934,mall,150,,38.12,11.01,1700
27505449,55.8654068,37.604458,mall,150,Отрадное,34.65,12.21,1690
27567932,55.7117104,37.4581401,parking,50,,9.08,11.11,3193
27616893,55.8224596,37.5895254,parking,50,,7.71,7.61,782
27620309,55.844236,37.3836581,mall,150,"Торговый комплекс ""Митинский радиорынок""",24.1,17.61,977
27648314,55.8362755,37.3856951,parking,50,,4.72,17.02,535
27652764,55.8836814,37.606426,mall,150,,34.65,14.24,1741
27759721,55.6921423,37.5281626,mall,150,"Торговый центр ""Капитолий""",38.12,9.01,1642
27759722,55.6904384,37.5289404,parking,50,,9.08,9.13,1501
27780732,55.6490795,37.7450003,mall,150,МариЭль,34.65,14.31,3029
27787892,55.7078621,37.473333,mall,150,Место встречи Планета,38.12,10.47,2154
27788086,55.7061164,37.4815148,parking,50,,9.08,10.14,1616
27788097,55.7065879,37.4814078,parking,50,,9.08,10.12,1652
27788639,55.8320942,37.4010043,parking,50,,4.72,15.96,543
27788775,55.8346063,37.4056264,parking,50,,5.74,15.87,733
27790583,55.6714791,37.5540558,mall,150,Торговый центр «Панорама»,32.4,10.18,813
27792435,55.7089807,37.4770733,parking,50,,9.08,10.21,2028
27793309,55.7975775,37.402382,parking,50,,8.25,14.22,1822
27811019,55.7997474,37.48315,mall,150,"Торгово-развлекательный центр ""Пятая Авеню""",32.4,9.71,1350
27811776,55.6579307,37.7516121,mall,150,Братиславский рынок,34.65,13.76,1972
27811815,55.6587423,37.7419572,mall,150,Люблю Молл,34.65,13.32,2104
27822875,55.7060729,37.3897051,parking,50,,5.74,15.29,1134
27929500,55.630284,37.4745266,mall,150,"Торговый центр ""Лейпциг""",28.35,16.58,1842
27992005,55.8743601,37.629309,parking,50,,7.01,13.2,1064
28044201,55.8839478,37.6030594,parking,50,,8.25,14.28,1951
28053454,55.8572109,37.3502531,mall,150,,20.48,20.14,1480
28080564,55.8637279,37.5456286,mall,150,Торгово-развлекательный центр «XL»,29.45,12.81,1407
28086463,55.6678712,37.7656003,parking,50,,7.01,13.49,940
28186999,55.8652394,37.7046557,parking,50,,8.25,13.34,1699
28211688,55.6127562,37.7199429,mall,150,Галерея Водолей,28.35,17.16,3500
28211839,55.6226193,37.606003,mall,150,"Торгово-развлекательный комплекс ""Глобал Сити""",34.65,14.83,2556
28234086,55.7900105,37.4536179,parking,50,,9.08,10.92,1723
28277915,55.7490435,37.4994204,parking,50,,6.35,7.41,504
28287606,55.7327657,37.4711027,parking,50,,7.71,9.5,1155
28320070,55.6589491,37.9296111,mall,150,"Торговый центр ""На Егорьевском""",24.1,22.33,1647
28349862,55.6581215,37.9229294,mall,150,"Торговый дом ""Томилино""",20.48,22.01,1230
28546673,55.8939534,37.5251247,mall,150,"Торговый центр ""Зодиак""",24.1,16.41,1208
28573157,55.8817186,37.4888722,mall,150,Торговый центр «Бусиново»,19.84,16.14,563
28687479,55.8976162,37.5884178,mall,150,"Торговый центр ""Ареал""",28.35,15.87,1542
28687516,55.8943861,37.5881983,mall,150,"Торговый дом ""Арфа""",28.35,15.52,1901
28813172,55.8899043,37.5943497,mall,150,"Торговый комплекс ""Изумруд""",34.65,14.98,2431
28813630,55.5700014,37.5806633,mall,150,"Торговый центр ""Квадрат""",16.87,20.79,625
28891506,55.8497282,37.4972327,mall,150,Алмазный мир,29.45,12.86,1126
28970371,55.805545,37.4144577,mall,150,"Торговый центр ""Солнечный ветер""",34.65,13.84,1983
28970433,55.8067079,37.4064064,mall,150,"Торговый центр ""Бенефис""",29.45,14.35,1463
28995890,55.7352628,37.7015805,mall,150,"Торговый центр ""Три D""",38.29,5.75,866
29010520,55.6869265,37.4315096,parking,50,,8.25,13.93,2908
29093396,55.6933088,37.5339438,mall,150,Универ Сити,32.4,8.69,1447
29135156,55.5864317,37.6483332,mall,150,Южный полюс,28.35,18.93,1761
29292770,55.6837567,37.4911294,mall,150,,38.12,11.25,1748
29292776,55.6832841,37.4914434,parking,50,,9.08,11.28,1788
29325342,55.6465599,37.5979952,parking,50,,8.25,12.21,2339
29386068,55.7108376,37.8121486,mall,150,"Торговый центр ""Да""",29.45,13.18,1057
29386751,55.6991096,37.8060558,mall,150,Автокластер 19/21,34.65,13.4,1788
29446201,55.7594117,37.7955132,mall,150,,38.12,11.16,2503
29447880,55.7527927,37.8193517,mall,150,"Торговый дом ""Перовский""",34.65,12.65,1693
29447883,55.752043,37.816235,mall,150,Зелёный Проспект,34.65,12.46,1905
29451039,55.6466863,37.714513,parking,50,,8.25,13.58,4201
29451041,55.6465768,37.7156016,mall,150,"Торговый корпус ""Евромаг""",34.65,13.62,4166
29463080,55.6547875,37.7181683,parking,50,,8.25,12.89,3395
29690880,55.7358789,37.8300433,mall,150,"Торговый центр ""Моя ветка""",34.65,13.5,1820
29699821,55.7414385,37.8188191,mall,150,Торговый центр «Перовский»,34.65,12.71,2366
29739684,55.8225314,37.8232471,mall,150,Лес,34.65,14.86,1865
30049119,55.7355991,37.4679029,mall,150,Давыдково,32.4,9.62,1005
30131239,55.8037729,37.8005656,mall,150,София,34.65,12.64,2599
30158914,55.687518,37.6039327,mall,150,Капитолий,32.4,7.64,757
30159186,55.6897413,37.602058,mall,150,РИО,26.68,7.41,593
30159632,55.7322092,37.6700086,parking,50,,8.19,4.21,684
30386211,55.6898729,37.6006053,parking,50,,6.35,7.4,551
30424813,55.9056657,37.5446979,mall,150,Мебель Сити,28.35,17.27,2778
31266457,55.8306645,37.3968754,mall,150,Торговый центр «Гвоздь»,19.84,16.1,508
31359392,55.6245232,37.7091867,mall,150,"Торговый центр ""Борисовский""",28.35,15.69,4713
31418824,55.913786,37.8595272,mall,150,ТЦ Атриум,24.1,23.18,4025
31517090,55.9093941,37.8659782,mall,150,ТЦ «Юпитер»,24.1,23.08,4629
31544758,55.8476943,37.3502294,parking,50,,4.72,19.57,586
31645023,55.8525463,37.3518279,mall,150,"Торговый центр ""Тук-Тук""",24.1,19.77,960
31645464,55.8550625,37.3554623,mall,150,"Торговый центр ""Мандарин""",24.1,19.74,1173
31650190,55.9199076,37.8304029,parking,50,,5.74,22.58,2162
31651044,55.9225522,37.832477,mall,150,,24.1,22.9,2080
31652051,55.9228669,37.8428887,parking,50,,5.74,23.31,2627
31652751,55.9171465,37.8247534,parking,50,,5.74,22.13,2161
31727016,55.9311239,37.8519079,parking,50,,5.74,24.38,2939
31844780,55.9080908,37.8714667,parking,50,,5.74,23.21,4994
31845609,55.9245966,37.8157505,parking,50,,4.88,22.49,1161
31846625,55.920947,37.8324607,parking,50,,5.74,22.75,2185
31983251,55.794274,37.9266498,mall,150,Светофор,24.1,19.81,1127
32082743,55.7949394,37.9270159,mall,150,"Торговый центр ""Станица""",24.1,19.85,1112
32083550,55.8047002,37.935519,parking,50,,4.88,20.63,1364
32083557,55.8043251,37.9399056,parking,50,,4.88,20.88,1234
32245759,55.8986493,37.6294872,mall,150,Час Пик,24.1,15.9,1300
32281934,55.7241162,37.825113,mall,150,Вешняки,34.65,13.48,2090
32281941,55.7233657,37.8251081,mall,150,Мегаком,34.65,13.5,2048
32285118,55.7396901,37.8242467,parking,50,,8.25,13.07,2096
32285814,55.7523956,37.82042,mall,150,Торговый центр,34.65,12.72,1654
32555987,55.9173358,37.867276,mall,150,ТЦ №1,24.1,23.8,4264
32556393,55.9178646,37.868974,mall,150,ТЦ Сатурн,24.1,23.91,4337
32566454,55.9185592,37.8573159,parking,50,,5.74,23.5,3645
32567172,55.9127729,37.8524003,parking,50,,5.74,22.81,3724
32567182,55.9129329,37.8507309,parking,50,,5.74,22.75,3630
32634856,55.5911856,37.6634433,mall,150,,28.35,18.53,2065
32685056,55.7017204,37.6040059,mall,150,Андрееевский,38.29,6.07,854
33876335,55.6322286,37.6245313,parking,50,,8.25,13.75,2654
34202789,55.7964861,37.4143438,parking,50,,8.25,13.47,2443
34333987,55.6219491,37.611489,mall,150,Южный (вещевой),34.65,14.89,2539
34334344,55.5522099,37.702975,parking,50,,5.74,23.27,3339
34334348,55.5515817,37.7030737,parking,50,,5.74,23.34,3408
34334762,55.5516769,37.7024725,mall,150,"Торговый центр ""Курс""",24.1,23.32,3400
34508681,55.6793768,37.8816336,parking,50,,5.74,18.61,1355
34524952,55.6824521,37.8671193,parking,50,,5.74,17.64,936
34869659,55.7743638,37.5460966,mall,150,"Торговый центр ""На Беговой""",41.77,4.91,1397
34944483,55.6758184,37.6618892,mall,150,"Торговый центр ""Гвоздь-2""",32.4,9.32,1398
35068219,55.8848055,37.6009488,mall,150,"Торговый центр ""Бибиревский""",34.65,14.38,2087
35096601,55.8858537,37.6028285,parking,50,,8.25,14.49,1982
35171537,55.6447433,37.5950485,parking,50,,8.25,12.43,2607
35171757,55.6384894,37.6040551,parking,50,,8.25,13.07,2721
35171759,55.6406987,37.6069426,parking,50,,8.25,12.82,2416
35590653,55.9064766,37.863285,parking,50,,5.74,22.73,4690
35695517,55.6643855,37.4693001,mall,150,Никулино,29.45,13.76,969
35770361,55.6262828,37.6663284,mall,150,Радиорынок Старк,34.65,14.73,3237
35807753,55.7080654,37.5203362,parking,50,,6.35,8.06,520
35879878,55.7895545,37.9409379,parking,50,,4.02,20.59,501
35900247,55.9136276,37.8678381,parking,50,,5.74,23.51,4480
35900616,55.91357,37.8683228,mall,150,ТЦ Корабль,24.1,23.53,4509
35902078,55.6782448,37.6974263,mall,150,"ТЦ ""Океан""",32.4,9.98,1493
35908006,55.9204387,37.8059556,parking,50,,4.88,21.77,1405
35958979,55.8916268,37.7451229,mall,150,XL,24.1,17.08,1224
36150423,55.8775291,37.4668725,parking,50,,5.74,16.48,967
36473070,55.8540722,37.4758535,mall,150,Интер-Север,29.45,14.05,1180
36524251,55.8517674,37.4062834,parking,50,,5.74,16.96,1002
36871414,55.6407845,37.6033477,mall,150,"Торговый центр ""Нептун""",34.65,12.82,2541
36930927,55.6118467,37.7190109,parking,50,,6.75,17.23,3388
36938963,55.6556957,37.5421767,mall,150,"Торговый центр ""Калужский""",34.65,12.09,1644
37007656,55.7965459,37.4026144,parking,50,,8.25,14.17,1921
37214138,55.6120437,37.7325944,mall,150,"Торгово-развлекательный центр ""Облака""",28.35,17.54,3695
37447006,55.731738,37.4873238,mall,150,"Торговый центр ""Времена года""",32.4,8.56,1274
37447130,55.7036009,37.520498,parking,50,,7.71,8.39,1008
37447140,55.7017148,37.5302712,parking,50,,7.71,8.12,1311
37447149,55.7509076,37.5844976,mall,150,Lotte Plaza,48.19,2.12,731
37453484,55.6762099,37.8924698,parking,50,,6.75,19.37,1596
37453485,55.6756805,37.8940909,parking,50,,6.75,19.49,1655
37645201,55.7607925,37.5813006,transport_hub,150,,36.85,2.32,504
37736805,55.6095975,37.6052445,mall,150,Гранд Юг,24.1,16.27,1114
37760588,55.7338917,37.8118383,parking,50,,8.25,12.42,2368
37760670,55.7332143,37.8125102,parking,50,,8.25,12.47,2317
37845387,55.6767268,37.482755,parking,50,,7.01,12.18,1319
37954132,55.8973998,37.6045101,mall,150,Будапешт,28.35,15.77,1872
37977381,55.6275685,37.6160251,mall,150,,34.65,14.26,3216
37977382,55.6275804,37.6162403,parking,50,,8.25,14.26,3221
37977410,55.6305948,37.6131929,parking,50,,8.25,13.92,3209
37986210,55.8158919,37.3880563,mall,150,Твой Дом (корпус 2),19.84,15.81,623
38106163,55.6334065,37.6243954,mall,150,Ритейл Парк,34.65,13.62,2546
38136760,55.8105918,37.7978313,mall,150,Щелчок,34.65,12.83,2708
38438781,55.7431152,37.863905,mall,150,"Торговый центр ""Крутицы""",19.84,15.5,517
38448827,55.7228259,37.6749826,mall,150,Larin,38.29,5.15,915
38560958,55.6257251,37.7063251,parking,50,,6.75,15.5,4845
38692993,55.7372429,37.4849634,parking,50,,6.35,8.54,666
38866851,55.6701261,37.5525049,mall,150,Торговый центр «Черемушки»,32.4,10.36,709
38964480,55.6149303,37.721292,mall,150,Фея,28.35,16.97,3755
39254926,55.7721823,37.6781591,mall,150,"Торговый центр ""Елоховский Пассаж""",34.4,4.22,515
39504696,55.8624587,37.4911448,parking,50,,7.01,14.24,1473
39504697,55.8622532,37.4905868,parking,50,,7.01,14.24,1443
39504714,55.8629299,37.491625,parking,50,,7.01,14.27,1493
39536480,55.6396351,37.5210208,parking,50,,8.25,14.26,1599
39578458,55.7289761,37.6225328,transport_hub,150,,38.79,3.0,786
39623064,55.6124217,37.6977114,mall,150,"Торговый дом ""Царицыно""",28.35,16.72,3414
39623507,55.6223709,37.7016989,mall,150,"Торговый центр ""Ореховский""",28.35,15.75,4484
39623514,55.6211323,37.7078663,parking,50,,6.75,16.01,4334
39625322,55.6217751,37.6976229,parking,50,,6.75,15.73,4444
39626206,55.6051529,37.7120716,parking,50,,6.75,17.77,2578
39626511,55.6938591,37.7230593,mall,150,,38.12,9.56,2182
39652075,55.8118118,37.4976972,parking,50,,7.71,9.73,1473
39667753,55.6145442,37.7146329,parking,50,,6.75,16.85,3634
39757593,55.7677442,37.8305263,mall,150,,29.45,13.41,776
39757608,55.768349,37.8327269,mall,150,Саяны,29.45,13.55,783
39757610,55.76813,37.8320181,mall,150,ТЦ «Саяны»,29.45,13.5,780
39757626,55.7688223,37.8325603,mall,150,ТЦ «Кубик»,29.45,13.54,733
39757627,55.7691094,37.8325947,mall,150,ТЦ «Саянский»,29.45,13.55,709
39757629,55.7697456,37.8326333,mall,150,ТД «Ивановский»,24.25,13.56,656
39831570,55.7458961,37.7755893,parking,50,,7.71,9.97,717
39898904,55.7682721,37.8337267,mall,150,ТЦ «Ивановское»,29.45,13.61,826
40008913,55.6618538,37.5321338,parking,50,,7.71,11.73,1115
40020391,55.8631668,37.6824295,mall,150,Лосинка,24.25,12.61,511
40020392,55.8635923,37.6828343,mall,150,,24.25,12.67,540
40260865,55.6414824,37.5287165,parking,50,,8.25,13.87,2043
40271550,55.7145682,37.4104613,parking,50,,7.01,13.74,809
40379444,55.6182359,37.5080281,mall,150,"Торговый комплекс ""Принц плаза""",28.35,16.76,2394
40379742,55.6194266,37.5092451,mall,150,"Торгово-развлекательный центр ""Спектр""",28.35,16.61,2544
40431034,55.8158707,37.5958448,parking,50,,9.12,6.81,1051
40479251,55.7571639,37.8626057,parking,50,,4.72,15.35,516
40533163,55.7514906,37.4321783,parking,50,,9.08,11.59,1525
40595090,55.6252532,37.7609458,mall,150,Парк Хаус Братеево,28.35,17.08,5563
40794061,55.7380654,37.8466584,mall,150,На Суздальской,29.45,14.49,752
40929900,55.692066,37.8966233,mall,150,Светофор,28.35,18.87,2646
41083871,55.721185,37.4223064,parking,50,,7.01,12.8,756
41088547,55.7361694,37.4642902,parking,50,,7.71,9.82,1133
41278274,55.636784,37.3543591,mall,150,"Торговый центр ""Шолохов""",24.1,21.13,6686
41278659,55.6412021,37.3597421,mall,150,"Торговый центр ""Петровский""",24.1,20.56,6131
41421108,55.7588646,37.8703792,parking,50,,5.74,15.84,850
41572391,55.828066,37.4892713,mall,150,"Центр дизайна ""Ленинградский""",32.4,11.34,724
41589515,55.7348819,37.4078808,parking,50,,7.01,13.31,936
41591634,55.7400264,37.3993076,parking,50,,7.01,13.76,917
41592318,55.6365165,37.5971014,parking,50,,8.25,13.32,3156
41592324,55.634055,37.5983422,parking,50,,8.25,13.59,3330
41615957,55.8852308,37.5340765,parking,50,,5.74,15.3,973
41645089,55.6412077,37.5951164,parking,50,,8.25,12.82,2857
41645092,55.6389864,37.6039157,mall,150,"Торговый центр ""Каспий""",34.65,13.02,2681
41863412,55.7512509,37.8162329,mall,150,Олимп,34.65,12.46,1945
41864164,55.7373838,37.8285807,parking,50,,8.25,13.38,1879
41921839,55.7646898,37.8248416,mall,150,"Торговый центр ""Терлецкий""",29.45,13.02,1056
41984338,55.7204263,37.8220839,mall,150,"Торговый центр ""Вешняковский пассаж""",34.65,13.41,1735
42176493,55.857164,37.4320659,mall,150,Манго,24.1,16.16,842
42294522,55.8694048,37.6524701,parking,50,,5.77,12.82,596
42296277,55.8695806,37.6371732,mall,150,Вавилон-92,29.45,12.71,1409
42394234,55.7274595,37.4498029,parking,50,,9.08,10.95,1537
42402678,55.6814547,37.492148,parking,50,,9.08,11.39,1897
42403266,55.7153395,37.5090031,parking,50,,7.71,8.14,886
42419964,55.5680427,37.5987306,parking,50,,5.74,20.91,1685
42420057,55.7069183,37.7476355,mall,150,,32.4,9.8,1228
42422913,55.5710491,37.5630717,parking,50,,4.88,20.82,700
42451908,55.5673911,37.5620778,mall,150,"Торговый центр ""Апельсин""",16.87,21.23,622
42474095,55.871147,37.6278443,parking,50,,7.01,12.84,1433
42527372,55.8703928,37.6370615,parking,50,,7.01,12.8,1361
42527374,55.8703713,37.6380442,mall,150,"Торговый центр ""EGOmall""",29.45,12.81,1313
42527881,55.8734831,37.6483874,parking,50,,5.77,13.23,596
42528934,55.8760888,37.6216663,parking,50,,7.01,13.38,1142
42620457,55.8594918,37.692305,parking,50,,7.01,12.45,1157
42677078,55.703257,37.7262246,mall,150,Фермер Центр,38.12,8.98,2322
42693531,55.6772234,37.8251789,parking,50,,5.74,15.68,722
42923598,55.8986855,37.6285776,parking,50,,5.74,15.9,1322
42966895,55.8096592,37.4600452,mall,150,Крылья,32.4,11.51,836
42986623,55.901993,37.5856556,mall,150,Алтуфьево,24.1,16.38,1065
43048544,55.8711366,37.6799909,parking,50,,7.01,13.41,839
43283475,55.8899374,37.6032539,parking,50,,8.25,14.94,2050
43371237,55.691155,37.5303741,parking,50,,7.71,9.02,1465
43513836,55.7252292,37.7612119,mall,150,"Торговый центр ""Точка""",32.4,9.63,1264
43838113,55.6998424,37.7654433,mall,150,Место встречи Высота,32.4,11.17,745
44080335,55.7388627,37.4867847,parking,50,,6.35,8.38,614
44152276,55.8051055,37.9383601,parking,50,,4.88,20.81,1343
44392578,55.8853477,37.6118015,parking,50,,7.01,14.41,1420
44398431,55.7389959,37.5834127,parking,50,,11.47,2.83,751
44448656,55.8004464,37.7703175,parking,50,,9.08,10.78,2568
44662001,55.8707937,37.6719478,parking,50,,5.77,13.23,631
45016931,55.6522849,37.7422122,mall,150,Марьинский пассаж,34.65,13.92,2747
45266377,55.6386619,37.937511,mall,150,"Торговый центр ""Урожай""",24.1,23.92,2544
45326815,55.6988124,37.5735174,parking,50,,7.51,6.9,632
45326817,55.6978833,37.5718868,parking,50,,6.35,7.04,558
45327486,55.7007744,37.5769437,parking,50,,9.12,6.62,818
45327491,55.7004177,37.576296,parking,50,,9.12,6.67,807
45339210,55.6291165,37.7428686,parking,50,,6.75,16.14,5222
45398457,55.7050391,37.7972794,parking,50,,7.01,12.6,1044
45404829,55.7331093,37.5923089,mall,150,"Торговая галерея ""Акрополь""",39.69,2.97,686
45465529,55.6797891,37.8894865,mall,150,"Торговый центр ""W""",28.35,19.03,1700
45495818,55.7578051,37.8606769,parking,50,,4.72,15.23,545
45495820,55.7572136,37.8606872,parking,50,,4.72,15.23,538
45495823,55.7567491,37.8593405,parking,50,,4.72,15.15,517
45495831,55.7570415,37.8595713,parking,50,,4.72,15.16,542
45496008,55.7587149,37.8611241,parking,50,,4.72,15.26,504
45580413,55.8204505,37.871912,parking,50,,6.75,17.47,2304
45739743,55.6250956,37.5097197,parking,50,,6.75,16.02,2174
45830418,55.8106154,37.8308246,mall,150,ТЦ «Щёлково»,24.25,14.68,664
45860890,55.6969773,37.5389014,parking,50,,9.08,8.18,1609
45959445,55.8374377,37.9168495,parking,50,,5.74,20.81,5179
45980294,55.6195867,37.7522368,mall,150,Столица,28.35,17.35,5044
45981804,55.6385457,37.7547608,parking,50,,6.75,15.63,4089
46024249,55.6868666,37.8896519,mall,150,Да!,28.35,18.7,2218
46038960,55.8090967,37.7984031,mall,150,Вектор,34.65,12.78,2667
46158259,55.9334601,37.8436964,parking,50,,5.74,24.29,2420
46158260,55.932784,37.8446521,parking,50,,5.74,24.26,2479
46425798,55.9292075,37.8319599,parking,50,,5.74,23.48,1742
46593638,55.6576239,37.8429198,parking,50,,6.75,17.86,2038
46619171,55.8611317,37.4479348,parking,50,,5.74,15.79,1328
46686045,55.6765958,37.5083171,parking,50,,7.71,11.14,1311
46686046,55.6769877,37.5078378,parking,50,,7.71,11.13,1360
46686055,55.6568511,37.5374095,parking,50,,8.25,12.09,1533
46686056,55.6567028,37.5352915,parking,50,,8.25,12.16,1576
46955289,55.8871672,37.421418,mall,150,Торговый центр «Наш дом Химки»,24.1,19.06,1403
47048387,55.6339045,37.4427839,mall,150,Мебель Парк,28.35,17.42,2154
47067859,55.8047132,37.8006087,parking,50,,8.25,12.69,2575
47073943,55.8127711,37.8325306,parking,50,,5.77,14.87,674
47077326,55.6749865,37.8752321,mall,150,,24.1,18.49,749
47583700,55.7910763,37.5449382,parking,50,,9.12,5.99,1140
47930010,55.6718761,37.9011708,parking,50,,5.74,20.08,1939
47951313,55.7646293,37.4336466,parking,50,,9.08,11.53,2722
47978477,55.6480626,37.7354701,mall,150,Музыкальный парк,34.65,14.08,3347
47982995,55.8008707,37.3948949,parking,50,,7.01,14.78,1248
48010934,55.8034653,37.3948178,parking,50,,7.01,14.89,1017
48143851,55.8040328,37.4049845,parking,50,,7.01,14.32,1490
48165282,55.6067319,37.536295,mall,150,Fort Ясенево,28.35,17.34,3390
48165309,55.6164172,37.5431347,parking,50,,6.75,16.18,4104
48201248,55.8628147,37.4351082,mall,150,"Транспортно-пересадочный узел ""Планерная""",24.1,16.47,1177
48214948,55.9420822,37.5028975,parking,50,,4.88,21.91,917
48216667,55.945982,37.5027564,parking,50,,4.88,22.32,1208
48216849,55.7972445,37.6089549,parking,50,,8.19,4.64,692
48239936,55.6817396,37.8886095,mall,150,"Торговый центр ""Подосинки""",28.35,18.88,1829
48255324,55.6563806,37.4793983,parking,50,,5.77,14.03,569
48369180,55.6223766,37.6677181,mall,150,Царицыно,28.35,15.17,3210
48380719,55.6708704,37.4966603,parking,50,,7.01,12.1,999
48439169,55.7706095,37.4174149,parking,50,,8.25,12.61,2908
48439430,55.6808921,37.8970179,parking,50,,6.75,19.4,2131
48442986,55.6779554,37.8948584,parking,50,,6.75,19.42,1827
48500067,55.5983496,37.5267781,parking,50,,6.75,18.4,2781
48579687,55.8830749,37.605557,mall,150,Торговый комплекс «Гран Плюс»,34.65,14.17,1796
48580561,55.5826352,37.6715246,mall,150,W,28.35,19.55,2222
48609800,55.7000216,37.7523839,mall,150,Волжский,32.4,10.49,1174
48683222,55.6496825,37.7317241,parking,50,,8.25,13.81,3297
48743829,55.7859394,37.3858609,parking,50,,8.25,14.86,2324
48869971,55.8764828,37.4222684,mall,150,ТЦ Арфа,28.35,18.13,1768
48892242,55.6483068,37.5029563,parking,50,,7.01,13.94,712
48902460,55.6706264,37.4901776,parking,50,,7.01,12.37,721
48902468,55.6709544,37.4920496,parking,50,,7.01,12.27,814
48914798,55.8747851,37.6088833,parking,50,,8.25,13.24,1860
49038981,55.8656571,37.5967996,parking,50,,8.25,12.28,1589
49038984,55.8604785,37.5953553,parking,50,,7.71,11.72,1006
49038987,55.8625406,37.5951605,parking,50,,7.71,11.95,1234
49249459,55.8702137,37.5867771,parking,50,,8.25,12.86,1531
49260525,55.8788321,37.5823226,mall,150,Марс,34.65,13.85,1534
49338603,55.6187709,37.5082041,parking,50,,6.75,16.7,2446
49354775,55.8615833,37.4492262,parking,50,,5.74,15.77,1235
49377930,55.6520925,37.8465342,parking,50,,6.75,18.42,2394
49695655,55.7603623,37.9212425,mall,150,"Универмаг ""Салтыковский""",28.35,19.02,2195
49729165,55.7784699,37.8975292,mall,150,Универмаг,24.1,17.71,1308
49773840,55.5522973,37.5566022,parking,50,,5.74,22.95,1925
49898165,55.6665725,37.551491,parking,50,,7.71,10.74,776
50079613,55.6485548,37.6563092,parking,50,,7.01,12.17,832
50197685,55.8432584,37.5037823,parking,50,,7.01,12.04,1347
50250357,55.5678844,37.4777137,mall,150,Коммунарка,24.1,22.66,3809
50293768,55.9202956,37.762253,mall,150,"Торговый центр ""Фрегат""",24.1,20.41,2742
50293787,55.9142146,37.7633558,mall,150,Торус,28.35,19.84,2305
50293788,55.9146338,37.7639312,mall,150,"ТК ""Горизонт""",28.35,19.89,2363
50293797,55.919627,37.7631098,mall,150,"Торговый центр ""Фрегат""",24.1,20.37,2719
50309643,55.8447561,37.5074909,parking,50,,8.25,12.04,1577
50312416,55.9164069,37.7721055,mall,150,"Торговый центр ""Альта""",24.1,20.31,2755
50312421,55.9250957,37.7543406,mall,150,,24.1,20.68,2941
50312446,55.9295186,37.750521,mall,150,"Торговый центр ""Формат""",24.1,21.03,3318
50341599,55.8473378,37.510509,parking,50,,8.25,12.17,1773
50341600,55.8473265,37.512298,parking,50,,8.25,12.11,1734
50341603,55.8477913,37.5104096,parking,50,,8.25,12.22,1729
50343589,55.6758732,37.6611823,parking,50,,7.71,9.3,1417
50343625,55.6757337,37.6620224,parking,50,,7.71,9.33,1402
50344783,55.6787694,37.6427646,mall,150,Торговый центр «Конфетти»,26.68,8.71,644
50344795,55.6841105,37.6614717,parking,50,,7.71,8.44,809
50345114,55.9230218,37.7839029,mall,150,Торговый центр Леонидовка,24.1,21.31,1717
50345519,55.9211722,37.7858698,parking,50,,5.74,21.19,1774
50849544,55.7788465,37.8277066,mall,150,"ТЦ «На Челябинской, 15»",24.25,13.41,534
51239442,55.7990549,37.7190593,parking,50,,6.35,7.98,632
51244868,55.7993962,37.7309224,parking,50,"Гаражный кооператив ""Чермез""",7.71,8.6,1285
51285714,55.8016095,37.7269345,parking,50,,7.71,8.54,1190
51297115,55.7130205,37.8210018,mall,150,"торговый центр ""Альтаир-1""",34.65,13.61,1541
51300151,55.7136635,37.8213364,mall,150,,34.65,13.61,1557
51343655,55.8404826,37.3809216,mall,150,Родник,24.1,17.52,1020
51425950,55.7993255,37.7152107,parking,50,,6.35,7.8,519
51425954,55.799607,37.7166976,parking,50,,6.35,7.9,589
51425955,55.7994738,37.7160638,parking,50,,6.35,7.86,557
51498329,55.6410679,37.6168332,parking,50,,8.25,12.76,2095
51498333,55.6404775,37.6083848,mall,150,"Торговый центр ""Штаер""",34.65,12.84,2388
51498334,55.6401951,37.6068275,mall,150,"Торговый центр ""Свод""",34.65,12.87,2467
51498352,55.6397893,37.608205,transport_hub,150,,32.18,12.91,2459
51498382,55.6327666,37.6233302,parking,50,,8.25,13.69,2641
51498383,55.6402812,37.6219248,mall,150,Аэробус,34.65,12.85,2045
51498396,55.641339,37.6183705,parking,50,,8.25,12.73,2035
51500687,55.7634806,37.7706928,parking,50,,9.08,9.64,2512
51701968,55.6551109,37.7222493,parking,50,,8.25,12.98,3184
51791875,55.6163657,37.7162523,mall,150,Торговый центр Москва,28.35,16.7,3849
51791876,55.6175468,37.715778,mall,150,Москва-Тянья,28.35,16.57,3975
51834565,55.6410931,37.5244361,parking,50,,8.25,14.02,1780
51834566,55.6422847,37.5250676,parking,50,,8.25,13.88,1808
51868649,55.8939878,37.4512174,mall,150,Поляна,28.35,18.54,2383
51871715,55.6493358,37.6638419,parking,50,,7.01,12.19,1215
52045478,55.8918657,37.7276917,mall,150,ТРЦ Перловский,24.1,16.63,1110
52047455,55.8961756,37.7167353,parking,50,,5.74,16.8,1250
52060022,55.9061766,37.7388022,mall,150,Яуза,19.84,18.36,626
52070694,55.8221724,37.8128614,parking,50,,8.25,14.28,2287
52070697,55.8228832,37.8178858,parking,50,,8.25,14.59,2111
52242064,55.7517592,37.514143,mall,150,Торговый центр «Филёвский»,38.29,6.47,1075
52244555,55.6945497,37.8642566,parking,50,,5.74,16.9,776
52299533,55.6595791,37.4098096,parking,50,,6.75,16.84,3976
52300834,55.7272023,37.4716938,parking,50,,9.08,9.65,1725
52304754,55.6177495,37.505721,mall,150,"Торговый комплекс ""Твин Плаза""",28.35,16.87,2259
52304755,55.6175569,37.5070985,parking,50,,6.75,16.85,2298
52402526,55.8652268,37.6554134,parking,50,,5.77,12.4,653
52495972,55.802705,37.7561682,parking,50,,9.08,10.13,2183
52499668,55.8005957,37.7478287,mall,150,Новочеркизовский,38.12,9.56,1752
52509046,55.7566116,37.571824,parking,50,,11.47,2.85,701
52509255,55.8224125,37.4999573,parking,50,,7.71,10.43,888
52521838,55.7842771,37.7151433,mall,150,"Торговый центр ""Baby & Kid""",31.53,6.89,520
52563801,55.6888863,37.5258334,parking,50,,9.08,9.39,1607
52574274,55.7143206,37.456305,parking,50,,9.08,11.08,2975
52657958,55.8218957,37.5010426,parking,50,,7.71,10.34,819
52754757,55.8245434,37.5035078,parking,50,,7.71,10.44,725
53011209,55.5748928,37.5803034,mall,150,Северное Сияние,20.48,20.25,749
53034715,55.7357006,37.7014382,parking,50,,9.12,5.72,851
53154842,55.6352368,37.4367998,mall,150,,28.35,17.54,2369
53154843,55.6343927,37.440325,parking,50,,6.75,17.47,2240
53247004,55.8059465,37.3895703,parking,50,,4.72,15.29,595
53493291,55.6565581,37.7538484,parking,50,,8.25,13.96,2098
53538449,55.8581334,37.6421906,parking,50,,7.71,11.48,969
53558935,55.5653462,37.5561608,mall,150,"Торгово-развлекательный центр ""ВИВА!""",20.48,21.52,1017
53758321,55.7222799,37.9053625,mall,150,"Торговый центр ""Лухмановский 24А""",24.1,18.41,1438
53767176,55.7330021,37.6707917,parking,50,,9.94,4.2,707
53871193,55.9170654,37.8394739,parking,50,,5.74,22.67,2796
53871194,55.920772,37.8427645,parking,50,,5.74,23.12,2729
54169775,55.8073898,37.3914738,parking,50,,4.72,15.24,572
54522680,55.6832432,37.8934695,mall,150,"Торговый центр ""Фламинго-К""",28.35,19.09,2152
54637542,55.8973848,37.5541789,mall,150,"Торговый центр ""Лианозово""",28.35,16.23,2122
54650117,55.7597411,37.377068,parking,50,,5.74,15.04,846
54699671,55.612479,37.7190182,parking,50,,6.75,17.16,3457
54699672,55.6128145,37.720855,parking,50,,6.75,17.17,3520
54699698,55.6183115,37.7152372,parking,50,,6.75,16.47,4054
54738804,55.7452567,37.7976881,mall,150,Торговый центр «Перово Молл»,38.12,11.35,1902
54828364,55.8167662,37.5269402,parking,50,,7.71,8.82,984
54828384,55.816641,37.5263147,parking,50,,7.71,8.84,961
54830056,55.6351137,37.7051174,parking,50,,8.25,14.5,4230
54896201,55.731513,37.8245141,parking,50,,8.25,13.25,2303
54933505,55.9316682,37.9405939,parking,50,,4.46,28.1,8457
55093343,55.6450432,37.5418686,parking,50,,8.25,13.19,2828
55611057,55.8055077,37.4905885,parking,50,,9.08,9.66,1775
55611066,55.8036358,37.4909177,parking,50,,9.08,9.53,1566
55704371,55.825221,37.5845152,parking,50,,7.71,7.99,840
55798194,55.7004544,37.522241,parking,50,,7.71,8.56,1241
55798197,55.6981525,37.5250376,parking,50,,7.71,8.63,1386
55798198,55.6997414,37.5222684,parking,50,,7.71,8.62,1228
55955868,55.8414281,37.5277179,parking,50,,9.08,11.05,2327
55956024,55.8401829,37.5268297,parking,50,,9.08,10.96,2178
55981899,55.7391516,37.5823293,parking,50,,11.47,2.87,819
56132421,55.7231071,37.825091,parking,50,,8.25,13.51,2033
56132423,55.7225192,37.8237376,parking,50,,8.25,13.44,1928
56187386,55.7454927,37.7958655,parking,50,,9.08,11.23,1799
56199379,55.7359739,37.8293188,parking,50,,8.25,13.45,1861
56199600,55.7355026,37.829906,parking,50,,8.25,13.5,1838
56215935,55.7225355,37.6555782,parking,50,,9.94,4.41,851
56629813,55.7826565,37.7190614,parking,50,,7.71,7.03,796
58698832,55.7687746,37.8371759,parking,50,,5.77,13.83,664
58799539,55.9171044,37.8304347,parking,50,,5.74,22.33,2385
58876706,55.6238891,37.5158077,parking,50,,6.75,15.99,2464
58888236,55.9185539,37.8236201,parking,50,,5.74,22.21,1992
58889502,55.9223104,37.8683106,parking,50,,5.74,24.26,4130
59381968,55.6127766,37.7317191,parking,50,,6.75,17.45,3746
59696115,55.612068,37.6031268,mall,150,Пражский Град,24.1,16.01,1372
59696200,55.7999797,37.7346421,parking,50,,9.08,8.83,1525
59726069,55.6096462,37.6061518,parking,50,,5.74,16.27,1131
59733698,55.7384999,37.5115165,parking,50,,9.12,6.89,859
60046496,55.765477,37.8220769,parking,50,,7.01,12.86,994
60133829,55.6907166,37.8744739,parking,50,,6.75,17.66,1529
60205283,55.8219484,37.8249272,parking,50,,8.25,14.92,1751
60353610,55.7881261,37.7493383,mall,150,,32.4,9.01,717
60353704,55.789747,37.7466718,parking,50,,6.35,8.93,671
60797589,55.7952231,37.7259835,parking,50,,7.71,8.09,882
60812485,55.820577,37.8168888,parking,50,,8.25,14.41,1980
60961011,55.6144091,37.6069562,mall,150,Мебельный комплекс Армада,28.35,15.74,1660
60990808,55.6134598,37.6062401,mall,150,Каренфор,28.35,15.84,1548
61036474,55.8204275,37.8179399,parking,50,,8.25,14.46,1919
61041290,55.8208155,37.8231642,parking,50,,8.25,14.76,1719
61186270,55.6475796,37.5955487,mall,150,"Торговый центр ""Азовский""",34.65,12.11,2405
61294511,55.8972494,37.5908122,parking,50,,6.75,15.82,1592
61294512,55.8977212,37.5908829,parking,50,,6.75,15.87,1540
61294514,55.8937446,37.5881662,parking,50,,6.75,15.45,1972
61378944,55.8926474,37.5991123,mall,150,"Торговый дом ""на Мурановской""",28.35,15.26,2205
61651237,55.7938407,37.7298953,parking,50,,7.71,8.21,1060
61724041,55.8976816,37.5970734,mall,150,Изюминка,28.35,15.83,1634
61729803,55.8037549,37.7529608,mall,150,Город Хобби,38.12,10.02,2197
61729817,55.8033358,37.7536465,parking,50,,9.08,10.03,2172
61730121,55.8049443,37.7595473,parking,50,,9.08,10.44,2505
61891746,55.8953843,37.5908139,parking,50,Беркут,6.75,15.61,1798
62114935,55.8011198,37.7435033,parking,50,,9.08,9.36,1741
62116253,55.8039385,37.7446719,mall,150,Черкизовский пассаж,38.12,9.6,1902
62116272,55.8070297,37.7338345,parking,50,,7.71,9.25,1201
62360531,55.747351,37.7620192,parking,50,,7.71,9.1,815
62364106,55.7459135,37.7687929,parking,50,,6.35,9.54,555
62364108,55.7466968,37.7658319,parking,50,,6.35,9.35,660
62364196,55.7481234,37.7666186,mall,150,"Торговый центр ""Золотой век""",32.4,9.38,807
63082875,55.6028225,37.351875,parking,50,,5.74,23.8,8236
63083207,55.6054024,37.3536096,mall,150,,24.1,23.52,8135
64824335,55.5504952,37.5482672,parking,50,,5.74,23.24,2387
65575915,55.8309437,37.6364741,parking,50,,7.71,8.44,838
66288683,55.9093867,37.8663207,parking,50,,5.74,23.1,4647
66330738,55.9289614,37.8580633,parking,50,,5.74,24.43,3346
66332833,55.9116886,37.7789811,parking,50,,5.74,20.06,2872
66332835,55.9115625,37.7785713,parking,50,,5.74,20.04,2898
66332836,55.912692,37.781738,parking,50,,5.74,20.24,2684
66587780,55.6958796,37.6649521,mall,150,"Торговый центр ""Мегаполис""",32.4,7.3,1031
67596953,55.6245959,37.759266,parking,50,,6.75,17.09,5634
69216273,55.6253519,37.7093787,parking,50,,6.75,15.61,4806
69304845,55.6834616,37.6243619,parking,50,,7.71,8.06,892
69486147,55.6293439,37.6196836,parking,50,,8.25,14.06,3085
69810112,55.6890655,37.3943965,parking,50,,5.74,15.81,770
70121888,55.6559106,37.5340068,parking,50,,8.25,12.27,1681
70121891,55.6559895,37.535789,parking,50,,8.25,12.22,1646
70121892,55.6552731,37.5354922,parking,50,,8.25,12.3,1728
70121894,55.65524,37.5344721,parking,50,,8.25,12.33,1746
70654236,55.932676,37.5479284,mall,150,,24.1,20.14,1785
70735200,55.6764195,37.6600111,parking,50,,7.71,9.22,1410
70849530,55.655951,37.5323063,parking,50,,8.25,12.31,1612
71392389,55.6661552,37.905889,parking,50,,4.88,20.64,1480
71902351,55.8326144,37.6384931,parking,50,,7.71,8.64,811
72030223,55.5658826,37.5616871,parking,50,,4.02,21.4,665
72199372,55.7890079,37.3879465,parking,50,,8.25,14.81,2372
72325547,55.7431232,37.8152738,parking,50,Парковка №38,8.25,12.47,2545
72412546,55.7952964,37.754392,parking,50,,7.71,9.63,1449
72430245,55.789559,37.7525463,mall,150,ТЦ «Измайловский пассаж»,32.4,9.25,965
72430249,55.7919823,37.7500979,parking,50,,7.71,9.23,997
72509130,55.9038095,37.7110979,mall,150,Торговый центр «Голубой Дунай»,28.35,17.47,1513
72873780,55.7399063,37.7837183,mall,150,Кусково,32.4,10.56,972
75654805,55.7071903,37.5180613,parking,50,,6.35,8.24,659
75980085,55.7542172,37.5754179,parking,50,,11.47,2.63,783
76131173,55.7185907,37.4202939,mall,150,Молодежный,29.45,13.01,723
76232800,55.8001786,37.7880627,parking,50,,9.08,11.76,3458
76586360,55.8049185,37.5615272,parking,50,,9.12,6.48,1381
76749697,55.6688661,37.5515555,parking,50,,6.35,10.51,672
76835008,55.8118653,37.8175987,parking,50,,7.01,13.99,1500
77004327,55.6558554,37.5834513,parking,50,,9.08,11.31,1784
77761990,55.7439874,37.5080962,mall,150,"Торгово-развлекательный центр ""Филион""",38.29,6.96,711
78395593,55.8603105,37.3972952,mall,150,КухниПарк,24.1,18.0,1204
78395623,55.859204,37.3946761,mall,150,"Торгово-развлекательный центр ""Вэйпарк""",24.1,18.05,1379
78482465,55.6732234,37.6123601,mall,150,Грай,32.4,9.19,1198
78518461,55.7381712,37.8219985,parking,50,,8.25,12.96,2279
78523843,55.7373712,37.8300842,parking,50,,8.25,13.47,1786
78585108,55.6229875,37.6038512,mall,150,"Торгово-развлекательный комплекс ""Глобал Сити""",34.65,14.79,2587
79054135,55.7907021,37.7850751,parking,50,,9.08,11.19,2951
79054166,55.7911345,37.7841114,parking,50,,9.08,11.15,2902
79370045,55.8612325,37.4259505,parking,50,,4.72,16.75,587
79517783,55.6409226,37.3597808,parking,50,,5.74,20.58,6161
79517784,55.641416,37.3591974,parking,50,,5.74,20.58,6115
79572266,55.7943921,37.779577,parking,50,,9.08,11.02,2731
79581615,55.7262965,37.4504283,parking,50,,9.08,10.95,1661
79604361,55.7000608,37.5400153,parking,50,,9.08,7.86,1783
80301983,55.8735791,37.6817148,parking,50,,7.01,13.7,982
80504932,55.8093231,37.5118532,parking,50,,6.35,8.88,560
80578360,55.7674094,37.7290113,mall,150,"Торговый дом ""Арколь""",38.12,7.11,1929
80605995,55.8103763,37.5726777,parking,50,,9.12,6.68,970
80718917,55.7599427,37.4152426,parking,50,,8.25,12.65,1876
81001961,55.6930895,37.5336073,parking,50,,7.71,8.72,1444
81240146,55.8167134,37.5621615,parking,50,,7.71,7.6,1099
81240149,55.8163761,37.5622645,parking,50,,7.71,7.56,1099
81244437,55.7527824,37.8200236,parking,50,,8.25,12.69,1656
81244466,55.6371605,37.6560159,mall,150,Аркада,34.65,13.41,1873
81361128,55.8068528,37.5624702,parking,50,,10.73,6.63,1594
81484423,55.6214448,37.6685602,parking,50,,6.75,15.28,3167
81512372,55.6289419,37.660569,parking,50,,8.25,14.36,2829
81512373,55.6287377,37.6596707,parking,50,,8.25,14.38,2833
81519787,55.6244576,37.6617115,parking,50,,8.25,14.87,3175
82083169,55.6408573,37.5449,parking,50,,8.25,13.56,3060
82083176,55.6457042,37.5449251,parking,50,,8.25,13.06,2764
82489474,55.8187471,37.5684239,parking,50,,6.35,7.64,698
82537274,55.8959818,37.437188,parking,50,,6.75,19.22,1522
82587495,55.666295,37.5518578,parking,50,,7.71,10.76,813
82617544,55.8620435,37.424347,parking,50,,4.72,16.88,502
82625309,55.8609529,37.4250017,parking,50,,4.72,16.77,527
83019550,55.7511648,37.8308798,parking,50,,7.01,13.37,1225
83020594,55.6449047,37.5429066,parking,50,,8.25,13.18,2845
83034616,55.6682148,37.5554968,parking,50,,7.71,10.48,930
83034635,55.6674919,37.5629328,parking,50,,7.71,10.39,1332
83144366,55.8513854,37.6544904,parking,50,,7.71,10.88,776
83249765,55.6090705,37.6030046,parking,50,парковка с.,5.74,16.34,1039
83289359,55.8913807,37.7276388,transport_hub,150,,22.38,16.58,1161
83384744,55.7223836,37.4414806,parking,50,,9.08,11.62,1784
83442547,55.8795837,37.6179617,parking,50,,7.01,13.76,1111
83464630,55.663227,37.5529422,parking,50,,7.71,11.06,1091
83513016,55.7175668,37.393169,parking,50,,7.01,14.66,1174
83518969,55.688451,37.8518109,parking,50,,5.74,16.49,905
83709120,55.6645558,37.4696576,parking,50,,7.01,13.73,946
84439228,55.8601773,37.4304706,parking,50,,5.74,16.46,872
84619402,55.6185311,37.7105768,parking,50,,6.75,16.35,4051
84653242,55.5541909,37.7175921,mall,150,,24.1,23.28,3182
85055485,55.6990154,37.8100438,parking,50,,8.25,13.62,1911
85224639,55.7249998,37.5612632,parking,50,,8.19,4.9,535
85235102,55.7237939,37.4466811,parking,50,,9.08,11.26,1762
85525950,55.7043561,37.40355,parking,50,,7.01,14.55,1486
85624391,55.6903281,37.41437,parking,50,,8.25,14.65,1770
85650814,55.6177525,37.6716982,parking,50,,6.75,15.72,3024
85979895,55.6387493,37.6913399,parking,50,,8.25,13.82,3277
86163605,55.6610472,37.7654129,parking,50,,8.25,14.04,1642
86163640,55.6582375,37.7638402,parking,50,,8.25,14.21,1924
86251991,55.8582407,37.4421315,parking,50,,5.74,15.8,918
86352259,55.8910697,37.7131253,parking,50,,5.74,16.19,1100
86386112,55.7802643,37.6654701,parking,50,,8.19,4.06,684
86386821,55.7363334,37.5719809,parking,50,,9.94,3.57,759
86413876,55.7532319,37.5759752,mall,150,"Торговый центр ""Сфера""",48.19,2.6,809
86503851,55.8983394,37.723871,parking,50,,5.74,17.19,746
86528938,55.8140437,37.8314615,parking,50,,7.01,14.87,816
86615933,55.8055236,37.5414568,parking,50,,6.35,7.28,682
86867855,55.6260778,37.5410861,parking,50,,6.75,15.19,3390
86949262,55.8909635,37.5945559,parking,50,,6.75,15.1,2317
86983104,55.5789202,37.5899431,parking,50,,5.74,19.74,1037
86983106,55.5799967,37.5887744,parking,50,,5.74,19.63,950
87555642,55.8840506,37.6059403,parking,50,,8.25,14.28,1772
88335409,55.7642669,37.844983,mall,150,ТЦ «Шоколад»,24.25,14.28,533
88889452,55.74247,37.8882569,parking,50,,5.74,17.02,907
88889485,55.7410445,37.8905573,parking,50,,5.74,17.18,1120
89251218,55.8162818,37.4029665,parking,50,,7.01,14.99,1204
89340791,55.8171574,37.4012569,parking,50,,5.74,15.13,1064
89340795,55.8162745,37.404434,parking,50,,7.01,14.91,1286
89340800,55.8166318,37.4062127,parking,50,,7.01,14.83,1371
89478177,55.8084006,37.9446736,parking,50,,5.74,21.29,1651
89530597,55.6332909,37.5131852,parking,50,,6.75,15.1,1522
89561227,55.7984811,37.9447269,parking,50,,4.02,21.02,548
89578535,55.8120119,37.5780312,parking,50,,7.51,6.72,695
89652483,55.7518613,37.8129632,mall,150,Меркурий,34.65,12.25,2099
89995914,55.7942871,37.926305,parking,50,,5.74,19.79,1148
89995963,55.7942833,37.9282699,parking,50,,5.74,19.91,1026
90115981,55.8897474,37.5409015,parking,50,,5.74,15.64,1462
90147108,55.7962263,37.9349848,parking,50,,4.02,20.37,672
90454227,55.9021137,37.5884462,parking,50,Искра,5.74,16.37,1042
91053765,55.8150666,37.8016582,parking,50,,8.25,13.28,2552
91243295,55.8549457,37.6533941,mall,150,,26.68,11.25,567
91452243,55.7369361,37.5723826,parking,50,,8.19,3.51,695
91500311,55.9098348,37.7365722,parking,50,Площадь Мира,5.74,18.68,988
91645838,55.8106627,37.5592554,parking,50,,9.08,7.1,1520
91649408,55.7348133,37.830196,parking,50,,8.25,13.53,1842
91742573,55.9116583,37.7262698,parking,50,,5.74,18.62,1299
91742705,55.9109586,37.728646,parking,50,,5.74,18.6,1172
91742733,55.9105952,37.72812,parking,50,,5.74,18.55,1146
91745954,55.9163719,37.7598573,parking,50,,6.75,19.95,2313
91819186,55.5926459,37.6130982,mall,150,Персей для детей,24.1,18.14,894
91964282,55.5515886,37.5205768,parking,50,,5.74,23.5,3672
92809705,55.5946716,37.6624532,mall,150,Смолл Бирюлёвский,28.35,18.14,1847
92930755,55.5938601,37.6560472,mall,150,Вантаж,28.35,18.17,1515
93518801,55.6958021,37.5433252,parking,50,,7.71,8.12,1386
93668565,55.6336544,37.6156425,parking,50,,8.25,13.58,2850
93668566,55.6335116,37.6159713,parking,50,,8.25,13.6,2848
93716578,55.5796325,37.6489262,mall,150,Бирюсинка,28.35,19.69,1802
93785925,55.6073102,37.7334891,parking,50,,6.75,18.05,3259
94201773,55.8239818,37.9220059,mall,150,"Торговый центр ""Эфа""",24.1,20.5,3667
94222569,55.6758251,37.6125997,parking,50,,7.71,8.9,1153
94416091,55.6517362,37.6188446,mall,150,Фотостудия Татвидео,32.4,11.57,983
94433455,55.8633805,37.6211151,parking,50,,9.08,11.96,2049
95062770,55.8338981,37.9444136,mall,150,"""Пехорка""",24.1,22.22,4486
95200175,55.727863,37.6137925,mall,150,Европа,34.4,3.11,669
95447997,55.6120333,37.6034976,parking,50,,5.74,16.01,1370
95552869,55.6725333,37.6662451,parking,50,Стрела,9.08,9.75,1621
95552873,55.6733639,37.6650877,parking,50,,9.08,9.64,1557
95749460,55.7679616,37.7358324,parking,50,,9.08,7.54,1980
95817159,55.8918156,37.7488397,mall,150,XL,24.1,17.21,1344
95842158,55.8763402,37.6470535,parking,50,,5.77,13.53,511
96371773,55.8093488,37.7254121,parking,50,,7.71,9.01,751
96670253,55.634943,37.6121224,parking,50,,8.25,13.44,2837
96988446,55.8660012,37.4371348,parking,50,,5.74,16.64,1403
97098314,55.8281692,37.5483538,parking,50,,9.08,9.13,2127
97631335,55.6360828,37.6720948,parking,50,,8.25,13.75,2507
97706430,55.6161307,37.6148644,parking,50,,6.75,15.53,1991
97717076,55.6401656,37.6061087,parking,50,,8.25,12.88,2494
97717077,55.6395055,37.606049,parking,50,,8.25,12.95,2558
97721131,55.8228637,37.563128,parking,50,,7.71,8.19,1149
97721140,55.8224812,37.5625089,parking,50,,7.71,8.17,1166
97730982,55.6406056,37.6144855,parking,50,,8.25,12.81,2198
97730987,55.6407205,37.6120805,parking,50,,8.25,12.8,2250
97730999,55.6408129,37.6104255,parking,50,,8.25,12.79,2291
97731012,55.6395578,37.6099821,parking,50,,8.25,12.93,2426
98057492,55.6099228,37.6988141,parking,50,,6.75,17.01,3129
98057530,55.6085844,37.7014597,parking,50,,6.75,17.2,2958
98572347,55.815696,37.691235,mall,150,Московская ярмарка увлечений,32.4,8.11,1374
98572348,55.8152121,37.6922659,parking,50,,7.71,8.1,1321
98696915,55.8912093,37.5945593,parking,50,,6.75,15.12,2290
98993693,55.9138665,37.5734857,parking,50,,5.74,17.79,945
99015319,55.7973549,37.9396161,mall,150,"Торговый центр ""Радуга""",16.87,20.68,526
99115345,55.8533838,37.6076401,parking,50,,7.71,10.87,902
99752591,55.7948585,37.5162255,parking,50,,7.71,7.67,1318
99780141,55.7961622,37.5201553,parking,50,,7.71,7.55,1160
99826599,55.7967815,37.5106589,parking,50,,7.71,8.08,1218
99854634,55.8028906,37.5133788,parking,50,,6.35,8.35,555
99999016,55.910658,37.3935157,parking,50,,4.88,22.18,769
100117149,55.7974105,37.9386432,parking,50,,4.02,20.62,569
100429155,55.7083529,37.420627,parking,50,,8.25,13.4,1634
100882809,55.8005925,37.713042,parking,50,,6.35,7.79,620
100882813,55.8025789,37.7088182,parking,50,,7.71,7.73,858
100882817,55.8012621,37.7124399,parking,50,,6.35,7.81,691
101154696,55.7832665,37.3601744,parking,50,,6.75,16.37,1976
102258433,55.7592813,37.4092146,mall,150,"Торговый центр ""Крылатский""",34.65,13.03,1811
102318842,55.7705107,37.4106032,parking,50,,8.25,13.03,2485
102318898,55.7697074,37.4091453,parking,50,,8.25,13.11,2381
102626532,55.6654052,37.4744852,parking,50,,5.77,13.46,645
102626539,55.6733932,37.4789976,parking,50,,7.01,12.61,1009
102716775,55.7597834,37.4554342,parking,50,,9.08,10.14,2449
102716777,55.7605314,37.4561301,parking,50,,9.08,10.1,2491
102716898,55.7626577,37.4585941,parking,50,,9.08,9.96,2609
102716967,55.7601626,37.4547036,parking,50,,9.08,10.18,2510
103058206,55.6495362,37.5113998,parking,50,,7.01,13.55,1186
103119766,55.6381354,37.7681186,parking,50,,6.75,16.14,4174
103807427,55.6513251,37.5872515,parking,50,,9.08,11.77,2305
103901815,55.7599757,37.4323079,parking,50,,9.08,11.58,2234
104493885,55.6997219,37.5328589,parking,50,,9.08,8.18,1579
104635223,55.6775669,37.5449033,parking,50,,7.71,9.81,770
105146547,55.8424257,37.4395808,parking,50,,7.01,14.7,886
105153309,55.5718475,37.4518262,mall,150,Уютный дом,24.1,22.94,3884
105437818,55.9499845,37.8095049,parking,50,,5.74,24.7,1904
105462618,55.7990772,37.4691125,parking,50,,9.08,10.44,1635
105508288,55.5915956,37.6136873,parking,50,,5.74,18.26,990
105918074,55.8880085,37.5888023,parking,50,,8.25,14.81,2212
105921221,55.8876653,37.591485,parking,50,,8.25,14.75,2343
106090390,55.8791557,37.5795901,mall,150,"Торговый центр ""Марка""",29.45,13.92,1365
106127380,55.5931255,37.6129368,parking,50,,5.74,18.09,858
106143858,55.8864748,37.60028,parking,50,,8.25,14.57,2149
106156165,55.5931886,37.611564,mall,150,"Торговый центр ""Россошанка""",24.1,18.09,780
106194680,55.8870323,37.676104,parking,50,,5.74,15.05,921
106445397,55.8705252,37.5816297,parking,50,,7.01,12.95,1325
106445434,55.875501,37.5850303,parking,50,,8.25,13.46,1733
106619063,55.7780508,37.5053512,parking,50,,7.71,7.43,974
106619085,55.7764811,37.4992979,parking,50,,7.71,7.73,977
106918195,55.8248198,37.7075665,parking,50,,7.71,9.53,870
106995843,55.6373335,37.7929276,mall,150,"Торговый комплекс ""Монтавр""",28.35,17.17,4743
107064549,55.8375993,37.4020265,parking,50,,4.72,16.24,588
107542091,55.7504019,37.7843747,mall,150,,32.4,10.47,1457
107553505,55.7648342,37.7885244,mall,150,Макссити,38.12,10.76,2548
107971669,55.6937967,37.4980573,parking,50,,6.35,10.16,558
108113851,55.6744717,37.8925069,parking,50,,6.75,19.47,1506
108228007,55.6612406,37.9501219,mall,150,Планета,24.1,23.35,2939
108231599,55.9142351,37.7975102,parking,50,,5.74,20.9,2143
108231604,55.9143684,37.7960549,parking,50,,5.74,20.87,2150
108452938,55.7927296,37.8960335,parking,50,,5.74,17.91,930
108506050,55.9112178,37.8103251,parking,50,,5.74,21.07,2453
108506051,55.9118421,37.8106152,parking,50,,5.74,21.14,2387
108738848,55.8910273,37.6292278,parking,50,,4.72,15.06,568
108738855,55.8904978,37.6294049,parking,50,,5.77,15.0,521
108788690,55.8917628,37.6303384,parking,50,,4.72,15.14,584
108792667,55.892217,37.6328167,parking,50,,4.72,15.2,556
108865978,55.7044877,37.8345133,mall,150,Скарабей,29.45,14.75,1425
109071583,55.8927045,37.6415212,parking,50,,4.72,15.3,677
109099714,55.895144,37.6374328,parking,50,,5.74,15.55,854
109141105,55.7583039,37.4206652,parking,50,,8.25,12.31,1757
109200890,55.7824347,37.6662306,parking,50,,8.19,4.26,637
109234412,55.7903848,37.7523822,parking,50,,7.71,9.28,1001
109234413,55.7909446,37.7471814,parking,50,,7.71,9.01,788
109234420,55.7903788,37.7499362,parking,50,,7.71,9.14,874
109234423,55.789765,37.7536391,parking,50,,7.71,9.33,1037
109234425,55.788432,37.7502231,parking,50,,7.71,9.07,781
109403725,55.6418144,37.6064825,parking,50,,8.25,12.69,2331
109505054,55.946889,37.4918567,parking,50,,4.88,22.64,1049
109562527,55.751025,37.7896429,parking,50,,9.08,10.8,1745
109569449,55.750505,37.7943628,parking,50,,9.08,11.1,1948
109653272,55.8982895,37.5885998,parking,50,,5.74,15.95,1467
109653273,55.8989204,37.5857393,parking,50,,5.74,16.04,1404
109768320,55.6755821,37.8766885,parking,50,,5.74,18.53,847
109841771,55.793048,37.4894489,parking,50,,6.35,9.01,524
109872202,55.8912304,37.590514,parking,50,,6.75,15.15,2257
110361562,55.7331214,37.5891051,parking,50,,9.94,3.08,766
110361567,55.7334604,37.5898557,parking,50,,9.94,3.02,709
111246718,55.9088692,37.5408937,parking,50,,6.75,17.68,2618
111576103,55.8682806,37.6222051,parking,50,,8.25,12.51,1855
112012003,55.885768,37.6086632,parking,50,,8.25,14.46,1621
112015344,55.8900248,37.618693,parking,50,,7.01,14.93,1105
112156928,55.9257215,37.8591103,parking,50,,5.74,24.19,3477
112398236,55.6916587,37.5488726,parking,50,,7.71,8.32,866
112420251,55.8314262,37.5530646,parking,50,,9.08,9.32,1687
112675205,55.7352052,37.8198437,parking,50,,8.25,12.88,2459
112675210,55.7325156,37.8261452,parking,50,,8.25,13.33,2166
113371336,55.7392264,37.4850337,parking,50,,6.35,8.48,503
113540742,55.6567518,37.8224198,parking,50,,6.75,16.92,2272
113555880,55.7964925,37.4656114,parking,50,,9.08,10.51,1501
113678720,55.7911586,37.7361702,parking,50,,6.35,8.41,628
114144041,55.943184,37.864264,parking,50,,4.46,25.92,3867
114190944,55.8637218,37.5505754,parking,50,,7.01,12.7,1105
114234972,55.7354577,37.4906888,parking,50,,7.71,8.24,1049
114538677,55.6234673,37.4924322,parking,50,,6.75,16.67,2199
114995688,55.7385078,37.6744693,mall,150,Нижегородский пассаж,34.4,4.06,556
115842290,55.7578185,37.8226806,parking,50,,7.01,12.85,1324
115842293,55.7573826,37.8198909,parking,50,,8.25,12.68,1503
116299202,55.6679028,37.5900853,mall,150,Родной,26.68,9.92,642
116469222,55.7428932,37.8132727,parking,50,,8.25,12.35,2651
116535965,55.7214556,37.8233367,parking,50,,8.25,13.45,1853
117761922,55.8756613,37.6268159,parking,50,,7.01,13.34,991
118027910,55.7053941,37.4791587,mall,150,"Торговый центр ""Тук-Тук""",38.12,10.31,1700
118043442,55.7065523,37.4800669,parking,50,,9.08,10.19,1719
118043446,55.7067346,37.4805187,parking,50,,9.08,10.15,1707
118339362,55.8465061,37.4169465,parking,50,,5.74,16.08,1148
118449504,55.7773504,37.6538365,parking,50,,9.94,3.31,747
118593618,55.6231673,37.6468998,parking,50,,8.25,14.86,2655
118593855,55.6224719,37.6467572,parking,50,,8.25,14.94,2578
118720735,55.8772888,37.8962142,parking,50,,5.74,22.05,8329
119047270,55.6744609,37.5046836,mall,150,Премьер,32.4,11.47,1152
119072136,55.8329444,37.6643767,parking,50,,7.71,9.07,743
119263395,55.8293387,37.7286892,parking,50,,9.08,10.74,1529
119371366,55.8492572,37.3539234,parking,50,,4.72,19.47,573
119371837,55.8490027,37.3535863,parking,50,,4.72,19.47,557
119945013,55.8059474,37.5837766,parking,50,,9.12,5.96,1196
119946275,55.8053168,37.581666,parking,50,,9.12,5.94,1115
120331587,55.596616,37.5887346,parking,50,,5.74,17.79,771
120392765,55.6415444,37.5216424,parking,50,,8.25,14.05,1600
120392766,55.6401989,37.5201793,parking,50,,8.25,14.22,1533
120530198,55.9205968,37.6883918,parking,50,,5.74,18.85,1341
120644186,55.7991705,37.4077303,parking,50,,8.25,13.96,1934
121748294,55.8617009,37.6085281,parking,50,,7.71,11.79,1470
121802475,55.7126099,37.4233342,parking,50,,7.01,13.06,1312
122454125,55.8792744,37.5816564,parking,50,,7.01,13.91,1495
123064730,55.8036839,37.7539235,mall,150,ТЦ «Глобус-экстрим»,38.12,10.07,2215
123329145,55.65379,37.6552016,parking,50,,6.35,11.59,612
123440293,55.8833013,37.5020624,parking,50,,5.74,15.9,806
124484576,55.6690416,37.78041,parking,50,,8.25,14.05,1548
124792730,55.8908172,37.5899781,parking,50,,6.75,15.11,2301
124905726,55.8501324,37.4074968,parking,50,,5.74,16.79,884
124934925,55.8550812,37.4086386,parking,50,Пункт ГТО Трансдекра,5.74,17.09,815
125200343,55.8961767,37.5650617,parking,50,,6.75,15.95,2028
125204832,55.8979683,37.5788842,parking,50,,6.75,15.99,1607
125500142,55.9243891,37.6015966,parking,50,,6.75,18.77,1665
125579190,55.5542781,37.717846,parking,50,,5.74,23.28,3176
126225236,55.5732978,37.3561181,parking,50,,4.46,26.08,8588
126480859,55.6096461,37.5275506,parking,50,,6.75,17.2,2925
126606404,55.5682685,37.5932655,transport_hub,150,5-й микрорайон Северного Бутово,19.02,20.91,1343
127293016,55.9128381,37.7648446,parking,50,,6.75,19.74,2286
127293197,55.9152124,37.75124,mall,150,,28.35,19.6,1881
127430884,55.7903295,37.8076682,parking,50,,8.25,12.51,2121
127430920,55.7906158,37.8094844,parking,50,,8.25,12.63,2091
127584644,55.6540466,37.5424264,parking,50,,8.25,12.25,1828
127727014,55.7769344,37.7080497,parking,50,,9.12,6.14,867
128003111,55.6632036,37.454638,parking,50,,8.25,14.49,1897
128048399,55.6406731,37.350008,parking,50,,5.74,21.08,6343
128048400,55.64054,37.3501714,parking,50,,5.74,21.08,6354
128359325,55.7912332,37.8189765,parking,50,,8.25,13.21,1773
128445979,55.6742457,37.4713282,parking,50,,7.01,12.88,1335
128531063,55.7939435,37.8054283,parking,50,,8.25,12.51,2538
128531067,55.7957129,37.805261,parking,50,,8.25,12.56,2686
128531082,55.7948292,37.8107509,parking,50,,8.25,12.85,2424
128732961,55.8225065,37.8756865,mall,150,ТЦ «Янтарный»,28.35,17.78,2627
128754881,55.8053486,37.7929307,parking,50,,8.25,12.29,3037
128754906,55.8049109,37.7930177,parking,50,,8.25,12.27,3039
128975351,55.8018345,37.4779583,parking,50,,9.08,10.11,1731
128995095,55.646193,37.416792,parking,50,,6.75,17.5,3265
129020843,55.883268,37.5990412,parking,50,,8.25,14.22,2201
129110307,55.7754108,37.5075501,parking,50,,7.71,7.2,803
129248288,55.8663377,37.4465031,parking,50,,5.74,16.28,1349
129731396,55.6546902,37.4154427,parking,50,,6.75,16.92,3469
129752359,55.7905087,37.4661346,parking,50,,7.71,10.21,1022
129778992,55.7306658,37.6229879,parking,50,,9.45,2.82,618
129812012,55.6514747,37.5043914,parking,50,,7.01,13.59,1059
130281229,55.896834,37.5879522,parking,50,,6.75,15.79,1629
130447009,55.7953202,37.5101516,parking,50,,7.71,8.01,1103
130537880,55.7848016,37.7149728,parking,50,,7.51,6.91,508
130629078,55.7719205,37.7060717,parking,50,,9.12,5.84,1422
130633885,55.7898358,37.4616924,parking,50,Нави-Транс,7.71,10.44,1239
130732144,55.8989045,37.7141412,parking,50,,5.74,17.02,1312
130760246,55.7961698,37.7002996,parking,50,,9.12,6.86,724
130761456,55.795341,37.7018904,parking,50,,7.51,6.88,625
130770542,55.7121863,37.8952376,mall,150,,19.84,18.06,652
130994530,55.6897234,37.6233272,parking,50,,7.71,7.36,1075
131481029,55.6577966,37.4983584,parking,50,,7.01,13.2,1165
131481030,55.6567086,37.499577,parking,50,,7.01,13.26,1219
131482688,55.6624384,37.4927616,parking,50,,5.77,12.99,574
131482931,55.6699986,37.4934144,parking,50,,7.01,12.3,785
131564575,55.8248356,37.5032185,parking,50,,7.71,10.48,755
131587533,55.6777016,37.5086271,parking,50,,7.71,11.03,1429
131655332,55.7859107,37.7179906,parking,50,,7.71,7.13,708
131670537,55.9311919,37.8904518,mall,150,,18.74,25.91,5336
131754500,55.7984211,37.4005597,parking,50,,8.25,14.36,1677
131754887,55.7990908,37.4055192,parking,50,,8.25,14.09,1835
131769194,55.6958942,37.8907768,mall,150,Парк-сити,28.35,18.37,2158
132129738,55.6572515,37.5299,parking,50,,7.01,12.25,1404
132132517,55.6574315,37.5293811,parking,50,,7.01,12.25,1366
132194412,55.7800927,37.5905447,parking,50,,9.94,3.18,1001
132195571,55.8049961,37.5728062,parking,50,,9.12,6.14,1196
132212123,55.7081959,37.8206179,parking,50,,8.25,13.79,1661
132736102,55.8894463,37.6173393,parking,50,,7.01,14.86,1174
132736231,55.8888775,37.6160132,parking,50,,7.01,14.8,1246
132749265,55.8866026,37.6106249,parking,50,,8.25,14.55,1518
132749266,55.8862156,37.6097415,parking,50,,8.25,14.51,1563
132801132,55.5751171,37.5797888,parking,50,,4.88,20.23,710
132831486,55.892152,37.6167755,parking,50,,5.74,15.16,1296
132910834,55.8999927,37.5874891,parking,50,,5.74,16.14,1278
133055382,55.8850399,37.60545,parking,50,,8.25,14.39,1810
133279623,55.6154763,37.449493,parking,50,,6.75,18.82,2582
133320684,55.7059308,37.6221159,parking,50,,7.51,5.55,657
133605603,55.606073,37.4484132,parking,50,,6.75,19.73,2218
133607054,55.7940976,37.4882602,parking,50,,6.35,9.12,659
134627737,55.8727121,37.4024174,parking,50,,6.75,18.69,1582
134769487,55.779855,37.727306,parking,50,,7.71,7.38,965
134773569,55.7796953,37.7325699,parking,50,,7.71,7.68,770
134871576,55.8973479,37.3891146,parking,50,,4.02,21.23,591
134895364,55.8920306,37.4127838,parking,50,,4.72,19.82,656
134898663,55.8899392,37.4236676,parking,50,,5.74,19.2,1277
134938904,55.6662287,37.6302851,parking,50,,7.71,9.99,776
135270515,55.7762642,37.6477066,parking,50,,11.47,2.97,759
135270516,55.7734902,37.6514763,parking,50,,11.47,2.91,757
135403046,55.8210109,37.5717179,parking,50,,6.35,7.79,580
135409821,55.8280916,37.5669805,parking,50,,7.71,8.63,1334
135409829,55.8252579,37.5628921,parking,50,,7.71,8.44,1303
135410749,55.8295164,37.5664278,parking,50,,7.71,8.79,1213
135411557,55.8348675,37.5701366,parking,50,,6.35,9.27,598
135640559,55.7486996,37.5686761,parking,50,,8.19,3.14,635
135640568,55.7478814,37.5599615,parking,50,,9.94,3.69,863
135640571,55.7437929,37.5383602,parking,50,,7.51,5.12,504
135640576,55.7468152,37.5599428,parking,50,,9.94,3.73,801
135640578,55.7482597,37.5563016,parking,50,,9.94,3.91,866
135640579,55.7498284,37.5619954,parking,50,,8.19,3.52,650
136431990,55.7096025,37.7441925,parking,50,,7.71,9.46,1484
136489934,55.883529,37.444062,parking,50,,6.75,17.86,2458
136489992,55.8863134,37.4567783,parking,50,,6.75,17.64,1829
136698671,55.8242631,37.4997505,parking,50,,7.71,10.58,936
136698672,55.8246329,37.4988189,parking,50,,7.71,10.65,1004
137033102,55.8974979,37.5898062,parking,50,,6.75,15.85,1559
137133080,55.8933983,37.5970159,parking,50,,6.75,15.35,2087
137133081,55.8936677,37.5969986,parking,50,,6.75,15.38,2058
137750024,55.8893891,37.5981138,parking,50,,8.25,14.9,2352
137928475,55.6987783,37.6141966,parking,50,,7.51,6.34,667
138195808,55.9429294,37.4862416,parking,50,,4.02,22.36,666
138298779,55.5784185,37.9047905,mall,150,Импульс,18.74,26.72,8276
138691269,55.8598915,37.4677384,parking,50,,5.77,14.88,577
139103408,55.6116025,37.6022053,parking,50,,5.74,16.06,1319
139215133,55.9066036,37.5384738,parking,50,,6.75,17.48,2773
139541937,55.6236308,37.743268,parking,50,,6.75,16.68,5147
139541938,55.6212206,37.7437177,parking,50,,6.75,16.93,4922
139583366,55.6346958,37.439019,mall,150,,28.35,17.5,2287
139822574,55.9054677,37.5392339,mall,150,"Мебельный центр ""Империя""",28.35,17.34,2761
140294635,55.5853427,37.8966541,mall,150,,18.74,25.81,7527
140863248,55.6148441,37.6122525,parking,50,,6.75,15.68,1797
141058248,55.9025762,37.5853176,parking,50,,5.74,16.44,1005
141479078,55.7761302,37.4765931,parking,50,,7.71,9.09,1090
143142420,55.7064984,37.5738336,parking,50,,9.12,6.12,794
143237126,55.9013055,37.5875231,parking,50,,5.74,16.29,1132
143266664,55.9025636,37.5875923,parking,50,,5.74,16.42,992
143422572,55.6838791,37.5370295,parking,50,,7.71,9.45,806
143872820,55.7652536,37.7382307,parking,50,,9.08,7.64,1821
143977645,55.8081262,37.9427511,mall,150,"Торговый центр ""Жемчужный""",24.1,21.17,1625
144123757,55.8883817,37.5207716,parking,50,,4.72,15.93,550
144377137,55.6170867,37.6980689,parking,50,,6.75,16.23,3923
144413330,55.8222689,37.6242862,parking,50,,7.71,7.4,736
144647532,55.7755431,37.4692824,parking,50,,7.71,9.52,1320
144811436,55.8972012,37.5250171,parking,50,,6.75,16.75,1522
144977742,55.8871285,37.5239076,parking,50,,4.72,15.73,630
144977745,55.8869369,37.522994,parking,50,,4.72,15.73,569
145017268,55.8829151,37.4958668,mall,150,"Торговый центр ""Бусинка""",24.1,16.04,992
145453547,55.8899655,37.5172668,parking,50,,4.72,16.17,597
145453556,55.890737,37.5159867,parking,50,,4.72,16.28,666
145494973,55.8624629,37.6076865,parking,50,,9.08,11.88,1505
145744051,55.8014299,37.7257804,parking,50,,7.71,8.47,1122
145744059,55.8021184,37.7258286,parking,50,,7.71,8.52,1174
145744061,55.8013618,37.7253702,parking,50,,7.71,8.45,1097
145893017,55.5587049,37.7117202,parking,50,,5.74,22.7,2625
146230772,55.842707,37.5544831,parking,50,,7.71,10.43,1455
146717142,55.7759755,37.728653,parking,50,,7.71,7.32,1251
146842515,55.7891379,37.464237,parking,50,,7.71,10.27,1062
146842516,55.7889719,37.4618165,parking,50,,7.71,10.4,1199
147126805,55.859497,37.3548227,parking,50,,5.74,20.05,1667
148322293,55.5504443,37.7000176,parking,50,,5.74,23.42,3552
148322296,55.5506918,37.7000772,parking,50,,5.74,23.39,3525
148322300,55.5501716,37.6999355,parking,50,,5.74,23.45,3583
148322301,55.5509764,37.7016311,parking,50,,5.74,23.38,3483
148322302,55.5497727,37.6981093,parking,50,,5.74,23.46,3643
148322305,55.5504477,37.7022441,parking,50,,5.74,23.45,3538
148333656,55.8036883,37.7079722,parking,50,,7.71,7.78,990
148462827,55.8085702,37.7393811,parking,50,,7.71,9.63,1312
148612158,55.8137996,37.6967908,parking,50,,7.71,8.14,1096
149066133,55.8041444,37.4655016,parking,50,,7.71,10.91,1414
149361154,55.6260897,37.7093885,parking,50,,6.75,15.54,4888
149589859,55.8105218,37.7120429,parking,50,,7.71,8.49,790
149592009,55.8093234,37.5067237,parking,50,,7.71,9.12,847
150608724,55.798016,37.7231973,parking,50,,7.71,8.12,781
150976397,55.9369283,37.8545177,parking,50,,5.74,25.0,3123
151021704,55.9140242,37.7337969,parking,50,,5.74,19.04,1449
151042348,55.8985212,37.6742783,mall,150,Твой дом,24.1,16.26,1060
151214960,55.8085448,37.4613987,parking,50,,7.71,11.38,936
151222103,55.8059443,37.4638056,parking,50,,7.71,11.1,1211
151228272,55.8013754,37.4717416,parking,50,,9.08,10.42,1785
151257545,55.9454872,37.5289251,parking,50,,5.74,21.8,1888
151331633,55.804072,37.4665507,parking,50,,7.71,10.85,1428
151362503,55.8069163,37.4622648,parking,50,,7.71,11.24,1108
151367913,55.7402189,37.3966359,parking,50,,7.01,13.92,1067
151585649,55.8042106,37.4684649,parking,50,,7.71,10.75,1431
151751179,55.849993,37.6334045,parking,50,,6.35,10.52,575
151851731,55.6437028,37.52627,mall,150,Ареал,34.65,13.71,1882
152443860,55.7865953,37.6993285,parking,50,,7.51,6.17,511
153148444,55.9483887,37.4931218,parking,50,,4.88,22.77,1223
153236812,55.8171047,37.7340398,parking,50,,6.35,9.99,700
154260923,55.5600962,37.8717414,mall,150,"Торгово-бытовой комплекс ""Молоково""",18.74,26.99,10531
154286380,55.6614923,37.5664575,parking,50,,9.08,10.96,1541
154286382,55.6628525,37.56942,parking,50,,7.71,10.76,1305
154326140,55.6553864,37.5720672,mall,150,ХЦ Бухарест,38.12,11.52,1953
154326182,55.6563502,37.5694843,mall,150,Prime Plaza,38.12,11.46,1917
154330179,55.8100346,37.735189,parking,50,,7.71,9.52,1006
154337254,55.6637665,37.6081628,parking,50,,7.71,10.25,1386
154363986,55.8141699,37.6977265,parking,50,,7.71,8.21,1026
154506919,55.6694275,37.4540205,parking,50,,8.25,14.03,1990
154544723,55.8152826,37.6982347,parking,50,,7.71,8.33,956
154610978,55.6085741,37.7849765,parking,50,,6.75,19.45,5719
154928482,55.8088432,37.3958357,parking,50,,5.74,15.05,765
155265780,55.780667,37.5794019,parking,50,,9.94,3.64,1182
155265786,55.7839956,37.5779077,parking,50,,9.94,3.99,815
155265792,55.7836734,37.5798345,parking,50,,9.94,3.89,915
155340394,55.6983721,37.561224,parking,50,,7.71,7.29,883
155852057,55.7672969,37.7169363,parking,50,,10.73,6.36,2019
156979204,55.6421513,37.6696816,parking,50,,8.25,13.06,1931
157012766,55.5783564,37.5899033,mall,150,Варшавка 33,24.1,19.81,1047
157165396,55.637685,37.7575427,mall,150,"Торговый центр ""Братеевский""",28.35,15.8,4178
157165544,55.6247456,37.7072834,parking,50,,6.75,15.63,4736
157302626,55.6251658,37.798833,mall,150,Экстрим,28.35,18.45,6084
157316194,55.6686271,37.5916521,mall,150,"Торговый центр ""Нахимовский""",26.68,9.83,669
157502480,55.893799,37.6108115,parking,50,,6.75,15.35,1710
157538039,55.9009371,37.5902376,parking,50,,5.74,16.23,1180
157820092,55.5927524,37.613452,parking,50,,5.74,18.13,907
158470435,55.9230989,37.7693022,mall,150,Лента,24.1,20.88,2476
158515533,55.9358828,37.5532035,parking,50,,5.74,20.42,2200
158633689,55.8238125,37.5033781,parking,50,,7.71,10.39,705
159496671,55.9196878,37.7084115,mall,150,Июнь,28.35,19.09,2522
159500132,55.9032577,37.5890517,parking,50,,5.74,16.49,917
159510584,55.9054559,37.591058,parking,50,Союз-Чернобыль,4.72,16.72,696
159680366,55.9051826,37.7066981,mall,150,"Торговый центр ""Юбилейный""",28.35,17.52,1815
160195744,55.6399526,37.7581408,mall,150,"Торговый центр ""Ключевой""",28.35,15.62,3926
160209138,55.806257,37.4540431,parking,50,,7.71,11.65,1332
160282318,55.6596555,37.7496834,mall,150,Бум,34.65,13.53,1818
160282366,55.6571618,37.7524669,parking,50,,8.25,13.86,2046
160282423,55.668169,37.7681269,parking,50,,7.01,13.57,1000
160415490,55.8548154,37.4776418,mall,150,Речной,29.45,14.05,1227
160795412,55.7541224,37.8338689,parking,50,,7.01,13.55,857
160795415,55.7564796,37.8321919,parking,50,,7.01,13.45,791
160795416,55.7546828,37.8340717,parking,50,,7.01,13.56,805
160795421,55.7549361,37.8336999,parking,50,,7.01,13.54,804
160954802,55.7532058,37.834435,parking,50,,7.01,13.59,908
160954805,55.7544178,37.8369622,parking,50,,7.01,13.75,705
160954809,55.7545741,37.8365687,parking,50,,7.01,13.72,706
160954810,55.7531161,37.8328575,parking,50,,7.01,13.49,981
161018686,55.7540388,37.8348565,parking,50,,7.01,13.61,821
161028737,55.7540153,37.8358537,parking,50,,7.01,13.68,783
161028739,55.754121,37.8373686,parking,50,,7.01,13.77,718
161138005,55.6218777,37.7833109,mall,150,Южные ворота,28.35,18.17,6139
161280903,55.7567188,37.834655,parking,50,,5.77,13.6,642
161280904,55.7558642,37.8339276,parking,50,,7.01,13.55,731
161280908,55.7516736,37.8307016,parking,50,,7.01,13.36,1190
161280911,55.7565858,37.8338549,parking,50,,5.77,13.55,693
161280912,55.7558354,37.8349389,parking,50,,5.77,13.62,681
161280915,55.751916,37.8319578,parking,50,,7.01,13.44,1118
161280920,55.7558171,37.8359085,parking,50,,5.77,13.68,635
161393051,55.753901,37.8275508,parking,50,,7.01,13.16,1184
161448563,55.8264144,37.4643822,parking,50,,7.01,12.37,767
161656563,55.8888778,37.5969654,parking,50,,8.25,14.85,2406
161656567,55.8906436,37.5966018,parking,50,,6.75,15.05,2378
161925716,55.8897445,37.679274,parking,50,,5.74,15.39,1077
161965340,55.6790894,37.7780559,parking,50,,7.01,13.2,1308
162781716,55.8448271,37.4477785,parking,50,,7.01,14.5,869
162835220,55.8450028,37.451094,parking,50,,7.01,14.36,1015
162835567,55.8445846,37.4529511,parking,50,,7.01,14.25,1136
162893442,55.6102537,37.6174544,parking,50,,6.75,16.18,1516
163120840,55.7578948,37.4114218,parking,50,,8.25,12.88,1645
163120842,55.7577282,37.4106309,parking,50,,8.25,12.93,1630
163120849,55.7576851,37.4097074,parking,50,,8.25,12.99,1631
163638607,55.8080947,37.51066,mall,150,Москва-Сокол,26.68,8.85,569
163795640,55.9205603,37.838346,mall,150,"Торговый центр ""Ковчег""",24.1,22.94,2507
164222304,55.6188145,37.6653843,parking,50,,6.75,15.53,2817
164222311,55.618562,37.6634646,parking,50,,6.75,15.53,2715
164426674,55.6571396,37.7432102,parking,50,,8.25,13.51,2227
164598243,55.7996073,37.5179429,parking,50,,7.71,7.9,780
164949827,55.6440954,37.3676607,parking,50,,6.75,19.97,5728
165219831,55.927892,37.5586291,parking,50,,6.75,19.48,2416
165982890,55.6224814,37.6602562,parking,50,,6.75,15.07,2940
166003902,55.9445368,37.4936125,parking,50,,4.88,22.36,806
166682155,55.8078533,37.7101898,parking,50,,7.71,8.2,1098
166905780,55.937554,37.5204551,parking,50,,4.88,21.09,922
167170147,55.8047497,37.7388713,parking,50,,9.08,9.35,1592
167288668,55.8005641,37.7571677,parking,50,,9.08,10.06,2016
167291400,55.8285275,37.7651513,parking,50,,8.25,12.28,2979
167491412,55.7459151,37.7958026,parking,50,,9.08,11.22,1809
167648243,55.7484712,37.7912503,parking,50,,9.08,10.92,1664
167648245,55.7483949,37.7908216,parking,50,,9.08,10.89,1636
168184632,55.8506461,37.4472934,parking,50,,5.77,14.97,587
168186367,55.8508103,37.4468143,parking,50,,4.72,15.0,559
168511230,55.6854032,37.8977371,parking,50,,6.75,19.23,2509
169202786,55.7662439,37.8332303,parking,50,,7.01,13.56,989
169324924,55.9063371,37.8677351,mall,150,ТК «Звёздный»,24.1,22.91,4918
169326132,55.9144532,37.8666668,mall,150,ТЦ Гелиос,24.1,23.53,4372
169358616,55.7127044,37.8205339,parking,50,,8.25,13.6,1516
169752851,55.6230751,37.6555618,parking,50,,8.25,14.95,2849
169752854,55.6239951,37.6490636,parking,50,,8.25,14.79,2784
169752864,55.6229645,37.6537479,parking,50,,8.25,14.95,2788
170022127,55.7126179,37.8163843,mall,150,"торговый центр ""Маяк""",29.45,13.36,1260
170104883,55.7508395,37.8203277,mall,150,"Торговый центр ""Шангал""",34.65,12.72,1749
170306727,55.8889577,37.4871657,parking,50,,5.74,16.89,1230
170306728,55.890047,37.4877547,parking,50,,5.74,16.98,1356
170485666,55.6082413,37.6072293,parking,50,,5.74,16.42,999
170508723,55.6060418,37.6084509,parking,50,,5.74,16.66,807
170509760,55.6058328,37.6092281,parking,50,,5.74,16.68,812
170681300,55.6142329,37.6079673,parking,50,,6.75,15.75,1653
171277652,55.93291,37.5568954,parking,50,,5.74,20.05,2339
172010828,55.799587,37.5864914,parking,50,,7.51,5.24,585
172376814,55.6870557,37.9369589,parking,50,,5.74,21.43,4280
172460666,55.7496782,37.7570328,parking,50,,7.71,8.77,1201
172682676,55.8901302,37.4065405,parking,50,,4.72,19.91,509
172686401,55.8900545,37.4105477,parking,50,,5.74,19.74,747
172686413,55.8905009,37.4100469,parking,50,,5.74,19.8,704
172686581,55.8906324,37.4113609,parking,50,,5.74,19.75,766
172984707,55.7235737,37.6744134,parking,50,,9.12,5.06,940
173489709,55.8563223,37.6919008,parking,50,,7.01,12.11,1274
173514414,55.6375181,37.3559504,parking,50,,5.74,21.01,6583
173869155,55.8895145,37.5227831,parking,50,,5.74,16.0,728
173909364,55.698101,37.8263066,parking,50,,8.25,14.58,1644
173984802,55.8855301,37.5061288,parking,50,,4.72,16.01,541
174045013,55.906789,37.3998879,parking,50,,4.02,21.59,538
175033089,55.6177814,37.5110356,mall,150,Торгово-гостиничный комплекс,28.35,16.73,2486
175105300,55.6078228,37.6066711,parking,50,,5.74,16.47,944
175442566,55.9084878,37.3988089,parking,50,,4.02,21.78,567
175488605,55.8846696,37.5038423,parking,50,,4.72,15.99,678
175564288,55.7524989,37.8325327,parking,50,,7.01,13.47,1045
175734742,55.867237,37.443492,parking,50,,6.75,16.48,1549
175936031,55.8898133,37.5383059,parking,50,,5.74,15.7,1456
176303471,55.8816377,37.3891663,parking,50,,5.74,19.97,1301
176305462,55.8171782,37.8265823,parking,50,,7.01,14.76,1277
176305938,55.8166379,37.8284331,parking,50,,7.01,14.83,1154
176335930,55.6046443,37.6051105,parking,50,,4.72,16.83,577
176354094,55.5785025,37.5933438,parking,50,,5.74,19.77,1255
176478734,55.9111333,37.3843005,parking,50,,4.02,22.58,634
176751900,55.7254456,37.804524,parking,50,,7.01,12.2,1324
176751915,55.7238098,37.8007986,parking,50,,7.01,12.02,1078
176751918,55.7207856,37.8152988,parking,50,,7.01,12.99,1373
176751922,55.7265752,37.804097,parking,50,,7.01,12.14,1432
176751925,55.7206142,37.8094425,parking,50,,7.01,12.65,1063
176751941,55.7213711,37.8313876,parking,50,,8.25,13.94,2316
176751945,55.7212373,37.8081645,parking,50,,7.01,12.55,1052
176751949,55.7195923,37.8192516,parking,50,,8.25,13.27,1535
176751958,55.7213477,37.8135361,parking,50,,7.01,12.87,1315
176751961,55.721899,37.8086368,parking,50,,7.01,12.56,1126
176751963,55.7205658,37.8159768,parking,50,,7.01,13.04,1397
176751986,55.7211717,37.8140932,parking,50,,7.01,12.91,1332
176751991,55.7214322,37.8136085,parking,50,,7.01,12.87,1324
176751994,55.7198493,37.8190419,parking,50,,8.25,13.25,1534
176752000,55.7191959,37.8206031,parking,50,,8.25,13.36,1599
176752003,55.7212694,37.8080588,parking,50,,7.01,12.54,1050
176752008,55.720291,37.8223638,parking,50,,8.25,13.43,1745
176752023,55.7190745,37.8210169,parking,50,,8.25,13.39,1619
176752046,55.719458,37.8198141,parking,50,,8.25,13.31,1563
176752047,55.7209989,37.812641,parking,50,,7.01,12.83,1247
176772307,55.8695668,37.5077786,mall,150,Северный,29.45,14.38,1190
177142544,55.8852129,37.4069034,mall,150,"Торгово-развлекательный центр ""Парус""",24.1,19.49,894
177210739,55.6835694,37.8924325,parking,50,,6.75,19.01,2137
177232778,55.8804265,37.5220161,parking,50,,4.72,15.08,666
177505739,55.8101545,37.8090285,parking,50,,8.25,13.43,2007
177945105,55.6821266,37.6598542,parking,50,,7.71,8.61,992
178014845,55.7866756,37.7148692,parking,50,,6.35,7.0,544
178163703,55.8050169,37.7078281,parking,50,,7.71,7.87,1136
178167801,55.7906873,37.7802933,parking,50,,9.08,10.91,2658
178167802,55.7903385,37.7804444,parking,50,,9.08,10.9,2659
178441139,55.7986502,37.733745,parking,50,,7.71,8.7,1424
178441140,55.7947422,37.7363697,parking,50,,7.71,8.61,1017
178441145,55.7949384,37.7327923,parking,50,,7.71,8.43,1092
178441146,55.7984589,37.7400004,parking,50,,7.71,9.02,1421
179223635,55.8880723,37.438063,parking,50,,6.75,18.48,2142
179302224,55.8898078,37.5383058,mall,150,Торгово–развлекательный центр «Зиг-Заг»,24.1,15.7,1455
179957806,55.8106722,37.5667064,parking,50,,9.12,6.87,1160
179957807,55.810759,37.5662127,parking,50,,9.12,6.9,1175
180042489,55.9344368,37.8469559,parking,50,,5.74,24.5,2627
180163686,55.7832071,37.866094,parking,50,,5.74,15.86,827
180163687,55.7836224,37.868725,parking,50,,5.74,16.03,703
180163690,55.7843895,37.8690271,mall,150,М7,19.84,16.06,667
180163893,55.7852466,37.8698118,parking,50,,4.72,16.13,610
180164364,55.784119,37.8711799,parking,50,,4.72,16.19,541
180566470,55.7627182,37.4976392,parking,50,,7.71,7.53,1463
180752381,55.6977059,37.9091738,parking,50,,6.75,19.38,2413
180752698,55.6963323,37.9108749,parking,50,,6.75,19.54,2599
180866614,55.6147654,37.6057124,parking,50,,6.75,15.7,1686
180866692,55.613669,37.6051819,parking,50,,6.75,15.82,1561
180954783,55.8141021,37.8294391,parking,50,,7.01,14.76,917
180977559,55.9247518,37.8626235,parking,50,,5.74,24.24,3716
180989821,55.7812595,37.6971654,parking,50,,9.12,5.74,717
181597026,55.7798181,37.7221186,parking,50,,7.71,7.08,1098
181712396,55.7936095,37.8023012,parking,50,,8.25,12.31,2610
181712935,55.7925422,37.8068106,parking,50,,8.25,12.54,2359
181713154,55.7917624,37.8106013,parking,50,,8.25,12.73,2172
182024129,55.699256,37.528188,parking,50,,9.08,8.41,1530
182040213,55.6043523,37.6079332,parking,50,,4.72,16.85,631
182171289,55.6817384,37.8629232,parking,50,,5.74,17.45,798
182237005,55.6999588,37.5754111,parking,50,,9.12,6.74,753
182830981,55.9114381,37.3885498,parking,50,,4.02,22.44,693
183358122,55.9429504,37.7707822,parking,50,,5.74,22.91,2390
183811294,55.8865889,37.7360307,parking,50,,5.74,16.33,1320
183888194,55.6859937,37.8986376,mall,150,Люберецкие торговые ряды,28.35,19.25,2596
184007518,55.6706082,37.4884236,parking,50,,5.77,12.45,674
184007525,55.6713282,37.4859703,parking,50,,7.01,12.49,718
184007526,55.6741428,37.4839829,parking,50,,7.01,12.34,1027
184152547,55.9122359,37.7085708,parking,50,,6.75,18.3,2059
184179719,55.7542335,37.7525158,mall,150,"Торговый центр ""Clever""",38.12,8.46,1649
184261422,55.6693979,37.4518014,parking,50,,8.25,14.13,2124
184268575,55.9100631,37.712562,parking,50,,6.75,18.16,1715
184467833,55.9151169,37.8462624,parking,50,,5.74,22.76,3262
184467856,55.9161977,37.8484524,parking,50,,5.74,22.94,3301
185283783,55.7924921,37.5499481,parking,50,,9.12,5.86,815
187295097,55.7520324,37.8181411,parking,50,,8.25,12.57,1799
188183281,55.8131728,37.7370073,transport_hub,150,"Конечная автобусная станция ""Бульвар Рокоссовского""",30.08,9.83,927
188183286,55.8143506,37.7346156,parking,50,,7.71,9.81,746
188183287,55.814838,37.7334921,parking,50,,6.35,9.79,666
188183447,55.8440037,37.503834,parking,50,,7.01,12.1,1347
188183448,55.8442974,37.5048613,parking,50,,7.01,12.09,1411
188233313,55.8580171,37.3839844,parking,50,,6.75,18.49,1860
188435437,55.8266649,37.758597,parking,50,,9.08,11.84,2521
188618953,55.8479035,37.4882203,parking,50,,5.77,13.04,564
188704548,55.8247019,37.7551579,parking,50,,9.08,11.53,2230
188704586,55.8257943,37.7539276,parking,50,,9.08,11.56,2218
188704833,55.8245884,37.7522212,parking,50,,9.08,11.39,2061
188704834,55.824522,37.7567555,parking,50,,9.08,11.59,2312
188811853,55.7945838,37.7279347,parking,50,,7.71,8.15,1005
188993987,55.718711,37.5809122,parking,50,,9.94,4.71,731
189018809,55.6549353,37.8446769,parking,50,,6.75,18.13,2243
189263905,55.8418152,37.5487612,parking,50,,9.08,10.48,1777
189481420,55.8261699,37.7653096,parking,50,,8.25,12.12,2875
189481519,55.8261448,37.7675549,parking,50,,8.25,12.22,3003
189481560,55.8256621,37.7662278,parking,50,,8.25,12.13,2906
189814593,55.8390079,37.6433733,parking,50,,7.71,9.39,782
189993718,55.810421,37.5058103,parking,50,,7.71,9.25,948
190096682,55.791581,37.742039,parking,50,,6.35,8.76,687
190118725,55.7927535,37.7708717,parking,50,,9.08,10.45,2158
190436586,55.71453,37.4141623,parking,50,,7.01,13.52,849
190715484,55.8100661,37.7284049,parking,50,,7.71,9.2,737
190715485,55.810636,37.7273199,parking,50,,6.35,9.19,650
190715486,55.810535,37.7281751,parking,50,,6.35,9.23,684
190916490,55.7120279,37.4173991,parking,50,,7.01,13.43,1179
191031603,55.7781163,37.454403,parking,50,,9.08,10.49,1817
191043553,55.8374393,37.6457517,parking,50,,6.35,9.25,613
191053732,55.8331982,37.651825,parking,50,,6.35,8.87,526
191056591,55.8225293,37.7573938,parking,50,,9.08,11.48,2268
191527853,55.8237036,37.7605653,parking,50,,9.08,11.71,2498
191553206,55.6590992,37.8831797,parking,50,,5.74,19.83,1326
191553208,55.6600497,37.8821496,parking,50,,5.74,19.71,1202
191553209,55.6606913,37.8795006,mall,150,Outlet Village Белая Дача,24.1,19.54,1050
191883886,55.8613153,37.4807059,parking,50,,7.01,14.51,896
191940842,55.8424714,37.502993,parking,50,,7.71,12.0,1307
192035792,55.7241786,37.4007462,parking,50,,5.77,14.0,520
192050834,55.8220712,37.7576554,parking,50,,9.08,11.46,2267
192918049,55.8305075,37.759557,parking,50,,8.25,12.17,2797
192923475,55.7089756,37.7447806,parking,50,,7.71,9.53,1433
193152503,55.9257914,37.8203762,mall,150,"Торговый центр ""Каньон""",20.48,22.76,1260
193152505,55.9167133,37.8511021,parking,50,,5.74,23.09,3407
193152507,55.9186136,37.8526378,parking,50,,5.74,23.32,3383
193152508,55.920998,37.854207,parking,50,,5.74,23.58,3355
193152509,55.9201051,37.8536196,parking,50,,5.74,23.48,3362
193152511,55.92489,37.8574212,parking,50,,5.74,24.05,3398
193281495,55.8368122,37.6375066,parking,50,,6.35,9.1,559
193437549,55.8254715,37.6952901,parking,50,,7.71,9.15,1409
193516930,55.67644,37.877984,parking,50,,5.74,18.56,969
193641227,55.8389043,37.637921,parking,50,,6.35,9.33,606
194446670,55.8343472,37.3824339,parking,50,,5.74,17.08,719
194603537,55.8036026,37.4004598,parking,50,,7.01,14.56,1273
194877512,55.8295609,37.6664447,parking,50,,7.71,8.76,1108
195136815,55.8271069,37.666209,parking,50,,7.71,8.5,1326
195626221,55.703006,37.5754089,parking,50,,9.12,6.43,789
195700460,55.6931012,37.7445493,parking,50,,9.08,10.59,2056
195738636,55.7793911,37.6927898,parking,50,,9.12,5.4,1059
195748548,55.6250062,37.6679485,parking,50,,8.25,14.89,3409
196079323,55.8362908,37.6434811,parking,50,,7.71,9.1,766
196086164,55.6267237,37.8387973,mall,150,,28.35,19.97,5084
196324772,55.6909912,37.8711115,parking,50,,5.74,17.45,1327
196741212,55.8563846,37.4789832,parking,50,,7.01,14.14,1185
196952803,55.7856666,37.603098,parking,50,,9.94,3.44,760
196956217,55.7837076,37.6039711,parking,50,,8.19,3.21,587
197530734,55.7745285,37.4644105,parking,50,,9.08,9.79,1586
197566365,55.7030805,37.5691396,parking,50,,9.12,6.59,1160
197879679,55.7671479,37.70462,parking,50,,10.73,5.61,1957
197880272,55.7647939,37.7033549,parking,50,,10.73,5.48,1831
198289930,55.8229839,37.8230071,parking,50,,8.25,14.87,1915
198290035,55.6980676,37.5234538,parking,50,,7.71,8.7,1287
198290036,55.6988596,37.522109,parking,50,,7.71,8.7,1206
198660322,55.8510301,37.4917992,parking,50,,7.01,13.18,975
198660323,55.8515794,37.4912743,parking,50,,7.01,13.25,1005
198660324,55.852201,37.4925794,parking,50,,7.01,13.25,1109
199006446,55.5659902,37.5570737,parking,50,,4.88,21.44,948
199347152,55.9057642,37.6099566,parking,50,,6.75,16.68,1507
199347164,55.9050644,37.6108431,parking,50,,6.75,16.6,1590
199348638,55.7849907,37.6004142,parking,50,,9.94,3.41,850
199900183,55.8268395,37.3922256,parking,50,,5.74,16.14,724
200139138,55.7393022,37.7946634,parking,50,,9.08,11.25,1660
200330284,55.8506687,37.4804389,parking,50,,7.01,13.58,741
200330286,55.8742216,37.5903236,parking,50,,8.25,13.28,1995
201549640,55.9018241,37.7133388,parking,50,,5.74,17.31,1344
201549642,55.9009051,37.7103849,parking,50,,6.75,17.15,1525
201549646,55.901254,37.7119694,parking,50,,5.74,17.22,1426
201549660,55.9026605,37.71543,parking,50,,5.74,17.44,1224
201549668,55.9020286,37.7173827,parking,50,,5.74,17.42,1094
201718135,55.5679466,37.9407316,parking,50,,4.46,29.12,9693
201771934,55.6552491,37.5524915,parking,50,,9.08,11.9,1834
202266369,55.6525052,37.5532426,parking,50,,8.25,12.17,2135
202337392,55.6575296,37.5446482,parking,50,,7.71,11.84,1455
202337394,55.6565698,37.543596,parking,50,,9.08,11.96,1553
202337395,55.6569814,37.5441826,parking,50,,9.08,11.9,1512
202507386,55.919818,37.7079644,parking,50,,6.75,19.1,2497
202521223,55.6605146,37.5589989,parking,50,,9.08,11.21,1571
202521224,55.6599418,37.5589904,parking,50,,9.08,11.27,1617
202521379,55.6587313,37.5545638,parking,50,,9.08,11.49,1551
202593670,55.6590091,37.5541444,parking,50,,9.08,11.47,1511
202595030,55.6566083,37.5474099,parking,50,,9.08,11.87,1590
202680336,55.6568799,37.5543484,parking,50,,9.08,11.69,1721
202782863,55.6924124,37.7274993,mall,150,"Торговый центр ""Астория""",38.12,9.86,2440
202924346,55.677847,37.5071666,mall,150,Обувь-Сити,32.4,11.08,1462
203153319,55.5821638,37.9123972,mall,150,Весна,18.74,26.74,7870
203206209,55.6807741,37.6782692,parking,50,,6.35,9.17,700
203235124,55.8612182,37.4836968,parking,50,,7.01,14.39,1069
203687622,55.6591748,37.8470277,parking,50,,6.75,17.96,1829
203856097,55.6762665,37.7798004,parking,50,,7.01,13.48,1351
203856478,55.6749277,37.7789382,parking,50,,7.01,13.54,1293
203974806,55.9137171,37.5803651,parking,50,,4.72,17.71,539
203974834,55.9147459,37.5791256,parking,50,,4.72,17.83,664
204028854,55.5915013,37.3661964,mall,150,Радуга,24.1,24.12,7430
204090655,55.8082447,37.7629996,parking,50,,9.08,10.82,2641
204156466,55.7964098,37.6988715,parking,50,,7.51,6.81,631
204198725,55.8188786,37.7556771,parking,50,,9.08,11.14,2065
204347530,55.8048254,37.7726409,parking,50,,9.08,11.14,3003
204576219,55.6516576,37.5831312,parking,50,,9.08,11.78,2250
204576508,55.6511884,37.5818285,parking,50,,9.08,11.84,2303
204723666,55.6444847,37.5821321,parking,50,,8.25,12.57,3048
204723762,55.6434251,37.5853038,parking,50,,8.25,12.66,3170
205051939,55.8166913,37.7355302,parking,50,,7.71,10.02,785
205383857,55.8090887,37.5572793,parking,50,,9.08,7.01,1607
205608850,55.6481547,37.7464743,parking,50,,8.25,14.45,3104
205659050,55.6498651,37.5793886,parking,50,,8.25,12.02,2458
205841636,55.6348343,37.8121378,parking,50,,6.75,18.17,4782
205841639,55.6350839,37.8132004,parking,50,,6.75,18.19,4735
205877716,55.8152846,37.7921965,parking,50,,8.25,12.78,3132
205881518,55.813712,37.7936945,parking,50,,8.25,12.77,3006
205881867,55.8155553,37.7961113,parking,50,,8.25,13.01,2901
205882001,55.8160401,37.7935923,parking,50,,8.25,12.9,3067
206090436,55.866852,37.4769767,parking,50,,4.72,15.14,593
206225793,55.6843093,37.5379717,parking,50,,7.71,9.37,748
207305886,55.8572465,37.4092926,parking,50,,4.72,17.21,609
207417720,55.7949579,37.7836185,mall,150,"Торговый центр ""Парагон""",38.12,11.28,2990
207439334,55.8442525,37.4313849,parking,50,,5.74,15.22,789
207443080,55.8822957,37.4161433,parking,50,,6.75,18.86,1512
207825348,55.7490004,37.8177556,parking,50,,8.25,12.57,1998
207825359,55.7484008,37.8182881,parking,50,,8.25,12.6,2011
208552946,55.6045344,37.5188273,parking,50,,6.75,17.92,2269
208552950,55.6040938,37.5198355,parking,50,,6.75,17.94,2327
208569480,55.7504531,37.8174167,parking,50,,8.25,12.54,1925
208577247,55.7490145,37.8153119,parking,50,,8.25,12.41,2122
208577251,55.7517891,37.8135532,parking,50,,8.25,12.29,2069
209139782,55.6362845,37.5210905,mall,150,Дропин,34.65,14.59,1732
209829249,55.8141649,37.7608988,parking,50,,9.08,11.08,2375
210470817,55.7475328,37.5812912,mall,150,Смоленский пассаж,48.19,2.43,812
211259405,55.6305241,37.4820588,mall,150,"Торговый центр ""Тропарёво""",28.35,16.31,1662
212074004,55.6112434,37.7210528,parking,50,,6.75,17.34,3355
213447383,55.8057271,37.5588193,parking,50,,9.12,6.65,1491
213490170,55.6549962,37.5595062,parking,50,,9.08,11.78,2068
215294639,55.7678758,37.6921135,parking,50,,9.94,4.87,1493
215601990,55.7756937,37.5372975,parking,50,,9.12,5.47,1419
216931737,55.6633794,37.4937756,parking,50,,5.77,12.86,593
217477490,55.8489093,37.4557655,parking,50,,7.01,14.46,1126
217477854,55.8474545,37.4544848,parking,50,,7.01,14.4,1084
218142011,55.8387029,37.3785554,parking,50,Волоколамская,5.74,17.54,1047
218535654,55.7008732,37.5719911,parking,50,,9.12,6.73,875
219532152,55.9135129,37.7639405,mall,150,"Торговый дом ""Особняк""",28.35,19.78,2285
219731442,55.5981687,37.5277825,parking,50,,6.75,18.4,2847
219875101,55.6620456,37.5752379,parking,50,,7.71,10.75,1191
219875103,55.6611318,37.5736004,parking,50,,7.71,10.88,1325
219875106,55.6620504,37.5757538,parking,50,,7.71,10.74,1178
219875107,55.6616206,37.5714872,parking,50,,7.71,10.86,1341
219875110,55.6626103,37.5726581,parking,50,,7.71,10.73,1209
220204465,55.8977838,37.4787867,parking,50,,6.75,18.0,2185
220264432,55.7945594,37.5431402,parking,50,,9.12,6.33,1261
220267136,55.7924484,37.5456872,parking,50,,9.12,6.06,1082
220267137,55.7908047,37.5434206,parking,50,,9.12,6.04,1238
220566309,55.898056,37.4805007,parking,50,,6.75,17.98,2207
220567408,55.8962498,37.480836,parking,50,,6.75,17.79,2005
220567409,55.8965589,37.4808159,parking,50,,6.75,17.82,2039
220733978,55.7599516,37.863874,mall,150,"Торговый дом ""Рассвет""",19.84,15.43,611
221017439,55.6613564,37.5203897,parking,50,,5.77,12.13,653
221017451,55.6603849,37.5197536,parking,50,,5.77,12.24,698
221129586,55.6590832,37.5147889,parking,50,,5.77,12.53,679
221233835,55.7717027,37.8652321,mall,150,Мир,24.1,15.61,1041
221910918,55.8035633,37.6444383,parking,50,,7.51,5.58,514
221910920,55.7999872,37.5786873,parking,50,,7.51,5.47,543
221950559,55.8667911,37.4463665,parking,50,,5.74,16.32,1364
221950560,55.8671998,37.4462614,parking,50,,5.74,16.36,1377
222343535,55.6684709,37.5193721,parking,50,,6.35,11.49,589
222510017,55.5809834,37.5843425,parking,50,,4.72,19.55,672
222645659,55.8725866,37.5606205,parking,50,,5.77,13.46,671
222735434,55.8612841,37.4292613,parking,50,,5.74,16.6,794
223013522,55.732673,37.6457042,parking,50,,8.19,3.13,559
223013523,55.7326168,37.647261,parking,50,,8.19,3.19,634
223029303,55.8264562,37.4327296,parking,50,Московский Паркинг,7.01,13.96,1217
223036363,55.8551432,37.613175,parking,50,,7.71,11.05,1288
223292925,55.6659706,37.8802297,parking,50,,4.72,19.26,670
223387882,55.6746275,37.8770301,parking,50,,5.74,18.6,764
223398845,55.6749795,37.8755202,parking,50,,5.74,18.5,756
223398848,55.6757357,37.8758866,parking,50,,5.74,18.48,842
223539872,55.6739255,37.8747365,parking,50,,4.72,18.52,629
223576761,55.8552724,37.6152687,parking,50,,7.71,11.06,1417
223974303,55.6212866,37.6711693,parking,50,,6.75,15.33,3266
224065445,55.5696679,37.5790473,mall,150,"Торговый центр ""Круг""",16.87,20.84,519
224142641,55.7491717,37.8488852,mall,150,,24.25,14.51,534
224468705,55.6684606,37.8826122,parking,50,,5.74,19.25,745
224629813,55.6734749,37.8719538,parking,50,,4.72,18.39,532
224891594,55.6263494,37.6722234,parking,50,,8.25,14.8,3397
224958081,55.5740999,37.5652396,mall,150,Алфавит,20.48,20.47,870
226074811,55.7926612,37.4886952,parking,50,,6.35,9.03,532
226360407,55.7116243,37.7792674,parking,50,,6.35,11.27,639
227416884,55.6568803,37.5344238,parking,50,,8.25,12.16,1570
227416887,55.6568611,37.5338253,parking,50,,8.25,12.18,1583
227420800,55.6571223,37.5326853,parking,50,,8.25,12.19,1553
227483631,55.884551,37.6454758,parking,50,,5.77,14.42,685
227487516,55.8832786,37.6470087,parking,50,,7.01,14.3,785
227488231,55.7235659,37.9097018,mall,150,"Торговый центр ""Лухмановский 36""",28.35,18.65,1743
227489734,55.8819678,37.6486433,parking,50,,5.77,14.17,654
227581006,55.6573321,37.531492,parking,50,,7.01,12.2,1479
227608897,55.6776326,37.4840966,parking,50,,7.01,12.05,1415
227611478,55.8819655,37.6502329,parking,50,,5.77,14.18,598
227643515,55.798766,37.6141538,parking,50,,8.19,4.78,542
227837939,55.881753,37.4194409,parking,50,,6.75,18.68,1703
227837941,55.8827271,37.4179463,parking,50,,6.75,18.82,1562
228034744,55.6900091,37.5269373,parking,50,,9.08,9.25,1591
228034745,55.6897441,37.5272313,parking,50,,9.08,9.26,1562
228136028,55.6585625,37.9240191,mall,150,"Торговый центр ""Арбатский""",20.48,22.05,1314
228360875,55.7333904,37.667177,parking,50,,8.19,3.99,516
228627430,55.7101503,37.8116725,parking,50,,7.01,13.19,1061
228627447,55.713117,37.814134,parking,50,,7.01,13.21,1113
229104743,55.6778682,37.4839684,parking,50,,7.01,12.03,1441
229104745,55.6765891,37.4848942,parking,50,,7.01,12.1,1298
229252520,55.8168706,37.7019213,parking,50,,6.35,8.61,695
229291657,55.8839512,37.5269006,parking,50,,5.74,15.33,766
229291658,55.8839364,37.528329,parking,50,,5.74,15.29,855
229291659,55.8855395,37.5259801,parking,50,,5.74,15.51,708
229333467,55.5784613,37.9099615,mall,150,Ассортида,18.74,26.94,8275
229366364,55.8355875,37.6428216,parking,50,,7.71,9.01,822
229886839,55.900489,37.7019922,parking,50,,6.75,16.94,2049
229886840,55.9013545,37.6978474,parking,50,,6.75,16.95,2307
229886841,55.9006378,37.7022867,parking,50,,6.75,16.96,2030
229886843,55.9004604,37.6990828,parking,50,,6.75,16.88,2230
230076660,55.5830182,37.5952755,mall,150,Галерея Атлантис,24.1,19.26,1386
230362278,55.7962409,37.6008211,parking,50,,8.19,4.61,571
230386247,55.6889164,37.8090065,parking,50,,8.25,14.12,2263
230386264,55.6905345,37.8084858,parking,50,,8.25,14.0,2305
230386270,55.6942199,37.8010331,parking,50,,8.25,13.39,1690
230569847,55.9344551,37.514052,parking,50,,4.02,20.89,682
230767818,55.6970618,37.875821,mall,150,Искра,24.1,17.46,1468
231020068,55.6846612,37.521574,parking,50,,9.08,9.93,1777
231241026,55.6687483,37.8790457,parking,50,,4.72,19.04,520
231384399,55.8258253,37.572037,parking,50,,7.71,8.28,969
231792356,55.724078,37.6544611,parking,50,,9.94,4.23,722
231800303,55.8997151,37.4206112,parking,50,,4.02,20.17,521
231896957,55.7742682,37.4896908,parking,50,,7.71,8.24,1265
232054358,55.6684425,37.8809215,parking,50,,4.72,19.16,639
233101288,55.9115805,37.3776874,parking,50,,4.88,22.89,832
233901091,55.8645776,37.3982156,parking,50,,5.74,18.27,1215
234105250,55.9446863,37.7793822,parking,50,,5.74,23.31,2046
234249404,55.6664851,37.8814465,parking,50,,5.74,19.3,716
234249405,55.6664002,37.8808386,parking,50,,4.72,19.27,684
234249410,55.6666794,37.8798624,parking,50,,4.72,19.2,616
234249412,55.667156,37.8789594,parking,50,,4.72,19.13,544
234444652,55.8555085,37.6141981,parking,50,,7.71,11.09,1362
234543661,55.6480759,37.7418465,parking,50,,8.25,14.3,3195
234896144,55.6525515,37.7230457,parking,50,,8.25,13.26,3358
234896145,55.6525532,37.7182618,parking,50,,8.25,13.11,3562
235136231,55.7941219,37.604308,parking,50,,8.19,4.34,654
235352190,55.7216889,37.5300922,parking,50,,9.12,6.65,1121
235419647,55.7228676,37.533348,parking,50,,9.12,6.41,1334
235636492,55.6566457,37.4962199,parking,50,,7.01,13.38,1168
235641433,55.6502249,37.7445991,parking,50,,8.25,14.19,2914
235938219,55.6551226,37.4972307,parking,50,,7.01,13.49,1234
235955959,55.9295782,37.7516998,parking,50,,5.74,21.07,3333
236090562,55.9160072,37.8685002,mall,150,ТЦ Луноход,24.1,23.74,4395
236296666,55.8916415,37.4116643,parking,50,,4.72,19.83,666
236296671,55.8829151,37.4197548,parking,50,,6.75,18.76,1636
236296672,55.8832884,37.4183835,parking,50,,6.75,18.85,1543
236296674,55.8819453,37.4208416,parking,50,,6.75,18.64,1756
236364992,55.8356627,37.3838736,parking,50,,4.72,17.08,632
236508641,55.6442781,37.5266426,mall,150,Белка,34.65,13.64,1908
236511393,55.7229636,37.4405516,parking,50,,9.08,11.65,1706
236557894,55.6699883,37.5128456,parking,50,,6.35,11.57,554
236724772,55.9006423,37.5897566,parking,50,,5.74,16.2,1210
236729933,55.8986857,37.5959183,parking,50,,6.75,15.94,1505
236738699,55.8935454,37.6175763,parking,50,,5.74,15.32,1322
237074393,55.8709518,37.6057283,parking,50,,8.25,12.82,2266
237074983,55.8737361,37.6080844,parking,50,,8.25,13.13,1965
237163654,55.6549251,37.5399662,parking,50,,8.25,12.22,1730
237509198,55.6484213,37.7373047,parking,50,,8.25,14.11,3263
237509200,55.6513188,37.7157473,parking,50,,8.25,13.15,3771
237509201,55.6506093,37.7158506,parking,50,,8.25,13.23,3822
237518497,55.6516141,37.7412595,parking,50,,8.25,13.95,2839
237678459,55.8238129,37.5718837,parking,50,,7.71,8.08,786
237724779,55.6622281,37.5454394,parking,50,,7.71,11.34,954
237814194,55.6076726,37.532297,mall,150,Калита,28.35,17.31,3161
237874278,55.7161713,37.4484594,parking,50,,9.08,11.45,2472
237912840,55.792861,37.8931779,parking,50,,5.74,17.74,807
238286413,55.829538,37.3725764,parking,50,,5.74,17.36,1083
238286415,55.8289807,37.3703278,parking,50,,5.74,17.45,1001
238471165,55.6533749,37.7191174,parking,50,,8.25,13.05,3460
238557007,55.6211423,37.4872313,parking,50,,6.75,17.05,2144
239647912,55.6519815,37.5342613,parking,50,,8.25,12.66,2002
239651220,55.6456728,37.5206305,parking,50,,8.25,13.66,1553
239954994,55.7514209,37.8267046,parking,50,,7.01,13.11,1391
239977961,55.6447719,37.7142526,parking,50,,8.25,13.76,4375
240267333,55.8115742,37.7299343,parking,50,,6.35,9.38,652
240267334,55.8120382,37.7289279,parking,50,,6.35,9.37,571
240476193,55.6791157,37.4343347,parking,50,,8.25,14.28,3424
240899254,55.7955257,37.5445066,parking,50,,9.12,6.34,1203
241527083,55.8640688,37.5465245,parking,50,,7.01,12.83,1360
241751768,55.8946758,37.4202014,parking,50,,5.74,19.75,821
242340873,55.6258568,37.7585629,parking,50,,6.75,16.95,5493
242684418,55.6336856,37.5254356,parking,50,,8.25,14.75,2108
242960168,55.9257424,37.6034858,parking,50,,6.75,18.92,1855
243371039,55.7090175,37.361593,mall,150,МПлаза,19.84,16.83,527
243573150,55.7976045,37.7186721,parking,50,,6.35,7.86,511
244094707,55.7124177,37.8119617,parking,50,,7.01,13.11,992
244726529,55.799187,37.742726,parking,50,,9.08,9.21,1521
244995091,55.6559132,37.4048626,parking,50,,6.75,17.34,4146
245018904,55.6549919,37.4014594,parking,50,,6.75,17.56,4329
245299151,55.7094367,37.8070467,parking,50,,7.01,12.95,861
245498312,55.8004592,37.7358886,parking,50,,9.08,8.93,1617
245498920,55.7107275,37.8088708,parking,50,,7.01,13.0,876
245498927,55.7106869,37.8074817,parking,50,,7.01,12.92,802
245638695,55.6350837,37.520144,parking,50,,8.25,14.74,1743
245638697,55.6316621,37.5273313,parking,50,,8.25,14.91,2327
245920750,55.6445408,37.4006595,parking,50,,6.75,18.37,4282
245930276,55.6451744,37.4144455,parking,50,,6.75,17.69,3415
246018035,55.6661359,37.4260391,parking,50,,6.75,15.59,3457
246018036,55.6658439,37.4254286,parking,50,,6.75,15.64,3467
246271600,55.8695209,37.4696044,mall,150,,19.84,15.65,504
246432458,55.6556052,37.407028,parking,50,,6.75,17.25,4006
246472374,55.6522447,37.5974904,parking,50,,9.08,11.58,2068
246607360,55.6428556,37.7230838,parking,50,,8.25,14.2,4227
246642827,55.6467899,37.4056607,parking,50,,6.75,17.97,3963
246642830,55.6472858,37.4066237,parking,50,,6.75,17.88,3903
246683581,55.7984821,37.7425224,parking,50,,7.71,9.16,1442
246683582,55.7985146,37.7428348,parking,50,,7.71,9.18,1448
246695332,55.6481031,37.4048527,parking,50,,6.75,17.91,4017
246695333,55.6482804,37.4062686,parking,50,,6.75,17.83,3929
246719144,55.6436015,37.4069707,parking,50,,6.75,18.15,3894
247100277,55.6450999,37.4031255,parking,50,,6.75,18.21,4125
247304401,55.6533315,37.3986357,parking,50,,6.75,17.82,4468
247319451,55.6503986,37.4046022,parking,50,,6.75,17.75,4052
247319463,55.65118,37.4026066,parking,50,,6.75,17.78,4186
247337813,55.6510859,37.3955416,parking,50,,6.75,18.13,4625
247419698,55.7684298,37.8315085,parking,50,,7.01,13.47,735
247752000,55.5754784,37.4710908,parking,50,,5.74,22.05,3044
247848774,55.6566804,37.4074631,parking,50,,6.75,17.16,4011
247848777,55.6569799,37.4084938,parking,50,,6.75,17.08,3959
247866232,55.6509098,37.4098536,parking,50,,6.75,17.46,3731
247866234,55.6511643,37.4096517,parking,50,,6.75,17.45,3748
248010957,55.6596389,37.9172968,mall,150,"Торговый центр ""Солнечный""",20.48,21.62,1049
248696063,55.5675192,37.4739115,parking,50,,5.74,22.79,3878
249429635,55.759588,37.8628738,parking,50,,4.72,15.37,561
250923958,55.8281236,37.5147821,parking,50,,6.35,10.28,689
251122428,55.6948837,37.9015401,mall,150,"Торговый центр ""Данила""",28.35,19.04,2447
251122439,55.6939006,37.8896864,mall,150,,28.35,18.39,2355
251634978,55.7739098,37.5835437,parking,50,,11.47,2.92,1054
251638747,55.7741324,37.5838303,parking,50,,11.47,2.92,1080
252203130,55.9137533,37.7105083,parking,50,,6.75,18.5,2076
252203131,55.9133128,37.7095628,parking,50,,6.75,18.44,2087
252596431,55.6563648,37.5505099,parking,50,,9.08,11.82,1673
252610732,55.9074168,37.4940282,parking,50,,6.75,18.53,2827
253490830,55.6772782,37.6481202,parking,50,,7.71,8.94,951
253847794,55.7363822,37.4674495,mall,150,Ковчег,32.4,9.62,964
254698552,55.7378173,37.3922193,parking,50,,7.01,14.23,1421
254698553,55.7370354,37.390876,parking,50,,8.25,14.32,1535
255425866,55.8794298,37.547798,parking,50,,5.77,14.42,631
256015752,55.691518,37.8963904,parking,50,,6.75,18.88,2702
256015759,55.6924054,37.8963224,parking,50,,6.75,18.84,2605
256027888,55.7018875,37.5263962,parking,50,,7.71,8.27,1220
256027889,55.7004671,37.5288764,parking,50,,7.71,8.28,1412
256058704,55.7013924,37.5334383,parking,50,,7.71,8.01,1429
256064066,55.7044571,37.5281022,parking,50,,7.71,7.99,977
256140110,55.6378931,37.5427663,parking,50,,8.25,13.92,2974
256140113,55.6379878,37.5424399,parking,50,,8.25,13.91,2951
256140114,55.6381918,37.5416776,parking,50,,8.25,13.91,2900
256265605,55.6920719,37.895442,parking,50,,6.75,18.8,2628
256483510,55.7809341,37.4416166,parking,50,,9.08,11.34,2465
256630052,55.8814115,37.6787888,parking,50,,7.01,14.49,986
256722059,55.6678217,37.8613391,parking,50,,4.72,18.15,599
256802556,55.6500819,37.5007802,parking,50,,7.01,13.84,824
256802557,55.6504893,37.5006862,parking,50,,7.01,13.8,864
256802558,55.6538215,37.4989762,parking,50,,7.01,13.55,1202
256802559,55.653465,37.499764,parking,50,,7.01,13.55,1171
256802560,55.6511182,37.5031126,parking,50,,7.01,13.66,987
256802561,55.6531468,37.5002561,parking,50,,7.01,13.57,1142
256814462,55.6537282,37.4981485,parking,50,,7.01,13.58,1185
256814463,55.6531776,37.4963806,parking,50,,7.01,13.7,1118
256814464,55.6551386,37.4934458,parking,50,,7.01,13.62,1015
256814465,55.6498653,37.4997887,parking,50,,7.01,13.89,781
256814467,55.6503131,37.5077371,parking,50,,7.01,13.59,1075
256814468,55.6515014,37.4946927,parking,50,,7.01,13.91,937
256814469,55.6549763,37.4964267,parking,50,,7.01,13.53,1181
256814470,55.650076,37.5068747,parking,50,,7.01,13.64,1019
256814473,55.652837,37.4915571,parking,50,,7.01,13.9,820
256814474,55.6519704,37.5038232,parking,50,,7.01,13.56,1091
256814475,55.6523156,37.503599,parking,50,,7.01,13.53,1120
256814476,55.6509813,37.5067736,parking,50,,7.01,13.56,1094
258546616,55.6358761,37.5135954,parking,50,,7.01,14.83,1352
258546620,55.6347408,37.5172671,parking,50,,8.25,14.85,1612
258546622,55.6352243,37.5156625,parking,50,,7.01,14.84,1499
258546630,55.636325,37.5144446,parking,50,,7.01,14.77,1367
258624795,55.5623675,37.8612858,mall,150,Торговый центр,18.74,26.4,9953
258863343,55.680775,37.4334386,parking,50,,8.25,14.22,3285
258863344,55.6787702,37.4347479,parking,50,,8.25,14.29,3466
258942987,55.5974248,37.3542915,parking,50,,5.74,24.13,8101
258942989,55.597425,37.354067,parking,50,,5.74,24.14,8115
259256785,55.6311951,37.5920207,parking,50,,8.25,13.95,3554
259256799,55.612815,37.5776429,parking,50,,6.75,16.09,2115
259789325,55.6497688,37.530946,parking,50,,8.25,12.97,2062
260066921,55.6486335,37.5350837,parking,50,,8.25,12.98,2317
260067659,55.6481929,37.5333167,parking,50,,8.25,13.07,2290
260067660,55.6485403,37.5327506,parking,50,,8.25,13.05,2238
260083741,55.7515913,37.7557625,parking,50,,7.71,8.68,1422
260093824,55.6915006,37.8933428,parking,50,,6.75,18.71,2627
260112102,55.796337,37.6071224,parking,50,,9.94,4.55,769
260135218,55.79645,37.6086934,parking,50,,8.19,4.55,677
260597937,55.7014442,37.561756,parking,50,,9.12,6.97,1204
260726344,55.6569216,37.3856074,parking,50,,6.75,18.21,4199
260828150,55.7017683,37.5091385,parking,50,,6.35,9.05,572
261495935,55.6693226,37.6610286,parking,50,,9.08,10.0,1903
261720663,55.6194615,37.4925914,parking,50,,6.75,17.06,2032
262551454,55.6572482,37.740303,parking,50,,8.25,13.4,2300
262846043,55.6616307,37.4428516,parking,50,,6.75,15.14,2339
262846044,55.6616966,37.4464305,parking,50,,8.25,14.97,2195
263265001,55.6748617,37.5321632,parking,50,,7.71,10.46,749
263265007,55.6722781,37.5323154,parking,50,,6.35,10.7,593
263265010,55.6728784,37.5322018,parking,50,,6.35,10.65,626
263923771,55.6292027,37.8655126,mall,150,,24.1,20.98,3643
264037319,55.8031381,37.6121445,parking,50,,9.12,5.27,1027
264076271,55.8013109,37.6107548,parking,50,,9.12,5.08,895
264107394,55.8021671,37.6151918,parking,50,,9.12,5.16,858
264278036,55.8007707,37.5783456,parking,50,,7.51,5.56,632
264280391,55.6943076,37.8166311,parking,50,,8.25,14.23,2256
264422143,55.7767686,37.5315911,parking,50,,9.12,5.85,1174
264422153,55.775825,37.5356777,parking,50,,9.12,5.57,1335
264519378,55.6505884,37.5534522,parking,50,,8.25,12.36,2340
264519379,55.6498312,37.5486894,parking,50,,8.25,12.54,2342
265243736,55.6371592,37.4340436,parking,50,,6.75,17.49,2418
265243737,55.6376665,37.4331756,parking,50,,6.75,17.48,2444
265663268,55.7739087,37.5308206,parking,50,,9.12,5.77,968
265663279,55.7732029,37.5276444,parking,50,,9.12,5.93,755
265663284,55.7734377,37.5282416,parking,50,,9.12,5.91,800
265752849,55.8342205,37.4927343,parking,50,,7.71,11.69,718
265975888,55.9362403,37.5550049,parking,50,,5.74,20.44,2319
266278767,55.9440329,37.5527418,parking,50,,5.74,21.31,2622
266448306,55.6177581,37.5032154,parking,50,,6.75,16.93,2163
266636787,55.8483473,37.6592836,parking,50,,7.71,10.62,1014
266700868,55.6200653,37.5060752,parking,50,,6.75,16.63,2477
267107171,55.9119964,37.8550696,parking,50,,5.74,22.85,3908
269190295,55.6602842,37.5535118,parking,50,,7.71,11.35,1370
269233456,55.6611891,37.5521925,parking,50,,7.71,11.28,1241
269233458,55.6608922,37.553089,parking,50,,7.71,11.29,1300
269307708,55.6706956,37.5086961,parking,50,,6.35,11.65,670
270689223,55.8895396,37.6191014,parking,50,,7.01,14.87,1068
271218682,55.6778794,37.550484,parking,50,,6.35,9.62,655
272303849,55.6700814,37.5086262,parking,50,,6.35,11.71,607
272303850,55.6713999,37.5095854,parking,50,,7.71,11.56,729
272303855,55.6700707,37.5096278,parking,50,,6.35,11.68,586
272556530,55.6656993,37.8609448,parking,50,,5.74,18.26,701
272928446,55.5504354,37.7047368,parking,50,,5.74,23.49,3530
272980256,55.6727283,37.455385,parking,50,,8.25,13.72,2035
273028062,55.6264748,37.5416261,parking,50,,6.75,15.14,3394
273214384,55.7584456,37.4160431,parking,50,,8.25,12.6,1715
273214385,55.7596537,37.4158733,parking,50,,8.25,12.61,1847
273214386,55.7596354,37.4172241,parking,50,,8.25,12.53,1856
273214387,55.7585796,37.4173701,parking,50,,8.25,12.51,1741
273216307,55.7584249,37.4125373,parking,50,,8.25,12.82,1701
273216309,55.7594316,37.4124209,parking,50,,8.25,12.83,1813
273216323,55.7594063,37.4102878,parking,50,,8.25,12.96,1818
273503857,55.6635477,37.5481613,parking,50,,7.71,11.13,884
273562200,55.733555,37.8617445,mall,150,"ТЦ ""Авалон""",24.1,15.5,716
273773689,55.6708254,37.5135817,parking,50,,6.35,11.47,651
274152642,55.6509043,37.4047732,parking,50,,6.75,17.7,4048
274400667,55.6535303,37.4042299,parking,50,,6.75,17.54,4126
274656473,55.7878958,37.777508,parking,50,,9.08,10.64,2438
274754897,55.6632099,37.4284923,parking,50,,6.75,15.68,3137
274781815,55.889314,37.5943324,parking,50,,8.25,14.92,2496
274849919,55.6380276,37.7540997,parking,50,,6.75,15.65,4149
274849921,55.6396483,37.7573146,parking,50,,6.75,15.61,3960
274866509,55.6566332,37.5301033,parking,50,,7.01,12.31,1457
275244443,55.6706728,37.5592717,parking,50,,7.71,10.14,1132
275421015,55.750917,37.4054052,parking,50,,7.01,13.27,985
275515697,55.674954,37.4083791,parking,50,,6.75,15.88,2563
276483799,55.7586198,37.419341,parking,50,,8.25,12.39,1770
276880872,55.7903614,37.8228849,parking,50,,8.25,13.42,1525
276960444,55.7444049,37.7385055,parking,50,,7.71,7.69,948
277851262,55.7459866,37.5835638,parking,50,,11.47,2.38,751
278665121,55.8729344,37.5548175,parking,50,,5.77,13.6,635
278666431,55.8731604,37.5553012,parking,50,,5.77,13.61,603
279299755,55.8924404,37.4792172,parking,50,,6.75,17.47,1591
279989340,55.8979714,37.4783846,parking,50,,6.75,18.03,2208
280309781,55.625923,37.7090895,parking,50,,6.75,15.55,4869
281700480,55.6534978,37.5434544,parking,50,,8.25,12.28,1893
281700482,55.6529398,37.544832,parking,50,,8.25,12.31,1963
281781795,55.7243783,37.6763751,parking,50,Морозово,9.12,5.09,815
281781803,55.7218875,37.6820805,parking,50,,7.51,5.54,524
281879504,55.799863,37.5862889,parking,50,,7.51,5.27,603
281898682,55.8201143,37.5011864,parking,50,,7.71,10.19,835
282212785,55.9175436,37.8469982,parking,50,,5.74,23.0,3142
282429514,55.7353904,37.5863762,parking,50,,9.45,2.98,695
282429515,55.7348459,37.5864205,parking,50,,9.94,3.03,729
282458271,55.6406623,37.6133008,parking,50,,8.25,12.81,2223
282983428,55.9265194,37.8124952,parking,50,,4.88,22.56,869
283163890,55.6206459,37.6063718,parking,50,,6.75,15.04,2340
283341338,55.61493,37.6032764,parking,50,,6.75,15.69,1691
283341339,55.6152128,37.6039521,parking,50,,6.75,15.65,1725
283700524,55.9144674,37.8145095,parking,50,,5.74,21.52,2153
284231707,55.8288795,37.4214868,parking,50,,8.25,14.69,1848
284376075,55.647244,37.7216729,parking,50,,8.25,13.73,3872
284383042,55.6183785,37.5832137,parking,50,,6.75,15.43,2388
284391733,55.6168624,37.6092863,parking,50,,6.75,15.46,1957
284391739,55.6138112,37.6035348,parking,50,,6.75,15.81,1567
284587283,55.6598429,37.6371746,parking,50,,6.35,10.74,565
285357979,55.7241895,37.5571455,parking,50,,7.51,5.15,673
285357980,55.723539,37.5580609,parking,50,,7.51,5.16,625
285357981,55.7235498,37.5597343,parking,50,,7.51,5.08,676
285357984,55.7235757,37.5583344,parking,50,,7.51,5.14,636
285521949,55.8420647,37.375416,parking,50,,5.74,17.9,1133
285734118,55.5952383,37.5877136,parking,50,,5.74,17.95,854
286259593,55.8206561,37.5015162,parking,50,,7.71,10.22,802
286259594,55.8338337,37.5054846,parking,50,,7.71,11.14,1430
286259595,55.8277804,37.5145689,parking,50,,6.35,10.26,651
286425311,55.7578276,37.5723386,parking,50,,9.45,2.82,651
287050900,55.5796401,37.4710531,parking,50,,5.74,21.63,2598
287525015,55.614462,37.6043417,parking,50,"автостояночный кооператив ""Мираж""",6.75,15.74,1643
288349517,55.9087093,37.5376771,parking,50,,6.75,17.71,2540
288388089,55.8143862,37.6220655,parking,50,,9.12,6.52,1060
288388092,55.8144693,37.6225852,parking,50,,9.12,6.53,1036
288713325,55.8323616,37.4559158,parking,50,,7.01,13.2,778
288718709,55.7746656,37.5411029,parking,50,,10.73,5.21,1600
288740123,55.6810265,37.5691125,parking,50,,6.35,8.85,659
288938272,55.6557769,37.5858811,parking,50,,9.08,11.29,1803
289022287,55.911043,37.542953,parking,50,,6.75,17.88,2484
290227918,55.9269955,37.546199,parking,50,,6.75,19.55,1657
290328126,55.7296852,37.7185124,parking,50,,9.12,6.97,1240
290631182,55.8626737,37.4455811,parking,50,,5.74,16.01,1425
291667030,55.9141368,37.5534499,parking,50,,6.75,18.05,2176
291731453,55.8165969,37.38753,parking,50,,4.72,15.88,539
291945948,55.8972046,37.4529838,parking,50,,6.75,18.78,2341
291961190,55.8980884,37.4525504,parking,50,,6.75,18.87,2285
292237644,55.6320625,37.4815365,parking,50,,6.75,16.18,1540
292303921,55.7685852,37.5793028,parking,50,,9.45,2.77,594
292604663,55.8543909,37.4479099,parking,50,,5.74,15.24,770
292928935,55.7166536,37.4124144,parking,50,,5.77,13.54,592
293732148,55.7045846,37.6180123,parking,50,,7.51,5.7,639
293817068,55.9269853,37.5452803,parking,50,,6.75,19.56,1600
294516143,55.9116566,37.5435528,parking,50,,6.75,17.93,2451
294800678,55.869666,37.4585003,parking,50,,5.74,16.09,782
294838162,55.7046565,37.6701755,parking,50,,7.51,6.58,681
294989179,55.852809,37.4505245,parking,50,,7.01,15.0,834
294989180,55.8542454,37.4494191,parking,50,,5.74,15.16,840
295121182,55.6326939,37.628202,parking,50,,8.25,13.71,2501
295303540,55.7820366,37.7196379,parking,50,,7.71,7.03,852
295308785,55.644604,37.6090418,parking,50,,8.25,12.38,1986
295951322,55.7725205,37.5860548,parking,50,,11.47,2.7,1110
295963725,55.7177627,37.647452,parking,50,,9.94,4.63,892
296053088,55.6702399,37.6090782,parking,50,,7.71,9.53,1392
296104385,55.7781592,37.5534543,parking,50,,9.94,4.7,1230
296264500,55.650962,37.6121933,parking,50,,7.71,11.66,1335
296652981,55.7125487,37.3911437,parking,50,,7.01,14.95,975
296766988,55.8300779,37.5183096,parking,50,,7.71,10.32,942
296766990,55.8291028,37.5178239,parking,50,,7.71,10.25,830
296903801,55.6465207,37.6675022,parking,50,,8.25,12.55,1550
297163486,55.7208921,37.6533658,parking,50,,9.94,4.49,945
297411884,55.8277578,37.4936675,parking,50,,7.71,11.12,951
297498945,55.6136963,37.5330836,parking,50,,6.75,16.66,3405
297796789,55.845693,37.517151,parking,50,,9.08,11.79,1840
297824979,55.7294502,37.4938118,parking,50,,9.08,8.27,1694
297863849,55.8466149,37.5155587,parking,50,,9.08,11.93,1756
298667647,55.6150844,37.6984179,parking,50,,6.75,16.45,3700
298772944,55.8348386,37.494979,parking,50,,7.71,11.65,870
299002510,55.8434635,37.4910982,parking,50,,5.77,12.54,556
300190648,55.626946,37.7101771,parking,50,,6.75,15.47,4979
300221000,55.8907743,37.5812789,parking,50,,6.75,15.18,2012
300255978,55.7182683,37.4208933,parking,50,,7.01,12.98,774
300255983,55.7177842,37.4188737,parking,50,,7.01,13.12,702
300255986,55.7176143,37.4189719,parking,50,,7.01,13.12,719
300255990,55.7175977,37.4205113,parking,50,,7.01,13.03,795
300265679,55.9300396,37.7790226,parking,50,,5.74,21.85,1644
300596586,55.655962,37.487638,parking,50,,7.01,13.76,762
300619053,55.8271861,37.4922211,parking,50,,7.71,11.14,923
300745316,55.6480318,37.7204691,parking,50,,8.25,13.62,3848
300745401,55.6475494,37.7223242,parking,50,,8.25,13.72,3820
300745861,55.647795,37.7347125,parking,50,,8.25,14.08,3394
300746118,55.7174273,37.4182541,parking,50,,5.77,13.17,700
300746212,55.7173277,37.4177042,parking,50,,5.77,13.21,684
300746213,55.7173858,37.4175438,parking,50,,5.77,13.21,672
300746246,55.7176979,37.4179033,parking,50,,5.77,13.18,663
300751166,55.7167397,37.4220019,parking,50,,7.01,12.97,927
300751167,55.7183931,37.4216122,parking,50,,7.01,12.94,806
300751168,55.7167676,37.4206509,parking,50,,7.01,13.05,860
300751169,55.7180381,37.4187721,parking,50,,5.77,13.12,679
300751170,55.7186853,37.4222153,parking,50,,7.01,12.89,825
300751172,55.7178087,37.4196022,parking,50,,7.01,13.08,736
300751173,55.7188673,37.4233092,parking,50,,7.01,12.82,880
300789639,55.8439536,37.5211932,parking,50,,9.08,11.5,2014
300789640,55.843857,37.5222803,parking,50,,9.08,11.45,2026
300914278,55.6791202,37.5214584,parking,50,,9.08,10.43,1568
301495655,55.8109618,37.8324298,parking,50,,5.77,14.78,580
301689663,55.7514298,37.7595805,parking,50,,7.71,8.92,1289
301821500,55.7502549,37.7660346,parking,50,,7.71,9.33,1047
301906205,55.7189614,37.4179772,parking,50,,5.77,13.13,578
301915726,55.7926657,37.6371113,parking,50,,8.19,4.28,512
301991605,55.8858807,37.5238493,parking,50,,4.72,15.6,583
302051069,55.6524621,37.5056182,parking,50,,7.01,13.45,1192
302051070,55.6514976,37.5066108,parking,50,,7.01,13.51,1134
302051071,55.6507749,37.5078513,parking,50,,7.01,13.54,1118
302051073,55.6505977,37.5084033,parking,50,,7.01,13.54,1126
302569762,55.8169333,37.6278302,parking,50,,9.12,6.83,833
302570515,55.8172574,37.6250323,parking,50,,9.12,6.85,926
303019803,55.9023014,37.699277,parking,50,,6.75,17.08,2222
303876636,55.7079133,37.6023968,parking,50,,7.51,5.41,549
303993184,55.6045618,37.3568257,mall,150,"Торговый центр ""Столица""",24.1,23.44,7930
304137498,55.6358544,37.6743994,parking,50,,8.25,13.81,2623
304192165,55.7117304,37.8984981,mall,150,"Торговый центр ""Кожуховский""",24.1,18.27,856
304289604,55.7284858,37.7770969,parking,50,,7.71,10.45,1219
304386714,55.7286155,37.776373,parking,50,,7.71,10.41,1250
304627349,55.857221,37.6314907,parking,50,,7.71,11.31,1109
304638821,55.7750313,37.6834616,parking,50,,8.19,4.66,683
304655785,55.9151433,37.7131581,parking,50,,6.75,18.7,2073
304687975,55.8369162,37.4504055,parking,50,,7.01,13.79,1253
304965456,55.8058477,37.4071136,parking,50,,8.25,14.27,1534
305073257,55.6616131,37.7521231,parking,50,,8.25,13.45,1567
305073439,55.6627708,37.75278,parking,50,,7.01,13.38,1432
305114656,55.80694,37.4071771,parking,50,,8.25,14.32,1503
305123942,55.6807448,37.9262745,parking,50,,5.74,21.07,3360
305131997,55.9156367,37.7139437,parking,50,,6.75,18.77,2084
305417576,55.7955005,37.5096839,parking,50,,7.71,8.05,1090
305426495,55.7261352,37.4493546,parking,50,,9.08,11.02,1633
305444839,55.5827618,37.6947021,parking,50,,5.74,19.84,768
306254616,55.6735783,37.4879836,parking,50,,7.01,12.21,985
306280405,55.6098987,37.5369175,parking,50,,6.75,16.99,3500
306280408,55.6099788,37.5372803,parking,50,,6.75,16.97,3524
306280410,55.6101455,37.5370841,parking,50,,6.75,16.96,3517
306280411,55.6081154,37.5339556,parking,50,,6.75,17.23,3273
306395922,55.6597357,37.5090235,parking,50,,5.77,12.65,621
306454849,55.6632055,37.910543,mall,150,Орбита,20.48,21.06,1192
306457178,55.6611511,37.4660961,parking,50,,7.01,14.16,1241
306457181,55.6635402,37.4734761,parking,50,,7.01,13.65,722
306791454,55.6836125,37.6619195,parking,50,,7.71,8.5,803
307076806,55.6592365,37.9294605,parking,50,,5.74,22.31,1652
307076809,55.6599561,37.9363113,parking,50,,5.74,22.65,2077
307224242,55.7281841,37.8356608,parking,50,,8.25,14.01,1910
307324123,55.6871236,37.5207909,parking,50,,9.08,9.74,1649
307483417,55.6082709,37.6650796,parking,50,,6.75,16.68,2099
308094537,55.7951597,37.6094574,parking,50,,8.19,4.4,605
308837607,55.6361522,37.6744966,parking,50,,8.25,13.78,2604
308967734,55.6827564,37.5892855,parking,50,,6.35,8.31,501
309031149,55.8990882,37.564493,parking,50,,6.75,16.27,2013
309032983,55.7291731,37.646436,parking,50,,9.94,3.48,850
309089103,55.7352315,37.829912,mall,150,"Торговый центр ""Панорама""",34.65,13.5,1846
309235844,55.6288993,37.6353153,parking,50,,8.25,14.16,2749
309644602,55.7843398,37.507214,parking,50,,7.71,7.58,704
309731965,55.6450627,37.5951942,parking,50,,8.25,12.39,2579
310385320,55.6272231,37.6662623,parking,50,,8.25,14.62,3140
310491325,55.8273813,37.8101244,parking,50,,8.25,14.45,2808
310930853,55.6562285,37.5844294,parking,50,,9.08,11.26,1745
310930854,55.6560212,37.5845172,parking,50,,9.08,11.28,1769
311731700,55.6516461,37.7241668,parking,50,,8.25,13.38,3389
311755229,55.6595401,37.7853482,parking,50,,6.75,15.01,2435
311873238,55.661972,37.5903924,parking,50,,7.71,10.57,1204
312097811,55.8135232,37.6179386,parking,50,,9.12,6.42,1253
312186542,55.6378385,37.6554959,parking,50,,8.25,13.33,1791
312723954,55.8861409,37.6741148,parking,50,,7.01,14.92,781
312943388,55.6990524,37.7393403,parking,50,,9.08,9.91,1932
313129870,55.9372096,37.8392754,mall,150,,24.1,24.47,2193
313217500,55.7914224,37.3666245,mall,150,РигаСтрой,28.35,16.17,2351
313400274,55.8560904,37.425319,parking,50,,5.74,16.38,765
313646887,55.8125169,37.7864098,parking,50,,8.25,12.31,3438
313678202,55.669696,37.4956243,parking,50,,7.01,12.24,866
313767681,55.8081955,37.5746333,parking,50,,9.12,6.41,1154
313781665,55.9087446,37.5371058,parking,50,,6.75,17.73,2521
314197368,55.7305886,37.6291125,parking,50,,9.45,2.9,601
314197369,55.730867,37.6292033,parking,50,,9.45,2.87,575
314368103,55.7776916,37.6863625,parking,50,,9.94,4.96,890
314378228,55.6411191,37.6829852,parking,50,,8.25,13.4,2691
314379579,55.6327292,37.7438358,parking,50,,6.75,15.82,4816
314490404,55.7061485,37.5191641,parking,50,,7.71,8.26,745
314510784,55.7009271,37.5433235,parking,50,,9.08,7.66,1796
314510785,55.6997736,37.5404455,parking,50,,9.08,7.87,1825
314510786,55.7013385,37.5426398,parking,50,,9.08,7.65,1788
314736339,55.8635056,37.440829,parking,50,,5.74,16.28,1476
314898211,55.8988683,37.4270576,parking,50,,5.74,19.86,831
315257696,55.8204013,37.3745699,parking,50,,5.74,16.79,719
315257700,55.8206372,37.3737025,parking,50,,5.74,16.85,770
315490755,55.6119451,37.5377265,mall,150,Ясенево,28.35,16.76,3612
315609997,55.6444983,37.6527895,parking,50,,7.01,12.57,1042
315747077,55.7993874,37.602828,parking,50,,9.94,4.93,918
315757860,55.942928,37.4968259,parking,50,,4.88,22.12,717
315786693,55.5727532,37.6089181,mall,150,Бухта Юг,20.48,20.36,1005
316400180,55.6874083,37.628635,parking,50,,7.71,7.64,1182
316519971,55.5951793,37.611405,parking,50,,4.72,17.86,680
316519974,55.5936416,37.6112547,parking,50,,5.74,18.04,738
316519975,55.5951686,37.6097005,parking,50,,4.72,17.87,579
316519978,55.5955629,37.6090727,parking,50,,4.72,17.83,528
316760586,55.8692389,37.4410258,parking,50,,6.75,16.75,1746
316861163,55.6254332,37.6760182,parking,50,,8.25,14.96,3606
317137179,55.8941415,37.4497341,mall,150,"Галерея ""citrus""",28.35,18.61,2294
317862214,55.7327228,37.5856428,parking,50,,9.94,3.24,930
317862215,55.732575,37.5849894,parking,50,,9.94,3.28,955
318024049,55.8262585,37.5733461,parking,50,,7.71,8.3,976
318198734,55.8195604,37.7815289,parking,50,,8.25,12.48,3677
318198735,55.8207617,37.7845236,parking,50,,8.25,12.71,3765
318306507,55.8960023,37.5758065,parking,50,,6.75,15.8,1882
318830140,55.6025359,37.5547353,parking,50,,6.75,17.49,2725
320059085,55.8659389,37.6041373,parking,50,,8.25,12.27,1737
320168851,55.7340907,37.7155696,parking,50,,9.12,6.61,1460
320734418,55.6811358,37.8952211,mall,150,,28.35,19.29,2063
320896603,55.5809146,37.6410029,parking,50,,5.74,19.5,1319
321497109,55.7265914,37.381272,mall,150,"Торговый центр ""Мирус авто""",28.35,15.13,1614
322142534,55.7728887,37.6495548,parking,50,,11.47,2.77,780
322142535,55.773166,37.650262,parking,50,,11.47,2.83,792
322259501,55.7120452,37.8151693,parking,50,,7.01,13.31,1198
323260430,55.8037066,37.5494961,parking,50,,9.12,6.81,1223
323260433,55.8033067,37.5500014,parking,50,,9.12,6.75,1270
323357895,55.6957298,37.5681855,parking,50,,6.35,7.35,515
324001753,55.6679003,37.5053853,parking,50,,5.77,12.03,537
324010017,55.6684485,37.9226963,parking,50,,5.74,21.46,2037
324438241,55.7223061,37.6266141,parking,50,,8.19,3.77,548
325598402,55.7333679,37.828577,parking,50,,8.25,13.46,1990
325598404,55.7328519,37.828429,parking,50,,8.25,13.46,2020
326376494,55.6751867,37.6725114,parking,50,,7.71,9.61,1261
326559929,55.700097,37.7527769,parking,50,,7.71,10.5,1149
326562089,55.7003262,37.7516475,parking,50,,7.71,10.43,1191
326972393,55.6430905,37.6498941,parking,50,,7.01,12.7,1128
327545270,55.788921,37.3784639,parking,50,,6.75,15.39,2392
327688926,55.6303432,37.472352,parking,50,,6.75,16.65,1814
328051742,55.7067942,37.6236564,parking,50,,7.51,5.46,591
328051743,55.7068348,37.6242712,parking,50,,7.51,5.46,602
328255425,55.6366689,37.7710976,parking,50,,6.75,16.38,4365
329856227,55.6828456,37.7028923,parking,50,,7.71,9.72,1250
330152557,55.5837062,37.6012352,parking,50,,5.74,19.16,1301
330152558,55.5844646,37.5998564,parking,50,,5.74,19.08,1381
330152560,55.5843332,37.5992906,parking,50,,5.74,19.1,1398
330766440,55.8394071,37.387757,parking,50,,4.72,17.1,630
331409950,55.8121327,37.7174756,parking,50,,6.35,8.86,549
331414747,55.7443976,37.6834157,parking,50,,8.19,4.33,613
331445718,55.6667625,37.7660559,parking,50,,7.01,13.6,1062
331477594,55.7438028,37.6871301,parking,50,,8.19,4.57,610
331727883,55.6997444,37.7647061,parking,50,,7.71,11.14,764
332069351,55.8632542,37.494134,parking,50,,8.25,14.21,1643
332069352,55.8639086,37.4943488,parking,50,,8.25,14.27,1648
332924336,55.81286,37.5824767,parking,50,,7.51,6.71,622
333068911,55.6253516,37.6777811,parking,50,,8.25,14.99,3674
333512004,55.640123,37.5375697,parking,50,,8.25,13.8,2611
333961105,55.931317,37.7780939,parking,50,,5.74,21.95,1678
334677774,55.9155528,37.7100131,parking,50,,6.75,18.68,2239
335074426,55.7288168,37.6395937,parking,50,,8.19,3.31,614
335206990,55.6068798,37.7495859,parking,50,,6.75,18.52,3842
335206991,55.6058682,37.7488288,parking,50,,6.75,18.6,3728
335206998,55.6073644,37.75195,parking,50,,6.75,18.54,3985
335317975,55.795618,37.5247744,parking,50,,7.71,7.29,1265
335398049,55.8548286,37.6153849,parking,50,,7.71,11.01,1410
335767486,55.6139433,37.7488699,parking,50,,6.75,17.8,4411
336529441,55.7436566,37.6855271,parking,50,,8.19,4.48,691
336889740,55.7560915,37.5960425,parking,50,,9.45,1.33,608
337068514,55.6563939,37.5372204,parking,50,,8.25,12.14,1585
337370681,55.7449278,37.6844972,parking,50,,8.19,4.38,631
337414278,55.6636912,37.5772605,parking,50,,7.71,10.54,974
337775868,55.8265288,37.4316101,parking,50,,7.01,14.02,1287
337866723,55.6744974,37.5049937,parking,50,,7.71,11.45,1148
337888653,55.6521225,37.4898869,parking,50,,7.01,14.02,703
337888654,55.6522795,37.4874097,parking,50,,5.77,14.1,553
338163607,55.8272921,37.4898016,parking,50,,7.71,11.26,810
338469955,55.9205102,37.8675569,mall,150,ТЦ Престиж,24.1,24.07,4148
338488493,55.9215946,37.8698263,parking,50,,5.74,24.26,4244
338616727,55.8285264,37.417425,parking,50,,8.25,14.88,1631
338809124,55.9212643,37.7403695,parking,50,,6.75,19.94,2279
338881154,55.8603575,37.4949839,parking,50,,8.25,13.91,1658
338953121,55.8139673,37.3654604,parking,50,,5.74,17.02,1221
339253837,55.9071084,37.576032,parking,50,,5.74,17.02,892
339579931,55.6352093,37.4383724,parking,50,,6.75,17.48,2288
339579932,55.63496,37.4359956,parking,50,,6.75,17.6,2429
339579938,55.6366747,37.4358937,parking,50,,6.75,17.46,2339
339750523,55.6167677,37.4678715,parking,50,,6.75,18.08,1895
339750526,55.6178075,37.4638056,parking,50,,6.75,18.11,2130
339750528,55.618284,37.4722484,parking,50,,6.75,17.79,1931
339750529,55.6173771,37.4655593,parking,50,,6.75,18.09,2029
340124340,55.913491,37.3980945,parking,50,,4.88,22.24,802
340353135,55.8778512,37.7308245,mall,150,"Торговый центр ""Ханой-Москва""",24.1,15.31,951
340489895,55.7139919,37.8556293,parking,50,,6.75,15.63,1921
340590979,55.7263649,37.5865723,parking,50,,8.19,3.8,665
342363360,55.8750378,37.4901322,parking,50,,4.72,15.46,603
342513107,55.8422413,37.6510372,parking,50,,6.35,9.84,605
342720019,55.6880151,37.7165555,parking,50,,9.08,9.77,1773
342721851,55.6905261,37.7167552,parking,50,,9.08,9.56,1760
342738240,55.8849298,37.3634842,parking,50,,5.74,21.39,1956
343738772,55.611388,37.7453998,parking,50,"Перехватывающая парковка у метро ""Зябликово""",6.75,17.95,4053
343766436,55.6853159,37.7182082,parking,50,,9.08,10.07,1946
343955883,55.769192,37.8381907,parking,50,,5.77,13.9,585
346915112,55.7771044,37.5237413,mall,150,Хорошо!,38.29,6.31,872
347272860,55.5766952,37.696605,mall,150,"Торговый центр ""Формула X""",20.48,20.53,886
347697148,55.8382697,37.479707,parking,50,,5.77,12.57,609
348381049,55.6648824,37.42445,parking,50,,6.75,15.75,3451
349229869,55.6966476,37.3570434,parking,50,,5.74,17.57,911
349294537,55.8222483,37.6261854,parking,50,,6.35,7.41,619
349567227,55.8632685,37.4889702,parking,50,,7.01,14.39,1323
350099939,55.8037792,37.5389623,parking,50,,6.35,7.24,670
350099952,55.804073,37.5382409,parking,50,,6.35,7.3,616
350101654,55.802058,37.5475427,parking,50,,9.12,6.74,1205
350107824,55.8032448,37.5482599,parking,50,,9.12,6.82,1176
350108253,55.7977848,37.5452517,parking,50,,9.12,6.49,1254
350109787,55.8023351,37.5486934,parking,50,,9.12,6.72,1249
350181412,55.7963168,37.545812,parking,50,,9.12,6.35,1154
350198280,55.804998,37.5386994,parking,50,,6.35,7.35,566
350198281,55.8048791,37.5388478,parking,50,,6.35,7.34,581
350870335,55.7001491,37.5132365,parking,50,,6.35,8.99,689
350946349,55.7988763,37.9249924,parking,50,,5.74,19.83,1363
350948096,55.8032261,37.9364324,parking,50,,4.88,20.64,1191
351409167,55.6551424,37.5777301,parking,50,,9.08,11.46,1888
351660277,55.940185,37.7807823,parking,50,,5.74,22.9,1695
352960515,55.804506,37.5526264,parking,50,,9.12,6.76,1375
352961142,55.8046418,37.5515794,parking,50,,9.12,6.81,1308
352961696,55.804402,37.5516402,parking,50,,9.12,6.79,1320
352962633,55.8041139,37.5521131,parking,50,,9.12,6.74,1358
352963088,55.8034588,37.5527282,parking,50,,9.12,6.66,1375
353315219,55.6673692,37.4988658,parking,50,,7.01,12.32,879
353320347,55.6539794,37.5130964,parking,50,,7.01,13.07,1229
355262404,55.6575548,37.4960585,parking,50,,7.01,13.31,1084
355321719,55.692979,37.4948294,mall,150,Раменки Пять,32.4,10.37,754
355510142,55.5541254,37.5273837,parking,50,,5.74,23.12,3162
355512845,55.901572,37.5667353,parking,50,,6.75,16.51,1725
355570168,55.8050764,37.4416322,parking,50,,8.25,12.28,1915
355812969,55.9022194,37.5704207,parking,50,,6.75,16.54,1505
355812971,55.9036354,37.5679577,parking,50,,6.75,16.72,1526
355812972,55.9025417,37.5675579,parking,50,,6.75,16.61,1618
355820666,55.9025848,37.5737575,parking,50,,5.74,16.55,1331
355820667,55.9028313,37.5726727,parking,50,,5.74,16.59,1357
356101376,55.8966911,37.5747381,parking,50,,6.75,15.89,1842
356766947,55.9069772,37.7098134,parking,50,,6.75,17.78,1696
356782017,55.6819339,37.702073,parking,50,,7.71,9.78,1289
356862858,55.7520224,37.4137293,parking,50,,7.01,12.75,991
356862862,55.7481886,37.4169115,parking,50,,5.77,12.57,617
356939610,55.6362729,37.512029,parking,50,,7.01,14.84,1247
358191223,55.6804328,37.7012371,parking,50,,7.71,9.89,1390
358328835,55.5619897,37.5837437,parking,50,,4.88,21.65,944
358331004,55.5622157,37.5842687,parking,50,,4.88,21.63,956
358360540,55.7720334,37.5835659,parking,50,,11.47,2.78,1001
358537279,55.7515172,37.4083425,parking,50,,7.01,13.08,975
358537284,55.7527757,37.4095004,parking,50,,7.01,13.01,1094
358547729,55.7506081,37.4119814,parking,50,,7.01,12.86,834
358896988,55.6389324,37.7590847,mall,150,"Торгово-развлекательный центр ""Браво""",28.35,15.74,4040
359289404,55.7716597,37.5828666,parking,50,,11.47,2.78,952
359405137,55.6363205,37.7935071,parking,50,,6.75,17.28,4860
359509017,55.8778849,37.4436884,parking,50,,6.75,17.38,2081
359832347,55.7702007,37.5848127,parking,50,,11.47,2.59,953
359859873,55.6852205,37.8649889,parking,50,,5.74,17.38,1199
360019902,55.7305204,37.5796976,parking,50,,8.19,3.67,591
360024190,55.7293949,37.5809355,parking,50,,8.19,3.72,520
360024192,55.7305907,37.5814617,parking,50,,8.19,3.59,649
360024506,55.7322762,37.5816875,parking,50,,9.94,3.44,820
360025591,55.7303663,37.5835096,parking,50,,9.94,3.53,705
360026505,55.7260336,37.5847251,parking,50,,8.19,3.89,546
360039645,55.7313319,37.5771438,parking,50,,8.19,3.7,639
360151981,55.693752,37.495406,parking,50,,6.35,10.29,667
360157736,55.7326661,37.5884394,parking,50,,9.94,3.14,831
360181561,55.6370546,37.3547529,parking,50,,5.74,21.1,6651
360202262,55.6595774,37.5617397,parking,50,,9.08,11.25,1767
360203454,55.6599997,37.5605254,parking,50,,9.08,11.23,1680
360325290,55.8086479,37.8066865,parking,50,,8.25,13.22,2150
360448516,55.7500707,37.4069214,parking,50,,7.01,13.18,858
360448517,55.7530145,37.4052411,parking,50,,7.01,13.27,1199
360598504,55.7510507,37.8041612,parking,50,,9.08,11.7,2511
360600430,55.679997,37.682133,parking,50,,7.71,9.36,898
361017015,55.7692536,37.5788161,parking,50,,9.45,2.83,642
361037571,55.7715039,37.5845799,parking,50,,11.47,2.69,1051
361039706,55.7703194,37.5862508,parking,50,,11.47,2.53,932
361155729,55.6195934,37.5030136,parking,50,,6.75,16.75,2325
361246088,55.6673706,37.5523026,parking,50,,7.71,10.64,776
361256386,55.8702196,37.5702016,parking,50,,7.01,13.06,984
361256388,55.8695735,37.5705276,parking,50,,7.01,12.98,917
361346788,55.9258261,37.8161022,parking,50,,4.88,22.62,1067
361346789,55.9257262,37.8161766,parking,50,,4.88,22.61,1078
361399195,55.7706051,37.578782,parking,50,,9.45,2.92,689
361688399,55.7710649,37.5804203,parking,50,,11.47,2.86,793
361688402,55.772092,37.5798419,parking,50,,11.47,2.96,774
361720714,55.7702659,37.579345,parking,50,,11.47,2.87,725
361743990,55.7708472,37.5772371,parking,50,,8.19,3.01,593
361743993,55.7715949,37.5777136,parking,50,,8.19,3.04,632
361743997,55.770872,37.5770164,parking,50,,8.19,3.03,580
361743998,55.7718729,37.5769486,parking,50,,8.19,3.09,592
362046295,55.7507453,37.4083065,parking,50,,7.01,13.09,894
362365599,55.7918812,37.6747771,parking,50,,7.51,5.39,520
362573688,55.8304117,37.51603,parking,50,,7.71,10.44,950
362778474,55.6102297,37.7580821,parking,50,,6.75,18.44,4483
362778485,55.6051818,37.7496746,parking,50,,6.75,18.69,3713
362788735,55.6076666,37.749196,parking,50,,6.75,18.43,3888
362924373,55.7926998,37.8145301,parking,50,,8.25,13.0,2092
363163637,55.6869794,37.4814877,parking,50,,9.08,11.44,1818
363240440,55.7950657,37.7792142,parking,50,,9.08,11.03,2738
363249277,55.7759063,37.7275849,parking,50,,7.71,7.25,1292
363292867,55.8624614,37.4469483,parking,50,,5.74,15.94,1346
363310912,55.6946655,37.9162905,parking,50,,6.75,19.92,2954
363450623,55.7932004,37.6746768,parking,50,,7.51,5.49,582
363797316,55.856578,37.5617092,parking,50,,6.35,11.73,664
363819906,55.7508086,37.7859411,parking,50,,9.08,10.57,1558
363912853,55.9191715,37.7879693,parking,50,,5.74,21.06,1869
363943973,55.7899249,37.58237,parking,50,,8.19,4.38,603
363982267,55.6636143,37.9109397,parking,50,,4.88,21.06,1242
364114564,55.798742,37.5311983,parking,50,,7.71,7.2,1048
364114565,55.798487,37.5316563,parking,50,,7.71,7.16,1076
364114566,55.7997761,37.5231953,parking,50,,7.71,7.65,794
364700332,55.8152405,37.7977934,parking,50,,8.25,13.08,2790
364700335,55.8162501,37.7990834,parking,50,,8.25,13.2,2743
364705660,55.8236026,37.8119027,parking,50,,8.25,14.31,2435
364726201,55.8375629,37.5388544,parking,50,,9.08,10.33,2324
364786023,55.8218971,37.7965555,parking,50,,8.25,13.4,3126
364858537,55.759907,37.7132038,parking,50,,9.12,6.02,1299
364861778,55.7613458,37.7123859,parking,50,,9.12,5.98,1445
365110692,55.6150031,37.7131013,parking,50,,6.75,16.77,3673
365174723,55.6870278,37.8757243,parking,50,,6.75,17.9,1637
365260046,55.8520608,37.6854165,parking,50,,7.71,11.52,812
365331169,55.852796,37.6891729,parking,50,,7.71,11.68,1048
365355609,55.6878583,37.8738474,parking,50,,6.75,17.75,1657
365355685,55.6876175,37.8744036,parking,50,,6.75,17.8,1651
365358272,55.6888263,37.8724421,parking,50,,6.75,17.63,1523
365362619,55.691583,37.8811307,parking,50,,6.75,18.0,1884
365382731,55.7004917,37.8587489,parking,50,,4.72,16.32,589
365382976,55.7002088,37.857796,parking,50,,4.72,16.28,526
365389688,55.6968597,37.8605646,parking,50,,4.72,16.58,512
365454390,55.8518784,37.6845637,parking,50,,7.71,11.48,759
365457428,55.855942,37.6887556,parking,50,,7.71,12.0,1136
365457430,55.8564954,37.6876442,parking,50,,7.01,12.03,1043
365668981,55.6763423,37.4963506,parking,50,,7.71,11.64,1465
365887363,55.6871189,37.878816,parking,50,,6.75,18.07,1756
365887749,55.6869976,37.8762999,parking,50,,6.75,17.93,1654
365889200,55.6876355,37.8765609,parking,50,,6.75,17.92,1722
365905388,55.6850922,37.8775022,mall,150,Торговый центр «Выходной»,28.35,18.09,1529
365913556,55.5803226,37.6517346,parking,50,,6.75,19.63,1982
366362007,55.6872034,37.8766739,parking,50,,6.75,17.95,1686
366362009,55.6874228,37.8769593,parking,50,,6.75,17.95,1716
366632703,55.8181959,37.8195718,parking,50,,8.25,14.42,1684
366812267,55.7693867,37.579127,parking,50,,9.45,2.83,664
366812268,55.7691164,37.5791005,parking,50,,9.45,2.81,637
366812272,55.7692106,37.5799171,parking,50,,9.45,2.77,673
366880935,55.5903659,37.6447111,parking,50,,5.74,18.48,1268
366929233,55.568909,37.4723083,parking,50,,5.74,22.68,3741
366950310,55.6821343,37.9012127,parking,50,,6.75,19.58,2422
367394471,55.7548676,37.4105501,parking,50,,7.01,12.94,1314
367714696,55.7941478,37.3595117,parking,50,,6.75,16.68,2346
367827572,55.7128424,37.8625482,parking,50,,6.75,16.08,1505
367833799,55.6433415,37.6751614,parking,50,,8.25,13.02,2142
367870119,55.8516817,37.3543157,parking,50,,5.74,19.59,818
367972340,55.6401099,37.5328602,mall,150,Торговый центр «МЦ»,34.65,13.91,2319
368261610,55.7244114,37.4635948,parking,50,,9.08,10.23,2195
368263577,55.7250842,37.4624765,parking,50,,9.08,10.28,2161
368466039,55.5912089,37.5988514,parking,50,,4.72,18.34,643
368596160,55.6521829,37.6584553,parking,50,,7.71,11.81,813
368714708,55.7895,37.7763147,parking,50,,9.08,10.63,2388
368786637,55.6575687,37.5766895,parking,50,,9.08,11.22,1637
368883336,55.7555358,37.7115358,parking,50,,9.12,5.9,802
368909483,55.7901495,37.7727886,parking,50,,9.08,10.45,2187
369136559,55.7595656,37.8944296,parking,50,,5.74,17.34,741
369233335,55.6760572,37.548249,parking,50,"Автобаза ГБУ ""Жилищник""",7.71,9.87,762
369251662,55.7218291,37.8128521,parking,50,,7.01,12.81,1313
369264899,55.6231357,37.7004453,parking,50,,6.75,15.65,4575
369413456,55.7550442,37.8392365,parking,50,,5.77,13.89,570
369626458,55.6872159,37.8918582,parking,50,,6.75,18.81,2352
369700999,55.6869543,37.8673281,parking,50,,5.74,17.43,1418
369956389,55.6887451,37.8716588,parking,50,,5.74,17.59,1488
370036177,55.7258573,37.4636403,parking,50,,9.08,10.18,2051
370036183,55.7217784,37.4651135,parking,50,,9.08,10.25,2427
370036184,55.7216734,37.4643591,parking,50,,9.08,10.3,2455
370259755,55.8051905,37.8041446,mall,150,ТЦ «Парковый»,34.65,12.91,2348
370729129,55.6943614,37.9088173,parking,50,,6.75,19.49,2709
371417505,55.6830956,37.9281615,parking,50,,5.74,21.08,3647
371417520,55.6822253,37.9283965,parking,50,,5.74,21.13,3564
371418218,55.6833489,37.9278006,parking,50,,5.74,21.05,3665
371418219,55.683043,37.9278334,parking,50,,5.74,21.06,3634
371429576,55.6839085,37.9269597,parking,50,,5.74,20.98,3703
371589933,55.84899,37.354029,mall,150,"Торговый комплекс ""Мегаполис""",19.84,19.44,543
371903302,55.8211977,37.8236938,parking,50,,8.25,14.81,1731
371947396,55.783524,37.5890184,parking,50,,9.94,3.55,1073
372219917,55.6392286,37.5898373,parking,50,,8.25,13.08,3250
372687744,55.7591987,37.7079226,parking,50,,9.12,5.68,1183
372809560,55.8323149,37.5719449,parking,50,,7.71,8.97,777
372964089,55.8873814,37.6784508,parking,50,,5.74,15.12,1073
372964090,55.8851021,37.6861009,parking,50,,6.75,15.01,1519
372964091,55.8870462,37.6778843,parking,50,,5.74,15.08,1030
372964147,55.8292601,37.816799,parking,50,,8.25,14.91,2709
372969168,55.7525893,37.7156069,parking,50,Ласточка,7.51,6.16,640
373411991,55.8757476,37.6778432,parking,50,,7.01,13.86,708
373427214,55.8230394,37.3557903,parking,50,,5.74,17.98,1274
373755161,55.6461861,37.4870257,parking,50,,5.77,14.67,674
373764490,55.6299083,37.4241264,mall,150,Family Room,28.35,18.51,3359
373788753,55.6622887,37.5632627,parking,50,,9.08,10.94,1620
373856576,55.8598353,37.6009485,parking,50,,7.71,11.61,1036
373937170,55.9293258,37.5462025,parking,50,,6.75,19.8,1637
373988867,55.8611675,37.425688,parking,50,,4.72,16.75,570
374351737,55.5705586,37.6103505,parking,50,,4.88,20.6,1138
374690153,55.9141757,37.7992854,parking,50,,5.74,20.96,2129
374690160,55.9144901,37.8028963,parking,50,,5.74,21.11,2069
375415917,55.7905688,37.8100252,parking,50,,8.25,12.66,2070
376094683,55.9113011,37.5615325,parking,50,,6.75,17.64,1652
376094684,55.9113964,37.5613914,parking,50,,6.75,17.65,1661
376132474,55.9161385,37.5576652,parking,50,,6.75,18.21,1962
376214851,55.5883193,37.9019057,parking,50,,4.46,25.79,7179
376437762,55.8452484,37.3497054,parking,50,,4.72,19.46,513
376457689,55.8540614,37.497057,mall,150,Торгово-развлекательный центр «Флотилия»,29.45,13.26,1443
376463973,55.6584862,37.608045,parking,50,,7.71,10.84,1276
376828976,55.6829751,37.8979839,transport_hub,150,"Автостанция ""Люберцы - 1""",26.32,19.35,2329
377055322,55.7844104,37.6000035,parking,50,,9.94,3.36,804
377755057,55.6339729,37.6775231,parking,50,,8.25,14.06,2910
377840373,55.9016762,37.3976976,parking,50,,4.02,21.24,522
377977502,55.8247016,37.5262426,parking,50,,7.71,9.54,816
377977940,55.8243385,37.5251554,parking,50,,7.71,9.55,737
378142650,55.7227345,37.9034997,parking,50,,5.74,18.29,1372
378154726,55.7679849,37.7448486,parking,50,,9.08,8.09,2006
378186611,55.8549935,37.6481659,parking,50,,7.71,11.2,711
378441997,55.8425314,37.3687374,parking,50,,5.74,18.29,718
378655519,55.6342942,37.6571254,parking,50,,8.25,13.74,2196
378867836,55.6014579,37.5518855,parking,50,,6.75,17.65,2704
378927690,55.8479434,37.4456718,parking,50,,5.77,14.83,553
379196350,55.801793,37.766918,parking,50,,9.08,10.66,2512
379196359,55.8015165,37.7664451,parking,50,,9.08,10.62,2470
379196366,55.8012134,37.766955,parking,50,,9.08,10.63,2468
379196372,55.8007823,37.7678297,parking,50,,9.08,10.66,2475
379375399,55.938766,37.351158,parking,50,,4.46,26.27,3197
380125139,55.8735634,37.4697287,parking,50,,5.74,16.01,942
380257417,55.6470773,37.5337619,parking,50,,8.25,13.17,2392
380257422,55.6458243,37.5322912,parking,50,,8.25,13.34,2278
380476312,55.9327115,37.8436972,parking,50,,5.74,24.22,2420
381179982,55.9339085,37.5106375,parking,50,,4.88,20.89,775
381375145,55.661698,37.6398105,parking,50,,7.71,10.56,788
382402673,55.7895771,37.7779393,parking,50,,9.08,10.73,2490
382402915,55.7908892,37.7756131,parking,50,,9.08,10.64,2378
382567124,55.9267155,37.9162271,parking,50,,4.46,26.64,6974
383397045,55.7631868,37.7725044,parking,50,,9.08,9.75,2489
383592431,55.8063801,37.8293769,parking,50,,7.01,14.4,790
383616047,55.7319188,37.5889658,parking,50,,9.94,3.19,887
383682532,55.8227464,37.3696989,parking,50,,5.74,17.18,1027
383935134,55.7900858,37.773555,parking,50,,9.08,10.49,2232
384023670,55.8632157,37.5978087,parking,50,,7.01,12.01,1331
384604460,55.9037426,37.7135479,parking,50,,5.74,17.51,1362
384604479,55.9064806,37.7061033,parking,50,,6.75,17.65,1892
384604481,55.9036777,37.7059452,parking,50,,6.75,17.35,1826
384685000,55.6444853,37.5378791,parking,50,,8.25,13.34,2614
385487407,55.8709742,37.5917551,parking,50,,8.25,12.91,1829
385487410,55.8699275,37.5926238,parking,50,,8.25,12.78,1811
385487411,55.8698688,37.593043,parking,50,,8.25,12.77,1830
385558437,55.8079817,37.7985307,parking,50,,8.25,12.73,2662
385732206,55.5737518,37.6170614,parking,50,,4.02,20.24,630
385732404,55.5731311,37.6170379,parking,50,,4.02,20.31,696
385732790,55.5726469,37.6180279,parking,50,,4.88,20.37,733
385985334,55.8428591,37.4607346,parking,50,,7.01,13.76,1351
385985489,55.8426475,37.460983,parking,50,,7.01,13.74,1338
386193131,55.7576216,37.7142624,parking,50,,9.12,6.07,1075
386556976,55.6289206,37.5967884,parking,50,,8.25,14.17,3262
386610836,55.8070347,37.7905568,parking,50,,8.25,12.24,3165
386679472,55.806941,37.7985805,parking,50,,8.25,12.68,2666
386917738,55.8096823,37.8300017,parking,50,,5.77,14.59,696
386944275,55.7975442,37.768723,parking,50,,9.08,10.55,2292
386945096,55.79669,37.768789,parking,50,,9.08,10.51,2242
386947596,55.7958623,37.7688133,parking,50,,9.08,10.47,2195
386952204,55.8009327,37.7688986,parking,50,,9.08,10.73,2536
386955069,55.8002623,37.7696476,parking,50,,9.08,10.73,2522
387242408,55.9082729,37.7105127,parking,50,,6.75,17.93,1718
387242413,55.9187389,37.7280436,parking,50,,6.75,19.39,2017
387242420,55.9070414,37.7090683,parking,50,,6.75,17.77,1741
387287651,55.5995938,37.4702305,parking,50,,5.74,19.67,845
387724011,55.802238,37.7140899,parking,50,,7.71,7.96,811
387759955,55.9037378,37.7057348,parking,50,,6.75,17.35,1840
387759956,55.9041021,37.7064431,parking,50,,6.75,17.4,1803
387759957,55.9045497,37.706968,parking,50,,6.75,17.46,1782
387759959,55.9030889,37.7049739,parking,50,,6.75,17.27,1876
388687936,55.6223916,37.7588109,parking,50,,6.75,17.28,5537
389190469,55.6592765,37.4828412,parking,50,,5.77,13.64,638
389190484,55.657423,37.4844293,parking,50,,7.01,13.75,770
389357852,55.5722532,37.6171005,parking,50,,4.88,20.41,789
389563025,55.6168979,37.7050155,parking,50,,6.75,16.39,3865
389656026,55.6053651,37.7152571,parking,50,,6.75,17.82,2634
389696584,55.6190059,37.734291,parking,50,,6.75,16.89,4445
389986863,55.8101535,37.7150716,parking,50,,7.71,8.6,815
390841554,55.866529,37.5716241,parking,50,,5.77,12.64,611
390841562,55.8675446,37.5584519,parking,50,,7.01,12.96,893
391471885,55.656583,37.5265838,parking,50,,7.01,12.41,1299
391735425,55.7145469,37.8983051,mall,150,,24.1,18.18,759
392185282,55.8086,37.7333924,parking,50,,7.71,9.34,1044
392364362,55.7195382,37.42865,parking,50,,7.01,12.48,1178
392560606,55.8194476,37.8271211,parking,50,,7.01,14.91,1446
392654102,55.8868455,37.4396577,parking,50,,6.75,18.32,2296
392657701,55.7913927,37.6137691,parking,50,,8.19,3.96,503
392959285,55.8734626,37.483355,parking,50,,4.72,15.53,535
393136064,55.758716,37.8082036,parking,50,,9.08,11.95,2039
393625506,55.7669169,37.716217,parking,50,,10.73,6.31,1994
394037117,55.7580241,37.7142561,parking,50,,9.12,6.07,1117
394037118,55.7579018,37.7145756,parking,50,,9.12,6.09,1111
394292034,55.6355967,37.6727702,parking,50,,8.25,13.81,2575
394701400,55.6844097,37.8944874,parking,50,,6.75,19.09,2292
394896528,55.7518994,37.4121353,parking,50,,7.01,12.85,977
395166263,55.7953256,37.8205713,parking,50,,8.25,13.45,1994
395299156,55.693418,37.6592522,parking,50,,7.71,7.42,1186
395299162,55.6919801,37.6635264,parking,50,,7.71,7.66,879
395872575,55.608449,37.7226899,parking,50,,6.75,17.67,3088
396238802,55.7640892,37.7087883,parking,50,,10.73,5.8,1727
396431701,55.6143854,37.5988985,parking,50,,6.75,15.77,1641
396431718,55.6194178,37.6060885,parking,50,,6.75,15.18,2203
396582358,55.5707355,37.6168173,parking,50,,4.88,20.58,957
397374647,55.6344801,37.6976312,parking,50,,8.25,14.4,3858
397698339,55.6216151,37.6132136,parking,50,,8.25,14.92,2531
397698340,55.6212522,37.6114154,parking,50,,8.25,14.97,2463
397749560,55.8744539,37.6107039,parking,50,,8.25,13.2,1785
398178510,55.8837052,37.5991642,parking,50,,8.25,14.27,2194
398285356,55.6210024,37.4247454,parking,50,,6.75,19.24,3964
398322651,55.6222386,37.6090842,parking,50,,8.25,14.86,2540
398695534,55.8217631,37.8263223,parking,50,,8.25,14.99,1685
398708338,55.5617293,37.5825198,parking,50,,4.88,21.69,905
399269714,55.7891782,37.7858596,parking,50,,9.08,11.18,2973
399782140,55.9399641,37.5124682,parking,50,,4.88,21.5,1276
400280390,55.79041,37.774892,parking,50,,9.08,10.58,2322
400540186,55.8016163,37.7121686,parking,50,,7.71,7.82,730
400662795,55.6667144,37.6564458,parking,50,,9.08,10.2,1677
401907578,55.8048873,37.7205163,parking,50,,7.71,8.45,1219
401907590,55.8045555,37.7168758,parking,50,,7.71,8.26,1102
402131663,55.6484089,37.5707866,parking,50,,8.25,12.29,2716
402187574,55.6783975,37.6662495,parking,50,,7.71,9.14,1014
402338684,55.6801505,37.6652295,parking,50,,7.71,8.93,882
402597084,55.7049348,37.4013539,parking,50,,7.01,14.66,1445
402767340,55.8932671,37.5008177,parking,50,,5.74,16.93,1280
402767341,55.8916914,37.4982211,parking,50,,5.74,16.84,1283
402898052,55.8870689,37.5437183,parking,50,,5.74,15.3,1210
403285647,55.6102624,37.6116379,parking,50,,5.74,16.19,1315
403709300,55.679882,37.671416,parking,50,,7.71,9.1,750
404083635,55.83524,37.4472192,parking,50,,7.01,13.82,1106
404404982,55.8859013,37.5437694,parking,50,,5.74,15.18,1088
404408427,55.8748494,37.5248394,parking,50,,7.01,14.44,830
404697861,55.6872679,37.8755578,parking,50,,6.75,17.88,1654
404766052,55.5970036,37.3561932,parking,50,,5.74,24.08,7985
404924428,55.7086707,37.602176,parking,50,,7.51,5.33,554
404924434,55.7083307,37.6024918,parking,50,,7.51,5.36,537
404924440,55.7083202,37.6012555,parking,50,,7.51,5.37,504
404995144,55.6235837,37.7093526,parking,50,,6.75,15.79,4609
405015017,55.8379408,37.4015327,parking,50,,4.72,16.29,583
405302092,55.7079986,37.601635,parking,50,,7.51,5.41,533
405694676,55.8112472,37.7248312,parking,50,,6.35,9.12,537
405849578,55.7539554,37.5809993,parking,50,,9.45,2.28,517
406034347,55.8115746,37.4931323,parking,50,,9.08,9.94,1731
406200299,55.7168932,37.7579662,parking,50,,7.71,9.81,1047
406200301,55.7176254,37.7579617,parking,50,,7.71,9.78,1052
406590448,55.7395703,37.5818439,parking,50,,11.47,2.86,789
407671409,55.8986046,37.60465,parking,50,,6.75,15.9,1767
407736250,55.8170774,37.3623698,parking,50,,6.75,17.33,1543
408542722,55.6705183,37.4968914,parking,50,,7.01,12.12,985
408795183,55.6721551,37.8815777,parking,50,,5.74,18.99,778
409132460,55.750293,37.8102784,parking,50,,8.25,12.09,2325
409463113,55.8966363,37.5352067,parking,50,,6.75,16.48,1835
409547417,55.6060824,37.7171085,parking,50,,6.75,17.78,2737
410329464,55.6609433,37.5787907,parking,50,,7.71,10.82,1242
410361439,55.7301041,37.5913743,parking,50,,9.94,3.29,1023
410648320,55.8610844,37.5022695,parking,50,,7.01,13.74,1198
411799031,55.6222783,37.6990536,parking,50,,6.75,15.71,4488
412196299,55.8391072,37.4919015,parking,50,,7.01,12.13,818
412908570,55.5722367,37.6050529,parking,50,,4.88,20.43,1225
413193601,55.6558789,37.4938668,parking,50,,7.01,13.54,1076
414528131,55.9390952,37.5115775,parking,50,,4.88,21.42,1210
414646454,55.6425316,37.6563558,parking,50,,7.01,12.83,1340
415326794,55.7597224,37.7328099,parking,50,,7.71,7.24,1127
416249781,55.7463131,37.788493,parking,50,,7.71,10.76,1399
417587015,55.8042736,37.5093747,parking,50,,6.35,8.64,675
417666832,55.7204502,37.6522219,parking,50,,9.94,4.5,930
418316320,55.8556918,37.4771442,mall,150,Торговый центр «У Речного»,29.45,14.15,1189
418566011,55.7143137,37.7461027,parking,50,,9.08,9.29,1585
418989250,55.8600671,37.4709326,parking,50,,5.77,14.77,587
419904028,55.7850229,37.5910164,parking,50,,9.94,3.64,879
419904033,55.7842638,37.591821,parking,50,,9.94,3.54,953
420076330,55.7471454,37.4238849,parking,50,,7.01,12.14,821
420256908,55.7776902,37.6442508,parking,50,,9.45,2.96,540
420904848,55.8729484,37.5286773,parking,50,,7.01,14.15,703
421010882,55.643744,37.6579683,parking,50,,7.01,12.72,1285
421010896,55.6428387,37.6604626,parking,50,,7.01,12.85,1461
421010902,55.597745,37.6707878,parking,50,,6.75,17.89,2279
421506169,55.5698565,37.6169678,parking,50,,4.88,20.68,1050
421506584,55.570503,37.6172267,parking,50,,4.88,20.6,977
421507067,55.5713333,37.6170778,parking,50,,4.88,20.51,888
421508276,55.5737163,37.6186709,parking,50,,4.02,20.25,609
421707103,55.8074458,37.7780864,parking,50,,9.08,11.58,3450
422268025,55.6228516,37.6988343,parking,50,,6.75,15.64,4553
423437743,55.681225,37.6940977,parking,50,,7.71,9.59,1111
423437746,55.6805637,37.6945896,parking,50,,7.71,9.67,1190
423647960,55.8099134,37.7792581,parking,50,,9.08,11.78,3577
424485325,55.6459418,37.6690344,parking,50,,8.25,12.64,1665
424496855,55.6632439,37.5792967,parking,50,,7.71,10.56,985
425335997,55.8352333,37.5236973,parking,50,,9.08,10.59,1595
425378007,55.666695,37.5814752,parking,50,,6.35,10.16,583
425378010,55.6664626,37.5821957,parking,50,,6.35,10.17,605
425378011,55.6653263,37.5809479,parking,50,,7.71,10.31,738
425378012,55.664508,37.5789192,parking,50,,7.71,10.43,855
425378013,55.6615347,37.5766589,parking,50,,7.71,10.79,1212
425378014,55.6602872,37.575367,parking,50,,7.71,10.94,1370
425378015,55.6581838,37.5731068,parking,50,,9.08,11.2,1639
425475619,55.6639447,37.5883458,parking,50,,7.71,10.37,953
425570308,55.8674074,37.5696579,parking,50,,5.77,12.76,670
426105936,55.8660213,37.5608437,parking,50,,5.77,12.75,668
426662164,55.6443666,37.6639738,parking,50,,7.01,12.73,1497
426663805,55.644081,37.6648169,parking,50,,8.25,12.77,1558
426663807,55.6438371,37.6654143,parking,50,,8.25,12.81,1605
427033207,55.6562467,37.9502092,parking,50,Перехватывающая парковка Томилино РЖД,5.74,23.61,2818
427252147,55.9135955,37.8398072,parking,50,,5.74,22.38,3071
427269842,55.7786755,37.4594783,parking,50,,9.08,10.19,1510
427340470,55.6305438,37.6649981,parking,50,,8.25,14.25,2772
427825364,55.8562929,37.4767392,parking,50,,7.01,14.21,1119
427870073,55.6239108,37.3878269,parking,50,,5.74,20.54,5672
428115001,55.8875604,37.7351065,parking,50,,5.74,16.4,1321
428704196,55.8077603,37.7155089,parking,50,,7.71,8.43,1026
428704204,55.8060418,37.7133819,parking,50,,7.71,8.2,1225
428705279,55.8062567,37.7120254,parking,50,,7.71,8.16,1246
428734106,55.7357217,37.8635298,mall,150,,19.84,15.57,550
428917265,55.6994931,37.6264467,parking,50,,9.12,6.29,1042
430072205,55.796717,37.6031379,parking,50,,9.94,4.64,716
430222972,55.6924849,37.6670818,parking,50,,7.71,7.7,782
430375741,55.7130545,37.8542638,parking,50,,6.75,15.58,1836
430375742,55.7116756,37.8506267,parking,50,,6.75,15.41,1682
430375743,55.7131999,37.8543423,parking,50,,6.75,15.58,1852
430539992,55.7196261,37.7403239,parking,50,,7.71,8.69,1264
430598948,55.590289,37.6540391,parking,50,,6.75,18.55,1643
430806097,55.7622896,37.5886591,parking,50,,9.45,1.93,561
430866453,55.6483056,37.538907,parking,50,,8.25,12.92,2469
431081988,55.8027225,37.4145609,parking,50,,8.25,13.71,2093
431081989,55.8042894,37.422656,parking,50,,8.25,13.31,2514
431081990,55.8036998,37.4151796,parking,50,,8.25,13.72,2089
431081993,55.8044271,37.4240011,parking,50,,8.25,13.24,2591
431670958,55.7861172,37.43358,transport_hub,150,Серебряный Бор-1,35.39,11.98,2909
431762202,55.6849214,37.75819,parking,50,,7.71,11.83,1074
431831373,55.9422661,37.5171126,parking,50,,4.88,21.66,1455
431840355,55.6714292,37.7497816,parking,50,,5.77,12.53,685
431912212,55.6996465,37.4930044,parking,50,,6.35,9.98,647
432082869,55.7489254,37.8071362,parking,50,,9.08,11.9,2569
434416148,55.8533619,37.5663129,parking,50,,7.71,11.31,907
435068409,55.7518853,37.4052545,parking,50,,7.01,13.28,1085
435102061,55.7560126,37.4065322,parking,50,,7.01,13.19,1487
435155738,55.8874955,37.5904739,parking,50,,8.25,14.74,2278
435583356,55.657002,37.3691172,parking,50,,6.75,19.04,4295
436258966,55.8593806,37.4917677,parking,50,,8.25,13.94,1612
436573041,55.8857326,37.5906303,parking,50,,8.25,14.54,2207
436603157,55.921627,37.5338746,parking,50,,5.74,19.16,1216
437036333,55.6264773,37.7183318,parking,50,,6.75,15.71,4981
437353525,55.7181762,37.6242185,parking,50,,8.19,4.21,606
437378596,55.740158,37.5869587,parking,50,,9.45,2.58,543
437725043,55.6812265,37.8917195,parking,50,,6.75,19.08,1912
437725044,55.6813953,37.8923387,parking,50,,6.75,19.11,1953
437842846,55.7177861,37.3955737,parking,50,,7.01,14.51,1027
437958998,55.7026305,37.8251082,parking,50,,8.25,14.29,1838
438191705,55.7998734,37.5611078,parking,50,,9.12,6.03,826
438281723,55.6827595,37.8943752,parking,50,,6.75,19.16,2151
438425730,55.7205129,37.623503,parking,50,,8.19,3.94,510
438510786,55.818962,37.7973974,parking,50,,8.25,13.27,2942
438605651,55.7438361,37.8781731,parking,50,,4.72,16.38,585
438856596,55.6994489,37.6240459,parking,50,,9.12,6.28,1169
438964946,55.7478134,37.422821,parking,50,,7.01,12.2,812
438964972,55.7482202,37.4218983,parking,50,,7.01,12.26,800
439447830,55.9183723,37.3878497,parking,50,,4.02,23.07,511
439748006,55.8604143,37.4284395,parking,50,,5.74,16.57,743
440510347,55.6500599,37.5047978,parking,50,,7.01,13.71,938
440512475,55.6269071,37.7130705,parking,50,,6.75,15.54,4991
441995642,55.8191486,37.4899616,parking,50,,9.08,10.63,1543
441995646,55.8188368,37.488237,parking,50,,9.08,10.69,1528
442177913,55.7783824,37.4907547,parking,50,,7.71,8.3,814
442177914,55.7782086,37.4910606,parking,50,,7.71,8.28,824
442177915,55.7789508,37.4939789,parking,50,,6.35,8.13,692
442208975,55.8371079,37.6666178,parking,50,,6.35,9.55,691
442532359,55.7592388,37.7138865,parking,50,,9.12,6.06,1238
442791010,55.9138088,37.7167074,parking,50,,6.75,18.63,1818
443368233,55.6644254,37.9302167,parking,50,Перехватывающая парковка РЖД Панки,5.74,22.08,2006
443606124,55.8793059,37.6965852,parking,50,,7.01,14.6,1124
443606128,55.8795692,37.6962513,parking,50,,7.01,14.62,1145
444259119,55.756957,37.4063829,parking,50,,8.25,13.2,1591
444259120,55.756649,37.4064302,parking,50,,8.25,13.19,1557
444259121,55.7568473,37.4059838,parking,50,,8.25,13.22,1586
444741817,55.788173,37.614368,parking,50,,8.19,3.6,640
444741818,55.7870037,37.6118508,parking,50,,8.19,3.49,656
444741819,55.7874806,37.6126647,parking,50,,8.19,3.53,694
444742511,55.7871626,37.6109659,parking,50,,8.19,3.51,678
445140039,55.8596246,37.6386329,parking,50,,7.71,11.62,1160
446640160,55.8578464,37.6364145,parking,50,,7.71,11.41,1012
446684871,55.8924451,37.5298242,parking,50,,5.74,16.15,1270
446824777,55.6447847,37.5285784,parking,50,,8.25,13.54,2034
447996886,55.8831526,37.7095448,parking,50,,4.72,15.29,502
447996887,55.8810208,37.7045556,parking,50,,5.77,14.95,650
448173169,55.7749147,37.5962579,parking,50,,11.47,2.5,708
448630953,55.8678486,37.5583494,parking,50,,7.01,12.99,923
448842225,55.7873015,37.6126616,parking,50,,8.19,3.51,687
448916707,55.610652,37.6981185,parking,50,,6.75,16.92,3216
448941412,55.6105177,37.6971572,parking,50,,6.75,16.91,3212
449250681,55.6502004,37.5629876,parking,50,,8.25,12.23,2635
449453080,55.8406064,37.4388465,parking,50,,7.01,14.61,1083
449463184,55.8419884,37.4379277,parking,50,,7.01,14.75,928
449578030,55.8431015,37.4296887,parking,50,,5.74,15.22,954
450069307,55.8221875,37.8191298,parking,50,,8.25,14.62,2001
450244832,55.8477606,37.4237068,parking,50,,5.74,15.84,931
450308648,55.9065838,37.3996072,parking,50,,4.02,21.59,563
451735005,55.6304877,37.6588447,mall,150,Пролетарский,34.65,14.18,2632
453368769,55.8491652,37.5661458,parking,50,,7.71,10.86,1253
453391964,55.9028132,37.5492699,parking,50,,6.75,16.89,2602
453569088,55.8731374,37.5560988,parking,50,,5.77,13.6,595
453613105,55.7377807,37.5170102,parking,50,АСК Космос-11,7.51,6.59,590
453757261,55.9338543,37.504018,parking,50,,4.88,21.02,923
454021216,55.84384,37.5573766,parking,50,,7.71,10.48,1332
454208180,55.9379416,37.5068529,parking,50,,4.88,21.39,1009
454208183,55.9373054,37.5111054,parking,50,,4.88,21.24,1048
454311103,55.8653806,37.5459674,parking,50,,7.01,12.97,1362
454311141,55.8702557,37.5464651,parking,50,,7.01,13.47,902
454361562,55.8761504,37.5493092,parking,50,,5.77,14.04,583
454407381,55.7143026,37.8124372,parking,50,,7.01,13.06,997
454600838,55.8852481,37.5356228,parking,50,,5.74,15.27,957
454841132,55.5830963,37.5942634,parking,50,,5.74,19.26,1326
454867736,55.6677608,37.7732273,parking,50,,7.01,13.83,1252
454868093,55.6686894,37.776127,parking,50,,7.01,13.89,1334
454868778,55.6674886,37.7751954,parking,50,,7.01,13.94,1366
454872873,55.6693897,37.7783608,parking,50,,7.01,13.93,1416
454873338,55.667859,37.7815715,parking,50,,8.25,14.2,1674
454873944,55.6686614,37.7758951,parking,50,,7.01,13.88,1324
454873945,55.668791,37.775609,parking,50,,7.01,13.85,1301
454962867,55.7479334,37.539411,parking,50,,9.94,4.95,709
455075491,55.6655884,37.7841258,parking,50,,8.25,14.49,1943
455175004,55.8537696,37.4754666,parking,50,,7.01,14.04,1157
455242877,55.6688669,37.7798219,parking,50,,8.25,14.04,1524
455662436,55.8189061,37.6457111,parking,50,,7.71,7.24,734
455664544,55.8147238,37.6434021,parking,50,,7.51,6.75,671
455699693,55.6697798,37.7791329,parking,50,,7.01,13.94,1440
455757531,55.8496787,37.5372667,parking,50,,9.08,11.58,1697
456086769,55.7171658,37.9273121,parking,50,,6.75,19.88,2583
456348889,55.6299215,37.6206445,parking,50,,8.25,14.0,2999
456351016,55.629013,37.6208408,parking,50,,8.25,14.1,3080
456352993,55.7497787,37.6655384,parking,50,,8.19,3.09,538
456364327,55.6284335,37.6201694,parking,50,,8.25,14.16,3156
456366711,55.6281255,37.6200351,parking,50,,8.25,14.2,3190
456404557,55.9154513,37.5617953,parking,50,,6.75,18.09,1694
456733303,55.6296889,37.6201035,parking,50,,8.25,14.02,3039
456733306,55.6296524,37.6203948,parking,50,,8.25,14.03,3033
456733308,55.6296142,37.6207163,parking,50,,8.25,14.03,3026
456809565,55.873283,37.5541719,parking,50,,5.77,13.65,611
456809570,55.8740561,37.5535644,parking,50,,5.77,13.74,549
457660278,55.6274558,37.6678905,parking,50,,8.25,14.62,3161
457668752,55.6280531,37.6653114,parking,50,,8.25,14.52,3032
457878074,55.6656821,37.7791318,parking,50,,8.25,14.25,1684
457896032,55.6260323,37.6133335,parking,50,,8.25,14.43,3008
458061040,55.6663832,37.78298,parking,50,,8.25,14.37,1834
458061041,55.6660747,37.7829866,parking,50,,8.25,14.4,1853
458260423,55.8460342,37.5406751,parking,50,,9.08,11.12,2151
458260491,55.8477355,37.5377577,parking,50,,9.08,11.37,1893
458475119,55.6666553,37.7836101,parking,50,,8.25,14.38,1852
458475120,55.6665041,37.7838388,parking,50,,8.25,14.4,1873
458475122,55.666863,37.7834284,parking,50,,8.25,14.36,1830
458517137,55.6658938,37.7814649,parking,50,,8.25,14.34,1786
458517144,55.6661092,37.7814204,parking,50,,8.25,14.32,1770
458517146,55.6662863,37.7813903,parking,50,,8.25,14.31,1757
458517149,55.6663325,37.7811075,parking,50,,8.25,14.29,1740
458517151,55.6661629,37.7811083,parking,50,,8.25,14.31,1750
458641445,55.6666957,37.7826321,parking,50,,8.25,14.33,1797
458643457,55.6667382,37.782133,parking,50,,8.25,14.31,1768
458643459,55.6665909,37.7820096,parking,50,,8.25,14.31,1770
458649763,55.6670432,37.7834233,parking,50,,8.25,14.34,1820
458649764,55.6666579,37.783857,parking,50,,8.25,14.39,1865
458650428,55.6661364,37.7844427,parking,50,,8.25,14.46,1926
458650429,55.6660082,37.7845903,parking,50,,8.25,14.47,1942
458651661,55.6659717,37.7790031,parking,50,,8.25,14.23,1658
458653915,55.6658818,37.7804132,parking,50,,8.25,14.3,1734
458653916,55.66569,37.78034,parking,50,,8.25,14.31,1743
458653917,55.665776,37.7799681,parking,50,,8.25,14.28,1719
458653918,55.6659342,37.7800337,parking,50,,8.25,14.27,1711
458668935,55.6699949,37.7795115,parking,50,,7.01,13.94,1452
458672255,55.665774,37.7839495,parking,50,,8.25,14.46,1922
458672809,55.6646905,37.7828315,parking,50,,8.25,14.5,1935
458681956,55.667714,37.7759425,parking,50,,7.01,13.95,1387
459049368,55.8004706,37.7219628,parking,50,,7.71,8.22,872
459069502,55.701847,37.7515306,parking,50,,7.71,10.33,1109
459069506,55.7025695,37.7511165,parking,50,,7.71,10.26,1098
459154579,55.6662514,37.784662,parking,50,,8.25,14.46,1931
459154580,55.6660368,37.7849094,parking,50,,8.25,14.49,1957
459160138,55.66739,37.7833754,parking,50,,8.25,14.31,1798
459160139,55.6672624,37.7835135,parking,50,,8.25,14.33,1812
459160140,55.6670367,37.7837756,parking,50,,8.25,14.36,1839
459160141,55.6667726,37.7840762,parking,50,,8.25,14.39,1870
459160142,55.6665757,37.7842995,parking,50,,8.25,14.42,1893
459627900,55.7894657,37.4677654,parking,50,,7.71,10.07,876
459627901,55.7889745,37.4698176,parking,50,,7.71,9.93,738
459829999,55.7776616,37.6839509,parking,50,,9.94,4.83,747
459996789,55.6707885,37.7931408,parking,50,,8.25,14.51,2239
460023298,55.6717661,37.7764912,parking,50,,7.01,13.67,1203
460023487,55.671852,37.7763179,parking,50,,7.01,13.65,1190
460025529,55.6711721,37.7775044,parking,50,,7.01,13.76,1285
460040234,55.6685703,37.7678926,parking,50,,7.01,13.53,956
460170601,55.7701829,37.680567,parking,50,,9.94,4.27,782
460178941,55.7692004,37.6816398,parking,50,,9.94,4.29,909
460515881,55.6545213,37.7648958,parking,50,,8.25,14.57,2343
460522096,55.6535921,37.7662617,parking,50,,8.25,14.71,2460
460522133,55.653641,37.7659228,parking,50,,8.25,14.69,2451
460522184,55.6534838,37.7661042,parking,50,,8.25,14.71,2470
460561398,55.6630856,37.7669925,parking,50,,7.01,13.94,1459
460566930,55.6635985,37.7700571,parking,50,,7.01,14.02,1491
460567665,55.66332,37.7699747,parking,50,,8.25,14.04,1515
460731614,55.6712268,37.7662469,parking,50,,5.77,13.25,669
460731615,55.6706059,37.7669207,parking,50,,7.01,13.33,747
460732537,55.669767,37.7691237,parking,50,,7.01,13.49,912
460732718,55.670281,37.7706302,parking,50,,7.01,13.52,950
460736966,55.6705412,37.7706605,parking,50,,7.01,13.5,935
461543781,55.7932537,37.7874542,parking,50,,9.08,11.43,3161
462127687,55.9435532,37.4909923,mall,150,"Торговый центр ""Лайм""",16.87,22.32,676
462148760,55.7724895,37.5842526,parking,50,,11.47,2.78,1053
462148762,55.7726103,37.5839163,parking,50,,11.47,2.8,1035
463135502,55.8066622,37.8001226,parking,50,,8.25,12.75,2574
463136378,55.8066814,37.8015135,parking,50,,8.25,12.83,2487
463357483,55.7313094,37.5777955,parking,50,,8.19,3.68,642
463728524,55.6878109,37.8802015,parking,50,,6.75,18.12,1870
463734612,55.69556,37.6631787,parking,50,,7.71,7.29,1026
463923755,55.6125007,37.6984619,parking,50,,6.75,16.73,3415
463944443,55.5970271,37.8800461,parking,50,,5.74,24.15,6412
463944448,55.5967711,37.8803808,parking,50,,5.74,24.18,6434
463944476,55.5986977,37.8813404,parking,50,,5.74,24.07,6212
463958625,55.6622134,37.780139,parking,50,,8.25,14.57,1994
463960985,55.6631378,37.7799729,parking,50,,8.25,14.49,1913
463960989,55.6627721,37.7801719,parking,50,,8.25,14.53,1951
463960991,55.6629324,37.7803613,parking,50,,8.25,14.53,1946
464575928,55.7909755,37.7860245,parking,50,,9.08,11.25,3015
464575933,55.7905844,37.7860414,parking,50,,9.08,11.24,3008
464575939,55.7901946,37.7860556,parking,50,,9.08,11.23,3002
464575950,55.7916337,37.7859816,parking,50,,9.08,11.28,3028
464575957,55.7903566,37.7858778,parking,50,,9.08,11.22,2994
465212322,55.6141674,37.7061041,parking,50,,6.75,16.7,3560
465212323,55.6143907,37.7076771,parking,50,,6.75,16.71,3585
465276506,55.6184998,37.7061465,parking,50,,6.75,16.25,4042
466710261,55.9024152,37.5898279,parking,50,,5.74,16.39,1014
467550466,55.7971738,37.8032621,parking,50,,8.25,12.51,2708
467570650,55.6802107,37.5112547,parking,50,,9.08,10.71,1691
467715351,55.7675843,37.5825537,parking,50,,9.45,2.54,656
467715453,55.7676128,37.581783,parking,50,,9.45,2.58,620
467715497,55.7676431,37.5821437,parking,50,,9.45,2.56,640
467715518,55.7680095,37.5832967,parking,50,,11.47,2.52,722
467738777,55.893525,37.5358058,parking,50,,6.75,16.14,1635
467738778,55.893518,37.5361225,parking,50,,6.75,16.13,1651
467785300,55.6545483,37.3990594,parking,50,,6.75,17.71,4466
467822314,55.6544531,37.3993933,parking,50,,6.75,17.7,4444
468524602,55.819511,37.3634599,parking,50,,5.74,17.38,1420
469077420,55.6148841,37.6285486,parking,50,,6.75,15.68,1669
469563889,55.7985656,37.8234726,parking,50,,8.25,13.74,1604
469935199,55.8645223,37.5086906,parking,50,,7.01,13.86,838
471744440,55.6849039,37.9104902,parking,50,,6.75,19.98,3073
471744458,55.6840713,37.9094887,parking,50,,6.75,19.96,2968
471837029,55.6843523,37.9119553,parking,50,,5.74,20.09,3113
472880507,55.8560875,37.5986129,parking,50,,6.35,11.21,600
473528454,55.6846759,37.9110377,parking,50,,5.74,20.02,3086
473543140,55.6838191,37.9132856,parking,50,,5.74,20.19,3150
474429886,55.8641476,37.5046215,parking,50,,7.01,13.95,1071
474709011,55.8625517,37.4897903,parking,50,,7.01,14.3,1388
475356892,55.6591426,37.7646375,parking,50,,8.25,14.17,1835
475489946,55.7034268,37.615407,parking,50,,7.51,5.82,655
475680715,55.6626895,37.9251493,parking,50,,5.74,21.89,1640
475821229,55.8937986,37.4372094,parking,50,,6.75,19.03,1678
476566829,55.6569784,37.7669105,parking,50,,8.25,14.44,2103
476572045,55.6544277,37.767112,parking,50,,8.25,14.67,2381
476612216,55.663275,37.7681174,parking,50,,7.01,13.97,1467
476997679,55.6353098,37.8498606,parking,50,,6.75,19.8,3941
477114747,55.8972577,37.5186566,parking,50,,5.74,16.89,1408
477114748,55.8971904,37.5196067,parking,50,,5.74,16.86,1412
477309828,55.7542079,37.8006181,parking,50,,9.08,11.47,2504
477375409,55.7943117,37.7991619,parking,50,,8.25,12.15,2787
477375412,55.7943241,37.7995842,parking,50,,8.25,12.18,2773
477375415,55.7982854,37.7992785,parking,50,,8.25,12.32,2874
477375416,55.803205,37.8025473,parking,50,,8.25,12.73,2495
477375417,55.8032269,37.8040733,parking,50,,8.25,12.82,2402
477387789,55.6465169,37.5356647,parking,50,,8.25,13.18,2499
477387790,55.6460213,37.537566,parking,50,,8.25,13.19,2610
477387791,55.6448069,37.5372902,parking,50,,8.25,13.32,2579
477387799,55.6453901,37.5371306,parking,50,,8.25,13.26,2575
477389395,55.6447295,37.5406651,parking,50,,8.25,13.25,2790
477572501,55.6452143,37.5357586,parking,50,,8.25,13.32,2487
477770962,55.6438346,37.5383507,parking,50,,8.25,13.4,2640
477772878,55.6491422,37.5331654,parking,50,,8.25,12.98,2199
477778885,55.6446447,37.5309008,parking,50,,8.25,13.49,2178
477787989,55.6420977,37.5297236,parking,50,,8.25,13.78,2101
478332008,55.6464434,37.5379885,parking,50,,8.25,13.14,2621
479305191,55.861205,37.5027566,parking,50,,7.01,13.73,1166
479305193,55.8601261,37.4981755,parking,50,,7.01,13.78,1464
480153047,55.6694633,37.7917078,parking,50,,8.25,14.54,2190
480179194,55.8792316,37.7841215,parking,50,,6.75,17.23,3912
480302533,55.8844998,37.5445797,parking,50,,5.74,15.01,965
480302536,55.88527,37.5443427,parking,50,,5.74,15.1,1036
480302537,55.8854846,37.5443783,parking,50,,5.74,15.12,1059
480302539,55.884838,37.5446478,parking,50,,5.74,15.05,1000
480406719,55.8157475,37.6945235,parking,50,,7.71,8.23,1171
480585846,55.8217691,37.8337503,parking,50,,5.74,15.39,1483
480699872,55.7537759,37.6605572,parking,50,,9.45,2.72,617
480886113,55.7587332,37.6761766,parking,50,,8.19,3.7,657
481002348,55.6585341,37.5921727,parking,50,,9.08,10.93,1600
482488238,55.8244149,37.4360846,parking,50,,7.01,13.66,1014
482900715,55.6751732,37.612262,parking,50,,7.71,8.97,1169
483121143,55.8300385,37.4096159,parking,50,,5.74,15.38,1121
483121162,55.8295703,37.4145029,parking,50,,5.74,15.1,1417
483121293,55.8240124,37.4292305,parking,50,,7.01,13.99,1445
483121294,55.8246056,37.4298099,parking,50,,7.01,14.0,1401
483201850,55.8922482,37.4363583,parking,50,,6.75,18.92,1764
483201852,55.8927424,37.4375148,parking,50,,6.75,18.92,1773
483201862,55.8885356,37.4426626,parking,50,,6.75,18.35,2334
483723449,55.6614465,37.5654545,parking,50,,9.08,10.98,1587
483726128,55.6630358,37.5624494,parking,50,,9.08,10.87,1567
483982782,55.6272421,37.6502561,parking,50,,8.25,14.44,2872
484206596,55.801673,37.5083475,parking,50,,7.71,8.51,878
484539060,55.623104,37.7415042,parking,50,,6.75,16.68,5046
484620995,55.6901934,37.8532942,parking,50,,5.74,16.48,712
484620996,55.6897729,37.8530996,parking,50,,5.74,16.49,758
484620997,55.689378,37.8527703,parking,50,,5.74,16.49,801
484620998,55.6890991,37.8525633,parking,50,,5.74,16.49,832
484621031,55.6920807,37.8529208,parking,50,,4.72,16.37,501
484792828,55.6911603,37.6651422,parking,50,,7.71,7.79,743
485017476,55.6444549,37.6585002,parking,50,,7.01,12.65,1244
485345518,55.8947702,37.4295913,parking,50,,5.74,19.4,1280
485345519,55.8953534,37.4288721,parking,50,,5.74,19.48,1201
485474516,55.6831931,37.6397066,parking,50,,7.71,8.19,802
485489818,55.7773583,37.4927654,parking,50,,7.71,8.15,881
486037581,55.8768147,37.72328,parking,50,,5.77,15.0,616
486364836,55.6379963,37.7572768,parking,50,,6.75,15.76,4144
486522038,55.6453692,37.7516792,parking,50,,8.25,14.89,3350
486596371,55.775964,37.4613549,parking,50,,9.08,10.01,1599
486596375,55.7763362,37.4623991,parking,50,,9.08,9.96,1523
486930490,55.8064573,37.4674597,parking,50,,7.71,10.93,1173
487406732,55.770162,37.4291446,parking,50,,9.08,11.88,3174
487511739,55.7515958,37.9470788,parking,50,,5.74,20.64,3430
487511740,55.7520969,37.9474388,parking,50,,5.74,20.66,3384
487511741,55.751954,37.9469092,parking,50,,5.74,20.63,3389
487968821,55.7811917,37.4841603,parking,50,,6.35,8.79,565
488265757,55.6376894,37.677575,parking,50,,8.25,13.67,2628
488429441,55.7538424,37.754253,parking,50,,9.08,8.57,1683
488482946,55.8173823,37.4950044,parking,50,,7.71,10.26,1299
488482973,55.8158283,37.494013,parking,50,,7.71,10.2,1430
489241385,55.633155,37.7373444,parking,50,,6.75,15.57,4863
489241451,55.6332227,37.7378128,parking,50,,6.75,15.58,4848
489442593,55.7891346,37.6048672,parking,50,,9.94,3.79,781
489583872,55.8952544,37.5304689,parking,50,,6.75,16.43,1523
489807005,55.7129467,37.6470314,parking,50,,9.12,5.12,738
490147520,55.6644734,37.6485076,parking,50,,7.71,10.34,1296
490504867,55.8553918,37.6388081,parking,50,,7.71,11.16,704
490593153,55.8074943,37.799443,parking,50,,8.25,12.76,2608
491304475,55.7944761,37.9321119,parking,50,Автостоянка №48,4.88,20.15,789
491640822,55.8108606,37.5908374,parking,50,,9.12,6.34,1079
491989796,55.8086715,37.7977061,parking,50,,8.25,12.72,2711
492459896,55.8704445,37.5487697,parking,50,,7.01,13.45,981
492882807,55.9047879,37.5510393,parking,50,,6.75,17.08,2423
492993613,55.7138446,37.8994269,parking,50,,5.74,18.27,839
493001312,55.7261908,37.3752706,parking,50,,6.75,15.5,1529
493001313,55.7271767,37.3754239,parking,50,,6.75,15.47,1639
493001314,55.7266908,37.3756763,parking,50,,6.75,15.47,1585
493001315,55.7242903,37.3748734,parking,50,,5.74,15.57,1318
493041894,55.6869823,37.8731339,parking,50,,6.75,17.76,1551
493049327,55.7874281,37.6049237,parking,50,,9.94,3.6,836
493168025,55.8207103,37.8320432,parking,50,,5.74,15.24,1411
493168027,55.8206519,37.8323989,parking,50,,5.74,15.26,1396
493170854,55.8206111,37.8318625,parking,50,,5.74,15.23,1406
493729496,55.7096648,37.8039919,parking,50,,7.01,12.76,706
493757713,55.7202223,37.379328,mall,150,Торгово-развлекательный центр ТРК Vegas Кунцево,24.1,15.41,897
494105345,55.6499996,37.748799,parking,50,,8.25,14.36,2872
495203912,55.7932702,37.8170377,parking,50,,8.25,13.17,2013
495207793,55.7904191,37.8156404,parking,50,,8.25,12.99,1886
495220563,55.7914835,37.6583136,parking,50,,9.94,4.72,1200
495469406,55.5987262,37.6199166,parking,50,,5.74,17.47,951
495489332,55.7943952,37.6554524,parking,50,,9.94,4.91,1180
495556802,55.7449456,37.7187521,parking,50,,9.12,6.46,768
495556806,55.7448917,37.7181925,parking,50,,9.12,6.43,742
495946590,55.6210638,37.7105291,parking,50,,6.75,16.08,4332
495946591,55.6214492,37.7103308,parking,50,,6.75,16.04,4375
496700226,55.6506762,37.6125497,parking,50,,7.71,11.69,1339
497397386,55.7761771,37.5974653,parking,50,,9.45,2.58,581
497642335,55.8722347,37.3995464,parking,50,,6.75,18.78,1647
497797679,55.8854144,37.5335012,parking,50,,5.74,15.33,1002
498065348,55.6251959,37.6737643,parking,50,,8.25,14.95,3556
498076000,55.7630606,37.5371958,parking,50,,9.12,5.08,797
498336972,55.6791051,37.8759192,parking,50,,5.74,18.31,1020
498596050,55.7176884,37.4536652,parking,50,,9.08,11.09,2567
498982181,55.7018446,37.9316161,mall,150,"Торговый центр ""Некрасовка""",24.1,20.58,3204
499501033,55.6073783,37.5132423,parking,50,,6.75,17.75,1992
499706558,55.7835549,37.7187284,parking,50,,7.71,7.06,753
499721107,55.8994465,37.540137,parking,50,,6.75,16.68,2274
499849471,55.6301106,37.6107688,parking,50,,8.25,13.98,3348
499884125,55.7992918,37.6755265,parking,50,,9.12,6.05,863
500389527,55.7211899,37.8906126,parking,50,,5.74,17.54,727
500855297,55.651198,37.5867224,parking,50,,9.08,11.79,2315
500985857,55.6333729,37.7344425,parking,50,,6.75,15.47,4893
500996235,55.632413,37.7422491,parking,50,,6.75,15.8,4870
500996720,55.6334329,37.743181,parking,50,,6.75,15.73,4747
500996958,55.632785,37.7426711,parking,50,,6.75,15.77,4824
500999284,55.6327107,37.738358,parking,50,,6.75,15.65,4894
501637099,55.6353417,37.7096487,parking,50,,8.25,14.59,4472
501659211,55.6363049,37.7454374,parking,50,,6.75,15.53,4406
502414470,55.6288211,37.6048943,parking,50,,8.25,14.14,3239
503152059,55.8040322,37.7249388,parking,50,,7.71,8.61,1290
503287450,55.8278964,37.6624166,parking,50,,7.71,8.5,1143
503621086,55.5891108,37.454105,mall,150,,24.1,21.17,2313
503702079,55.8039731,37.7237557,parking,50,,7.71,8.54,1239
503946156,55.8973342,37.6021615,parking,50,,6.75,15.77,1803
504285650,55.7996224,37.7417004,parking,50,,9.08,9.18,1560
504521544,55.6725256,37.6020104,parking,50,,7.71,9.31,950
504647456,55.6562028,37.8285791,parking,50,,6.75,17.26,2212
504702519,55.706474,37.5707586,parking,50,,9.12,6.21,975
504926756,55.60977,37.5484862,parking,50,,6.75,16.8,3547
505145811,55.8163151,37.7042837,parking,50,,6.35,8.65,561
505145830,55.8028238,37.7281604,parking,50,,7.71,8.68,1335
505150298,55.8018336,37.7239857,parking,50,,7.71,8.41,1068
505150299,55.803006,37.7235603,parking,50,,7.71,8.47,1147
505150301,55.8025048,37.7246516,parking,50,,7.71,8.49,1151
505150302,55.8030689,37.7242939,parking,50,,7.71,8.51,1182
505153740,55.8001218,37.7217849,parking,50,,7.71,8.18,837
505869745,55.8151334,37.834119,parking,50,,5.74,15.08,802
506991495,55.6359101,37.8501692,mall,150,"Торговый центр ""Сити""",28.35,19.77,3872
507115817,55.7898471,37.8113309,parking,50,,8.25,12.71,1961
507271308,55.8459274,37.3731138,parking,50,,5.74,18.26,965
507297563,55.6569779,37.5686893,parking,50,,9.08,11.4,1877
507342837,55.8482892,37.3694585,parking,50,,5.74,18.59,833
508445604,55.9159817,37.7692656,parking,50,,5.74,20.18,2716
508682189,55.8860121,37.536018,parking,50,,5.74,15.34,1038
508936810,55.6926811,37.6202886,parking,50,,7.71,7.02,789
509159677,55.6911156,37.6201015,parking,50,,7.71,7.19,827
509242746,55.9131072,37.7092223,parking,50,,6.75,18.41,2088
509401634,55.8652021,37.7068455,parking,50,,8.25,13.39,1658
509401635,55.8648444,37.7062198,parking,50,,8.25,13.34,1707
509456832,55.7785778,37.5126861,parking,50,,7.71,7.02,950
510563586,55.6005054,37.7072668,parking,50,,6.75,18.17,2041
511537015,55.868332,37.4413029,parking,50,,6.75,16.66,1705
511582773,55.8031083,37.7193695,parking,50,,7.71,8.27,1011
511614166,55.8011655,37.7268207,parking,50,,7.71,8.51,1155
511682507,55.6375798,37.7514546,parking,50,,6.75,15.6,4212
511707600,55.6358768,37.7527478,parking,50,,6.75,15.81,4393
512101400,55.798271,37.721964,parking,50,,7.71,8.07,725
512375290,55.8024851,37.7228181,parking,50,,7.71,8.4,1073
512464088,55.6356665,37.7488362,parking,50,,6.75,15.7,4443
512688078,55.9466184,37.4126243,parking,50,,5.74,24.77,1727
513020223,55.8114272,37.7153624,parking,50,,6.35,8.71,695
513160341,55.8454914,37.5743193,parking,50,,6.35,10.33,638
513236717,55.8065779,37.7275045,parking,50,,7.71,8.91,1081
513687963,55.8935458,37.525418,parking,50,,5.74,16.36,1181
514205353,55.8166202,37.6990817,parking,50,,7.71,8.48,875
514278633,55.6253481,37.716372,parking,50,,6.75,15.78,4840
514278637,55.6261767,37.7205095,parking,50,,6.75,15.8,4969
514465705,55.7456116,37.7790881,parking,50,,7.71,10.19,853
514465707,55.745059,37.7784506,parking,50,,7.71,10.16,784
514487371,55.7471428,37.7760885,parking,50,,7.71,9.98,846
514487379,55.7491669,37.7776655,parking,50,,7.71,10.06,1088
514507953,55.7528338,37.7966749,parking,50,,9.08,11.23,2215
514632542,55.7860341,37.6617278,parking,50,,9.94,4.36,958
514632545,55.7861992,37.6615057,parking,50,,9.94,4.37,977
515170399,55.751609,37.9482122,mall,150,"Торговый центр ""Перец""",24.1,20.71,3450
515645463,55.5866354,37.5967182,parking,50,,5.74,18.85,1169
515934054,55.8137942,37.5356581,parking,50,,6.35,8.22,675
515934055,55.8136181,37.5355833,parking,50,,6.35,8.21,655
516078310,55.6924702,37.622408,parking,50,,7.71,7.05,924
516078313,55.6926964,37.6222501,parking,50,,7.71,7.02,910
516134420,55.8167066,37.5319196,parking,50,,7.71,8.62,950
516224677,55.6162461,37.6078086,parking,50,,6.75,15.53,1870
516229948,55.6157978,37.6081753,parking,50,,6.75,15.58,1826
516240310,55.7844243,37.6607192,parking,50,,9.94,4.18,981
517868429,55.6505495,37.3968125,parking,50,,6.75,18.11,4540
518245489,55.697483,37.6254278,parking,50,,9.12,6.5,1167
518626696,55.6372086,37.7470368,parking,50,,6.75,15.49,4290
519167803,55.8495801,37.4153653,parking,50,,5.74,16.37,1201
519341120,55.8172838,37.6928002,parking,50,,7.71,8.31,1261
519341124,55.8169209,37.695123,parking,50,,7.71,8.36,1118
519685065,55.7241755,37.5292039,parking,50,,9.12,6.54,1357
519759774,55.9025752,37.5531991,parking,50,,6.75,16.8,2387
519866075,55.8108653,37.7977098,transport_hub,150,"Отстойно-разворотная площадка конечной станции ""Щелковская""",32.18,12.84,2718
519876227,55.8218253,37.8246551,transport_hub,150,Отстойно-разворотная площадка конечной станции «Уссурийская»,32.18,14.9,1750
519880386,55.6373235,37.7409876,parking,50,,6.75,15.29,4356
521521441,55.6371927,37.7510515,parking,50,,6.75,15.63,4257
521721609,55.6378273,37.7510913,parking,50,,6.75,15.57,4187
521907169,55.858033,37.6396704,parking,50,,7.71,11.45,974
522414823,55.811438,37.8298269,parking,50,,7.01,14.66,751
522414825,55.8125022,37.8297851,parking,50,,7.01,14.71,802
522414828,55.8126206,37.8307646,parking,50,Московский Паркинг,7.01,14.77,756
523639510,55.8743595,37.4051422,parking,50,,6.75,18.69,1657
525124366,55.7979182,37.4668523,parking,50,,9.08,10.51,1588
526496264,55.6618622,37.8962883,parking,50,,4.88,20.36,1164
526667998,55.658235,37.9011013,parking,50,,4.02,20.83,665
526747340,55.8274058,37.3746151,parking,50,,5.74,17.13,976
527016149,55.7193179,37.6247041,parking,50,,8.19,4.08,597
527044833,55.7199672,37.6247731,parking,50,,8.19,4.01,591
527047120,55.7197283,37.6255508,parking,50,,8.19,4.04,642
527484781,55.8612542,37.4753958,parking,50,,5.77,14.7,627
527849657,55.6384425,37.7508942,parking,50,,6.75,15.5,4120
528030127,55.6379846,37.7530597,parking,50,,6.75,15.62,4158
528030128,55.6384282,37.7529112,parking,50,,6.75,15.57,4110
529272621,55.7848868,37.3562547,parking,50,,6.75,16.65,2238
529272641,55.7845031,37.3577301,parking,50,,6.75,16.55,2161
529272646,55.784373,37.354889,parking,50,,6.75,16.72,2225
529272647,55.7844034,37.3554975,parking,50,,6.75,16.68,2210
529428942,55.835279,37.4056095,parking,50,,5.74,15.91,732
530081804,55.6131234,37.726575,parking,50,,6.75,17.28,3659
531571350,55.8149177,37.3515723,parking,50,,6.75,17.87,2082
531717377,55.824782,37.4244953,parking,50,,8.25,14.29,1731
531852032,55.9447244,37.505989,parking,50,,4.88,22.13,1248
531949278,55.6878475,37.898217,mall,150,,28.35,19.15,2720
532155751,55.6391711,37.7537574,parking,50,,6.75,15.53,4023
532155752,55.6390124,37.7542001,parking,50,,6.75,15.56,4039
533141673,55.6795562,37.6432032,parking,50,,6.35,8.63,700
534117515,55.8033557,37.5485902,parking,50,,9.12,6.81,1188
534164771,55.8041407,37.5504048,parking,50,,9.12,6.81,1257
534522178,55.8766674,37.6448023,parking,50,,5.77,13.55,644
535544544,55.7375014,37.4857126,parking,50,,6.35,8.48,671
535558007,55.736416,37.481328,parking,50,,6.35,8.78,657
535702844,55.9146041,37.8080868,mall,150,,24.1,21.3,2062
535721013,55.7528377,37.4327825,parking,50,,9.08,11.55,1649
536044850,55.8090898,37.3994493,parking,50,,7.01,14.85,984
536729248,55.7944169,37.7786033,parking,50,,9.08,10.96,2675
536737586,55.7937384,37.777612,parking,50,,9.08,10.88,2591
536752956,55.7949713,37.776753,parking,50,,9.08,10.88,2592
536761275,55.6662527,37.4723713,parking,50,,7.01,13.47,789
537292265,55.6682519,37.4733284,parking,50,,7.01,13.27,806
537292275,55.6679817,37.4724894,parking,50,,7.01,13.33,840
537533735,55.6651006,37.4763671,parking,50,,5.77,13.4,525
537837677,55.6287812,37.6478934,parking,50,,8.25,14.25,2690
538620810,55.8070149,37.6891308,parking,50,,7.71,7.25,1041
538620811,55.806684,37.6887674,parking,50,,7.71,7.21,1004
539026221,55.7013783,37.6808986,parking,50,,6.35,7.24,527
539026222,55.842178,37.5679821,parking,50,,6.35,10.09,663
539109754,55.8201148,37.4901135,parking,50,,9.08,10.69,1515
539109757,55.8214423,37.4929915,parking,50,,7.71,10.66,1323
539113454,55.8066707,37.7419657,parking,50,,9.08,9.63,1571
539141092,55.7321384,37.5609102,parking,50,,8.19,4.4,639
539141093,55.7312897,37.5597783,parking,50,,8.19,4.52,631
539141115,55.731566,37.562754,parking,50,,8.19,4.35,515
539195171,55.8057635,37.687787,parking,50,,7.71,7.09,905
539202678,55.8548822,37.3547856,parking,50,,5.74,19.76,1159
539202679,55.8556248,37.3572976,parking,50,,5.74,19.68,1226
539757934,55.9446976,37.490589,parking,50,,4.88,22.44,803
539833809,55.6314638,37.6788296,parking,50,,8.25,14.35,3171
540185999,55.8607291,37.366659,parking,50,,6.75,19.53,1876
540191058,55.8461701,37.3767782,parking,50,,5.74,18.08,1195
540191059,55.8457435,37.3785225,parking,50,,5.74,17.96,1298
540193617,55.9075589,37.4545049,parking,50,,6.75,19.7,2341
540252420,55.8053158,37.4151763,parking,50,,8.25,13.79,2033
540252429,55.8048869,37.4186517,parking,50,,8.25,13.57,2255
540252439,55.8045598,37.4205847,parking,50,,8.25,13.44,2381
540252441,55.8047344,37.4211976,parking,50,,8.25,13.42,2413
540686984,55.7166061,37.8604632,parking,50,,6.75,15.83,1623
540686987,55.7167501,37.8576743,parking,50,,6.75,15.66,1798
540834473,55.8088987,37.4613124,parking,50,,7.71,11.4,899
541917020,55.8056258,37.5809711,parking,50,,9.12,5.99,1149
541917039,55.8054131,37.5798175,parking,50,,9.12,5.99,1128
541917042,55.8063079,37.5793096,parking,50,,9.12,6.1,1229
541917054,55.8062186,37.5780384,parking,50,,9.12,6.12,1229
541917055,55.8060904,37.5781083,parking,50,,9.12,6.11,1214
541917056,55.8067396,37.5782989,parking,50,,9.12,6.17,1277
542009928,55.9137522,37.4146018,mall,150,"Торговый дом ""Магаз""",16.87,21.65,581
542321654,55.9238445,37.3812678,parking,50,,4.88,23.8,939
542706521,55.8566464,37.5004325,parking,50,,7.01,13.38,1440
542706524,55.8568758,37.4997204,parking,50,,7.01,13.43,1470
542976320,55.8277917,37.3513075,parking,50,,5.74,18.45,838
543057210,55.6126305,37.7437449,parking,50,,6.75,17.78,4105
543159753,55.7755844,37.481397,parking,50,,7.71,8.78,1131
543294406,55.6620449,37.6447011,parking,50,,7.71,10.57,1014
543380201,55.7713478,37.5571043,parking,50,,8.19,4.14,648
543399108,55.8695843,37.5547913,parking,50,,7.01,13.24,998
543538375,55.8208594,37.3727371,parking,50,,5.74,16.92,828
543562966,55.6446765,37.5270821,parking,50,,8.25,13.59,1939
543602525,55.7337068,37.5649203,parking,50,,8.19,4.1,664
543602528,55.733647,37.5651919,parking,50,,8.19,4.09,653
543756909,55.8091012,37.4088482,parking,50,,8.25,14.32,1568
543914240,55.7213266,37.772664,parking,50,,6.35,10.45,523
544212030,55.8018641,37.5135956,parking,50,,6.35,8.26,636
544214948,55.8492574,37.3518902,parking,50,,4.72,19.57,637
544255056,55.7985042,37.7189804,parking,50,,6.35,7.94,587
544255059,55.8071329,37.7277318,parking,50,,7.71,8.96,1025
544255060,55.8060329,37.7278022,parking,50,,7.71,8.89,1144
544548237,55.6907246,37.6586545,parking,50,,7.71,7.69,1051
544548238,55.6903633,37.6580617,parking,50,,7.71,7.71,1067
544548239,55.6899989,37.6574957,parking,50,,7.71,7.74,1085
544548240,55.6896433,37.6569075,parking,50,,7.71,7.76,1106
544548247,55.6911039,37.6591738,parking,50,,7.71,7.66,1042
544548253,55.6897588,37.6584242,parking,50,,7.71,7.78,1021
544739451,55.928764,37.5423802,parking,50,,5.74,19.79,1400
544739457,55.9294466,37.5394822,parking,50,,5.74,19.91,1219
544739462,55.9293612,37.5441436,parking,50,,6.75,19.83,1509
545269281,55.9376628,37.5060918,parking,50,,4.88,21.38,960
546807297,55.6212756,37.7139212,mall,150,"Торгово-развлекательный центр ""Каширская Плаза""",28.35,16.14,4372
547653437,55.8679302,37.7012603,parking,50,,8.25,13.53,1529
547653465,55.8714314,37.7040184,parking,50,,7.01,13.95,1110
547671938,55.8711615,37.6936877,parking,50,,7.01,13.69,1431
547671943,55.8689662,37.6905921,parking,50,,7.01,13.39,1142
547671987,55.8687842,37.6881621,parking,50,,7.01,13.32,999
547674316,55.66557,37.8839988,parking,50,,5.74,19.49,903
548564858,55.8763763,37.7289474,parking,50,,5.74,15.11,934
549732852,55.7663502,37.3806708,parking,50,,5.77,14.85,577
549732856,55.7657473,37.3798168,parking,50,,5.77,14.9,532
549732858,55.7654498,37.380439,parking,50,,5.77,14.86,578
549732865,55.7675541,37.3793447,parking,50,,5.77,14.94,503
549921036,55.586539,37.7181878,parking,50,,5.74,19.86,862
550248763,55.8029433,37.7634665,parking,50,,9.08,10.54,2464
550421925,55.8913485,37.5289683,parking,50,,5.74,16.05,1150
550725936,55.8075501,37.544609,parking,50,,7.71,7.33,815
551065237,55.8293641,37.4130914,parking,50,,5.74,15.16,1348
551104955,55.7516157,37.5890189,parking,50,,9.45,1.83,557
551312246,55.6814999,37.6838923,parking,50,,7.71,9.25,850
551722314,55.6859781,37.8544655,parking,50,,5.74,16.76,1186
551722315,55.6859758,37.8537497,mall,150,ТРК «Миля»,24.1,16.72,1182
551959625,55.812829,37.5614602,parking,50,,7.71,7.24,1278
551959636,55.8132837,37.5642402,parking,50,,7.71,7.2,1102
552009342,55.8124485,37.5642811,parking,50,,7.71,7.12,1149
552009351,55.8131564,37.5661547,parking,50,,7.71,7.13,1008
552511156,55.8668312,37.682969,parking,50,,5.77,13.01,611
552548974,55.819135,37.4483726,parking,50,,7.01,12.69,767
553115769,55.6865596,37.8538616,parking,50,,5.74,16.7,1118
553115770,55.6860089,37.8550773,parking,50,,5.74,16.79,1187
553255756,55.8732169,37.4824799,parking,50,,4.72,15.54,558
553266823,55.8678305,37.688234,parking,50,,7.01,13.22,955
553305874,55.8662392,37.4826086,parking,50,,7.01,14.89,920
553352528,55.838705,37.4867701,parking,50,,5.77,12.31,661
553875460,55.7132287,37.5510906,transport_hub,150,Лужники,29.28,6.29,601
554247182,55.7237962,37.825967,parking,50,,8.25,13.54,2118
554538383,55.8137815,37.5910053,parking,50,,9.12,6.65,868
554741456,55.8020526,37.7043929,parking,50,,7.71,7.49,908
554908195,55.8049621,37.419857,parking,50,,8.25,13.5,2326
554908203,55.8055603,37.4210719,parking,50,,8.25,13.46,2384
555134161,55.9004529,37.3749346,parking,50,,4.88,22.09,857
555198160,55.8393271,37.4573992,parking,50,,8.25,13.64,1551
555455177,55.7926679,37.5470689,parking,50,,9.12,6.01,995
555650288,55.883144,37.548848,parking,50,,7.01,14.79,765
555937007,55.6801027,37.8797667,parking,50,,5.74,18.47,1285
555946616,55.8872425,37.4933988,parking,50,,5.74,16.54,1217
555951645,55.6689631,37.4732213,parking,50,,7.01,13.22,851
556534120,55.7495193,37.5115067,parking,50,,9.12,6.66,1061
556688229,55.8228699,37.6608191,parking,50,,7.71,7.94,1482
556853528,55.803347,37.7179378,parking,50,,7.71,8.22,997
557078283,55.7627499,37.8677495,parking,50,,5.74,15.69,856
557612409,55.8483947,37.418387,parking,50,,5.74,16.14,1237
557699819,55.8791653,37.4326697,parking,50,,6.75,17.92,2266
558386306,55.7997816,37.7076292,parking,50,,6.35,7.47,589
559206851,55.7104429,37.4413221,parking,50,,8.25,12.12,2320
559206857,55.7102433,37.4449311,parking,50,,9.08,11.92,2524
559206870,55.7106283,37.4449809,parking,50,,9.08,11.9,2505
559206878,55.7101492,37.4438242,parking,50,,9.08,11.99,2470
559206884,55.7110018,37.4435029,parking,50,,9.08,11.97,2404
560383080,55.7735673,37.8337974,parking,50,,5.77,13.69,510
560383087,55.7741276,37.8371014,parking,50,,5.77,13.9,583
560469776,55.7684702,37.8227464,parking,50,,5.77,12.93,661
560731766,55.7712942,37.8366965,parking,50,,5.77,13.83,579
560731768,55.7714514,37.8335108,parking,50,,5.77,13.64,574
560731770,55.7717331,37.8336138,parking,50,,5.77,13.65,564
560731781,55.7709407,37.8312998,parking,50,,5.77,13.49,502
560731803,55.7695748,37.8267394,parking,50,,5.77,13.19,516
561043777,55.7695296,37.8301773,parking,50,Автостоянка №60/5,5.77,13.4,587
561237015,55.7689804,37.8234674,parking,50,,5.77,12.98,595
562793385,55.7458415,37.4256283,parking,50,,7.01,12.05,804
562799779,55.7895897,37.3837997,parking,50,,6.75,15.08,2294
563397026,55.7712269,37.8346808,parking,50,,5.77,13.71,650
564340767,55.7927947,37.3931642,parking,50,,8.25,14.61,2023
564778113,55.6207104,37.7165003,mall,150,"Торгово-развлекательный центр ""Галерея""",28.35,16.26,4329
566008593,55.5590732,37.556689,parking,50,,4.88,22.2,1324
566377582,55.5842024,37.7378386,parking,50,,5.74,20.52,1959
566377585,55.5834193,37.7375972,parking,50,,5.74,20.6,1936
567875364,55.8057402,37.8284132,parking,50,,7.01,14.32,874
569393881,55.770029,37.831095,parking,50,,5.77,13.47,571
570090493,55.8075641,37.5837984,parking,50,,9.12,6.13,1212
570442862,55.8475888,37.4899711,parking,50,,5.77,12.94,619
570477017,55.5999942,37.7426859,parking,50,,6.75,19.02,3000
570477033,55.6042038,37.7467736,parking,50,,6.75,18.71,3506
571634899,55.6495132,37.6079923,parking,50,,9.08,11.83,1640
571634901,55.6489522,37.6078158,parking,50,,9.08,11.9,1689
572061639,55.8656023,37.5451253,parking,50,,7.01,13.02,1320
572713927,55.7659115,37.8240843,parking,50,,7.01,12.99,925
572755585,55.8007783,37.6970644,parking,50,,6.35,7.06,611
575362722,55.8114434,37.7079928,parking,50,,7.71,8.39,753
575695792,55.6250461,37.7145034,parking,50,,6.75,15.76,4793
576012242,55.7338066,37.521463,parking,50,,9.12,6.48,823
576085671,55.6852377,37.8583905,parking,50,,5.74,17.02,1202
577308364,55.8002908,37.5580481,parking,50,,9.12,6.18,917
577541146,55.8017569,37.555273,parking,50,,9.12,6.42,1134
577570643,55.7856056,37.6605141,parking,50,,9.94,4.28,1018
577570644,55.7859616,37.6595771,parking,50,,9.94,4.27,1085
577838063,55.7971657,37.5583928,parking,50,,7.51,5.89,591
578255515,55.7596377,37.5503425,parking,50,,9.94,4.21,789
578482901,55.9305972,37.7816955,parking,50,,4.88,21.98,1468
579377420,55.6194038,37.7530327,parking,50,,6.75,17.39,5056
582043192,55.6257904,37.5418972,parking,50,,6.75,15.21,3450
582060095,55.7221455,37.6540395,parking,50,,9.94,4.39,927
582364566,55.6242029,37.660671,parking,50,,8.25,14.88,3116
582836447,55.7189614,37.6246892,parking,50,,8.19,4.12,605
582990840,55.8767261,37.5984653,parking,50,,8.25,13.5,2361
583155078,55.7546704,37.689313,parking,50,,9.94,4.51,792
584723278,55.7978725,37.3915071,parking,50,,7.01,14.88,1454
584904484,55.8182179,37.5239167,parking,50,,7.71,9.07,737
584940659,55.6386514,37.6773958,parking,50,,8.25,13.56,2552
585432529,55.5767238,37.60803,parking,50,,5.74,19.92,814
585432536,55.5758308,37.6099868,parking,50,,4.88,20.02,742
585432539,55.576944,37.6099324,parking,50,,4.72,19.89,693
585706084,55.6043085,37.7328421,parking,50,,6.75,18.34,2955
585706115,55.6096598,37.7295709,parking,50,,6.75,17.71,3374
585706117,55.610684,37.7229549,parking,50,,6.75,17.44,3329
585760316,55.6490528,37.6586214,parking,50,,7.01,12.15,926
585909671,55.6900957,37.4856446,parking,50,,7.71,11.02,1395
586074628,55.6199927,37.7144026,parking,50,,6.75,16.28,4234
586096636,55.68812,37.8772155,parking,50,,6.75,17.93,1789
586096637,55.6879181,37.8768528,parking,50,,6.75,17.92,1758
586096638,55.6882017,37.876727,parking,50,,6.75,17.9,1781
586104663,55.8218451,37.9410382,parking,50,,5.74,21.53,3154
586889661,55.7001108,37.6225538,parking,50,,9.12,6.2,1146
586904174,55.8193316,37.5251495,parking,50,,7.71,9.12,745
586904177,55.8193331,37.5260165,parking,50,,7.71,9.08,796
586904182,55.8189016,37.5256274,parking,50,,7.71,9.06,792
586969823,55.66283,37.6332293,parking,50,,6.35,10.39,546
587684012,55.8211733,37.6887938,parking,50,,9.08,8.53,1561
588450802,55.7806863,37.556286,parking,50,,9.94,4.71,1334
588485134,55.7530871,37.545357,parking,50,,8.19,4.51,521
588598064,55.7535102,37.5217687,parking,50,,7.51,5.98,608
589247539,55.8055102,37.5789857,parking,50,,9.12,6.02,1143
590247196,55.5898562,37.7338889,parking,50,,6.75,19.85,1901
591009485,55.8190268,37.5933138,parking,50,,7.71,7.19,865
591275628,55.8148169,37.48076,parking,50,,7.71,10.77,1068
591366105,55.6619215,37.4427058,parking,50,,6.75,15.12,2369
591390611,55.6593956,37.4529089,parking,50,,8.25,14.87,1744
591390613,55.6582668,37.4561491,parking,50,,8.25,14.82,1528
591699265,55.6229516,37.7433754,parking,50,,6.75,16.75,5083
592017119,55.8645994,37.5430492,parking,50,,7.01,12.96,1381
592017123,55.8651008,37.5440473,parking,50,,7.01,12.99,1351
592023235,55.8649016,37.5414198,parking,50,,7.01,13.03,1289
592442029,55.8189875,37.5288903,parking,50,,7.71,8.94,977
592696584,55.6681232,37.590362,parking,50,,6.35,9.89,638
593407607,55.9267132,37.9136715,parking,50,,4.46,26.52,6815
593937851,55.7258511,37.4555388,parking,50,,9.08,10.66,1915
594210868,55.6780976,37.5481526,parking,50,,6.35,9.66,654
594210869,55.6783704,37.5490556,parking,50,,6.35,9.61,616
594210870,55.678658,37.5487482,parking,50,,6.35,9.59,587
594232302,55.6788357,37.550853,parking,50,,6.35,9.52,547
594663545,55.7186947,37.7373906,parking,50,,7.71,8.58,1361
594814168,55.8725065,37.5325104,parking,50,,5.77,14.02,571
595114204,55.7245313,37.6778734,parking,50,,9.12,5.14,722
595114307,55.7244113,37.7006672,parking,50,,9.12,6.28,707
596132369,55.6881987,37.8756513,parking,50,,6.75,17.84,1730
596132370,55.6886767,37.8762882,parking,50,,6.75,17.85,1736
596178517,55.6868034,37.878309,parking,50,,6.75,18.06,1709
596439645,55.6572357,37.8840578,parking,50,,5.74,19.99,1442
597424214,55.7458539,37.7908377,parking,50,,9.08,10.92,1513
599431517,55.5665276,37.6903569,mall,150,Видное Парк,24.1,21.54,2024
599912551,55.7031529,37.792904,parking,50,,7.01,12.46,937
601706978,55.6601278,37.6011832,parking,50,,9.08,10.69,1713
601706982,55.6586657,37.5994838,parking,50,,9.08,10.86,1809
601815519,55.8120826,37.7027394,parking,50,,7.71,8.23,887
601815520,55.8090263,37.7057087,parking,50,,7.71,8.1,1057
601815522,55.8093636,37.7051051,parking,50,,7.71,8.1,1040
601831452,55.8724798,37.6157015,parking,50,,8.25,12.97,1690
602160283,55.8906791,37.599451,parking,50,,6.75,15.04,2296
602571635,55.8874323,37.6125552,parking,50,,7.01,14.64,1427
602571644,55.8864717,37.6045355,parking,50,,8.25,14.55,1888
603626657,55.7267821,37.6527619,parking,50,,8.19,3.92,561
603765450,55.6313524,37.3636843,parking,50,,5.74,21.07,6810
603987232,55.6338279,37.6569308,parking,50,,8.25,13.79,2241
604012411,55.6327026,37.6538058,parking,50,,8.25,13.88,2308
604393593,55.584826,37.7332836,parking,50,,5.74,20.36,1686
604393597,55.5853784,37.7323507,parking,50,,5.74,20.28,1641
604399192,55.5849511,37.7319047,parking,50,,5.74,20.31,1603
604399193,55.5844947,37.7319154,parking,50,,5.74,20.36,1595
604399194,55.5846404,37.7312587,parking,50,,5.74,20.33,1557
604915031,55.6050592,37.7490803,parking,50,,6.75,18.69,3677
604915034,55.6063876,37.7520028,parking,50,,6.75,18.64,3911
605072604,55.8262875,37.4426966,parking,50,,5.77,13.44,595
605268369,55.932183,37.4978332,parking,50,,4.88,20.98,738
605268371,55.9322948,37.4985366,parking,50,,4.88,20.98,756
605268372,55.9324132,37.4991205,parking,50,,4.88,20.98,770
606398918,55.7829024,37.6978679,parking,50,,7.51,5.87,597
606404296,55.7824741,37.6979061,parking,50,,7.51,5.85,612
607071581,55.8045478,37.5864844,parking,50,,9.12,5.75,1083
607103158,55.6984757,37.7353629,parking,50,,9.08,9.76,2185
607103172,55.697377,37.7353313,parking,50,,9.08,9.84,2239
607311582,55.6982073,37.7372315,parking,50,,9.08,9.87,2092
607529884,55.7854949,37.6978176,parking,50,,7.51,6.02,570
607529885,55.7855257,37.6980696,parking,50,,7.51,6.04,554
607529886,55.7839275,37.6973354,parking,50,,7.51,5.9,602
607537702,55.7845856,37.6951269,parking,50,,9.12,5.83,733
608173699,55.8190257,37.8248039,parking,50,,8.25,14.76,1503
608173713,55.8201545,37.8237819,parking,50,,8.25,14.76,1639
608173714,55.8201471,37.8247946,parking,50,,8.25,14.81,1597
608574451,55.766583,37.6977148,parking,50,,10.73,5.17,1864
610908320,55.7882837,37.7900377,parking,50,,9.08,11.39,2727
611232108,55.6379436,37.7728122,parking,50,,6.75,16.33,4248
611650475,55.7244467,37.6513466,parking,50,,9.94,4.09,802
611820967,55.558115,37.4196458,parking,50,,4.46,25.24,6299
612269499,55.793097,37.4025007,parking,50,,8.25,14.06,2233
613470047,55.8915892,37.7265235,parking,50,,5.74,16.57,1169
613470049,55.8923531,37.7274817,parking,50,,5.74,16.67,1066
614518271,55.6060456,37.7441618,parking,50,,6.75,18.45,3542
616173486,55.6196183,37.7167963,parking,50,,6.75,16.38,4212
618195208,55.889322,37.7012228,parking,50,,5.74,15.75,1318
619447362,55.8166334,37.7010709,parking,50,,7.71,8.56,751
620360276,55.8163411,37.7015375,parking,50,,7.71,8.55,728
621791688,55.822445,37.8160831,parking,50,,8.25,14.47,2156
622444824,55.79468,37.7222017,parking,50,,6.35,7.86,647
622444825,55.7946705,37.7219326,parking,50,,6.35,7.84,630
622444831,55.7965107,37.722958,parking,50,,7.71,8.01,711
623449456,55.6773194,37.5327624,parking,50,,7.71,10.21,928
623522052,55.8755121,37.5660418,parking,50,,5.77,13.69,609
623522053,55.8752153,37.5651419,parking,50,,5.77,13.67,582
623522063,55.8750073,37.5641555,parking,50,,5.77,13.66,550
624124601,55.7905782,37.9005946,parking,50,,5.74,18.14,1071
625372848,55.7925025,37.9346588,parking,50,,4.02,20.26,634
625546855,55.5946303,37.3672302,parking,50,,5.74,23.81,7318
625736057,55.6810969,37.5627353,parking,50,,6.35,8.98,617
627966895,55.8206854,37.8790717,parking,50,,6.75,17.89,2701
628522585,55.7841347,37.5738755,parking,50,,8.19,4.16,693
628750114,55.8282365,37.4953344,parking,50,,7.71,11.09,1008
629191025,55.7057867,37.4620945,parking,50,,9.08,11.2,2700
629213409,55.7045386,37.4661712,parking,50,,9.08,11.05,2414
629298603,55.6882724,37.8532487,parking,50,,5.74,16.57,925
629298612,55.6860851,37.8556976,parking,50,,5.74,16.82,1185
629298645,55.6908618,37.8544536,parking,50,,4.72,16.51,649
629298655,55.6915977,37.8567343,parking,50,,4.72,16.61,617
629623293,55.6749221,37.5317007,parking,50,,7.71,10.47,775
629623294,55.674671,37.5315967,parking,50,,7.71,10.5,763
630204283,55.9259253,37.7219484,parking,50,,5.74,20.01,2885
631359994,55.7554344,37.6584935,parking,50,,9.45,2.58,553
631596196,55.7065966,37.6230312,parking,50,,7.51,5.48,599
632456828,55.7037047,37.6193165,parking,50,,9.12,5.79,767
632766894,55.9307654,37.5464215,parking,50,,6.75,19.95,1659
632775770,55.9328818,37.5436223,parking,50,,5.74,20.22,1530
633953990,55.6964112,37.7971742,parking,50,,7.01,13.06,1359
633954398,55.7020428,37.815433,parking,50,,8.25,13.77,1816
635022481,55.8631393,37.4960519,parking,50,,8.25,14.14,1585
635030486,55.8643508,37.4980006,parking,50,,7.01,14.19,1481
635031026,55.86459,37.4979167,parking,50,,7.01,14.21,1491
635031740,55.8650325,37.498317,parking,50,,7.01,14.24,1477
635038083,55.8663698,37.4936714,parking,50,,7.01,14.52,1498
635038090,55.8680347,37.4888736,parking,50,,7.01,14.84,1206
635038093,55.8697741,37.4861429,parking,50,,5.74,15.09,971
635038094,55.8707569,37.4863699,parking,50,,5.74,15.18,869
635038095,55.8709111,37.4866816,parking,50,,5.74,15.18,859
635038099,55.8721588,37.4855849,parking,50,,5.74,15.33,706
635038100,55.8716662,37.4857389,parking,50,,5.74,15.28,761
635361620,55.6593159,37.6092605,parking,50,,7.71,10.74,1201
635380767,55.7088185,37.3988215,parking,50,,8.25,14.64,1511
636314309,55.7786985,37.9056515,parking,50,,6.75,18.22,1575
636922168,55.8201203,37.8227299,parking,50,,8.25,14.7,1680
637222389,55.8213395,37.8219285,parking,50,,8.25,14.72,1814
637646825,55.6144727,37.7106844,parking,50,,6.75,16.77,3601
637652598,55.6139642,37.7088937,parking,50,,6.75,16.78,3539
637760584,55.8230885,37.8075466,parking,50,,8.25,14.05,2611
637857820,55.6116221,37.7147851,parking,50,,6.75,17.16,3314
637857821,55.6114838,37.7143796,parking,50,,6.75,17.16,3295
638109063,55.6699582,37.6610699,parking,50,,9.08,9.93,1891
638187313,55.8181622,37.833563,parking,50,,5.74,15.2,1114
638286034,55.5902545,37.7632741,parking,50,,5.74,20.56,3657
638286045,55.5910889,37.7494238,parking,50,,5.74,20.1,2852
638286047,55.5910377,37.7496739,parking,50,,5.74,20.11,2865
638286055,55.589961,37.7511978,parking,50,,5.74,20.26,2917
638286059,55.5879419,37.7555484,parking,50,,5.74,20.58,3126
638291394,55.5876478,37.7624778,parking,50,,5.74,20.8,3547
638295722,55.5893903,37.7607072,parking,50,,5.74,20.57,3477
638295723,55.5883505,37.7606535,parking,50,,5.74,20.68,3449
638733063,55.8911454,37.6276508,parking,50,,4.72,15.06,651
640260634,55.8443567,37.3729218,parking,50,,5.74,18.17,942
640310402,55.7883717,37.37827,parking,50,,6.75,15.38,2451
640310404,55.7866887,37.3696945,parking,50,,6.75,15.86,2229
640384107,55.8784792,37.6396812,parking,50,,5.77,13.71,651
641706758,55.604576,37.7419942,parking,50,,6.75,18.54,3329
641839311,55.8602261,37.4373327,parking,50,,5.74,16.16,1100
642002866,55.6522162,37.7393725,parking,50,,8.25,13.83,2825
642002877,55.6544117,37.7378743,parking,50,,8.25,13.57,2649
642002885,55.6533129,37.7401407,parking,50,,8.25,13.75,2694
642305368,55.6614297,37.7476192,parking,50,,8.25,13.3,1678
642313636,55.6650908,37.7494828,parking,50,,7.01,13.05,1259
642466447,55.9202051,37.5716603,parking,50,,5.74,18.5,1408
642482205,55.9322696,37.5481239,parking,50,,5.74,20.09,1788
642482206,55.9330444,37.5479558,parking,50,,5.74,20.18,1796
642798881,55.7085011,37.4699689,parking,50,,9.08,10.62,2372
642800437,55.7088563,37.4606641,parking,50,,9.08,11.11,2909
642940864,55.6806538,37.759559,parking,50,,5.77,12.22,605
643047487,55.6527188,37.4404249,parking,50,,6.75,15.94,1910
643068411,55.755985,37.406002,parking,50,,7.01,13.22,1493
643512029,55.7344478,37.6971091,parking,50,,7.51,5.53,620
643934284,55.8378418,37.3852551,parking,50,,4.72,17.13,631
644536966,55.8249617,37.8893235,parking,50,,6.75,18.66,3493
645407350,55.8888661,37.3915946,parking,50,,4.02,20.44,577
645433485,55.6875231,37.7500817,parking,50,,7.71,11.26,1458
645593858,55.7123134,37.4752751,parking,50,,9.08,10.12,2352
645593863,55.7129518,37.4780228,parking,50,,9.08,9.94,2279
645733204,55.7626668,37.500141,parking,50,,7.71,7.37,1342
645891589,55.625961,37.6663801,parking,50,,8.25,14.76,3272
646474089,55.7340354,37.5231136,parking,50,,9.12,6.37,780
646571463,55.8547124,37.5819531,parking,50,,7.71,11.22,811
647546277,55.7039809,37.4588864,parking,50,,9.08,11.47,2838
647557066,55.7047295,37.4750648,parking,50,,9.08,10.56,1899
647871214,55.7062539,37.4546887,parking,50,,9.08,11.58,3158
647888674,55.6078307,37.3483969,parking,50,,5.74,23.56,8478
650761278,55.6047102,37.7376458,parking,50,,6.75,18.42,3167
651180743,55.787359,37.699474,parking,50,,7.51,6.22,542
651530519,55.599369,37.722947,parking,50,,6.75,18.61,2164
651532930,55.5952807,37.7251692,parking,50,,6.75,19.09,1858
651536883,55.593638,37.7201959,parking,50,,6.75,19.15,1527
651724372,55.8183121,37.6346487,parking,50,,6.35,7.04,512
651766397,55.8249722,37.6262321,parking,50,,6.35,7.71,656
651777347,55.6361001,37.724036,parking,50,,8.25,14.9,4857
651914925,55.831185,37.5893511,parking,50,,7.71,8.56,1156
651914935,55.8304523,37.5919723,parking,50,,7.71,8.45,1329
651914941,55.8308213,37.5880103,parking,50,,7.71,8.54,1132
651914942,55.8309142,37.5872232,parking,50,,7.71,8.56,1093
651915053,55.8332751,37.5899545,parking,50,,7.71,8.78,1029
651915068,55.8330045,37.5906946,parking,50,,7.71,8.74,1084
651915119,55.8320923,37.5840446,parking,50,,7.71,8.73,873
651925137,55.8290383,37.5909537,parking,50,,7.71,8.31,1400
652296327,55.8241733,37.6013549,parking,50,,9.08,7.67,1515
652296388,55.8229855,37.6001743,parking,50,,7.71,7.55,1394
652296399,55.8231923,37.6014828,parking,50,,7.71,7.56,1478
652296402,55.8221688,37.5998711,parking,50,,7.71,7.46,1344
652296403,55.8222027,37.5989198,parking,50,,7.71,7.47,1289
652296419,55.8238652,37.5959211,parking,50,,7.71,7.69,1201
652327788,55.8211784,37.822187,parking,50,,8.25,14.73,1790
652327791,55.8216216,37.8218083,parking,50,,8.25,14.73,1843
652583655,55.8370668,37.4532745,parking,50,,7.01,13.67,1267
652817136,55.8210766,37.8174597,parking,50,,8.25,14.47,1990
652817138,55.8216386,37.8174054,parking,50,,8.25,14.5,2034
652841138,55.8298558,37.5937416,parking,50,,7.71,8.37,1454
652841221,55.8281504,37.600537,parking,50,,9.08,8.11,1715
652841227,55.8288945,37.5968133,parking,50,,9.08,8.23,1605
653490769,55.7077572,37.4598082,parking,50,,9.08,11.21,2911
653490770,55.7082916,37.4601327,parking,50,,9.08,11.17,2915
653490771,55.7077916,37.4589415,parking,50,,9.08,11.26,2963
653492247,55.7074399,37.4611394,parking,50,,9.08,11.16,2820
653614234,55.6191281,37.7265996,parking,50,,6.75,16.67,4294
653744173,55.6258898,37.715176,parking,50,,6.75,15.69,4891
654033605,55.6080385,37.7074942,parking,50,,6.75,17.38,2878
654592406,55.7052076,37.4720271,parking,50,,9.08,10.69,2095
654715060,55.7074139,37.4726716,parking,50,,9.08,10.53,2165
654715062,55.7070408,37.4727217,parking,50,,9.08,10.55,2142
654988788,55.6974752,37.4595077,parking,50,,9.08,11.82,2721
655029407,55.6885187,37.4515761,parking,50,,8.25,12.79,3348
655087925,55.6650588,37.6333489,parking,50,,7.71,10.14,768
655095973,55.7113056,37.6423662,parking,50,,7.51,5.19,614
655355632,55.644712,37.6753042,parking,50,,8.25,12.88,2078
655908685,55.8208623,37.7898616,parking,50,,8.25,12.99,3458
656305454,55.8362209,37.509025,parking,50,,9.08,11.21,1621
656305455,55.8356155,37.509187,parking,50,,9.08,11.16,1553
656305460,55.8356646,37.5097301,parking,50,,9.08,11.14,1552
656583736,55.6262442,37.655532,parking,50,,8.25,14.6,3033
658008624,55.7060465,37.4719351,parking,50,,9.08,10.65,2137
658404265,55.6583133,37.4206142,parking,50,,6.75,16.41,3296
658449300,55.8194278,37.8247312,parking,50,,8.25,14.77,1539
658449302,55.8192173,37.824209,parking,50,,8.25,14.73,1543
658449306,55.8188179,37.8242419,parking,50,,8.25,14.71,1510
658449318,55.8182705,37.8238762,parking,50,,7.01,14.66,1483
658449319,55.8182651,37.8246649,parking,50,,7.01,14.71,1448
658845110,55.905688,37.7031429,parking,50,,6.75,17.51,2043
659540802,55.7035121,37.6208588,parking,50,,9.12,5.82,850
662024385,55.7973689,37.5374099,parking,50,,9.12,6.81,1254
662231168,55.7104897,37.4753974,parking,50,,9.08,10.21,2214
662958902,55.6813229,37.7202203,parking,50,,9.08,10.49,2237
662990872,55.6854908,37.7301644,parking,50,,9.08,10.54,2100
663664989,55.7730891,37.6468689,parking,50,,9.45,2.67,685
663768014,55.8820182,37.4877767,parking,50,,4.72,16.2,541
663768016,55.8817273,37.4874446,parking,50,,4.72,16.18,503
664062565,55.8828371,37.4959102,parking,50,,5.74,16.03,990
664062566,55.8814404,37.4893433,parking,50,,4.72,16.1,565
664062567,55.8812332,37.4895211,parking,50,,4.72,16.07,559
665689423,55.86143,37.5011363,parking,50,,7.01,13.81,1265
665689425,55.8615656,37.5019092,parking,50,,7.01,13.79,1216
665819272,55.7862977,37.6572202,parking,50,,9.94,4.21,1104
666468493,55.8675263,37.4890649,parking,50,,7.01,14.78,1263
667308503,55.7534525,37.8173984,parking,50,,8.25,12.52,1774
668037731,55.8487224,37.3631805,parking,50,,4.72,18.95,567
668206756,55.752062,37.7138842,parking,50,,7.51,6.06,523
668412411,55.8264927,37.4352783,parking,50,,7.01,13.83,1058
669822199,55.9177774,37.7555551,parking,50,,6.75,19.97,2268
670062761,55.6868529,37.7367596,parking,50,,9.08,10.71,1868
670065423,55.6853495,37.7455849,parking,50,,7.71,11.22,1377
670066099,55.6847245,37.7386719,parking,50,,9.08,10.97,1621
670162659,55.9255589,37.7563485,parking,50,,5.74,20.78,3041
670260972,55.6839488,37.7388132,parking,50,,9.08,11.03,1559
672150695,55.8981054,37.7240632,parking,50,,5.74,17.17,745
672380643,55.9327533,37.5549608,parking,50,,5.74,20.06,2217
672958133,55.8567257,37.4779345,parking,50,,7.01,14.21,1117
674225419,55.9399714,37.7575985,parking,50,,5.74,22.27,3042
674293478,55.8158911,37.7968243,parking,50,,8.25,13.06,2867
674362156,55.6402482,37.6823107,parking,50,,8.25,13.48,2703
674553035,55.8549915,37.6947132,parking,50,,7.01,12.04,1472
674553038,55.8541647,37.6958948,parking,50,,7.71,11.99,1484
674659132,55.8664507,37.4834559,parking,50,,7.01,14.88,976
674925317,55.7107406,37.4766193,parking,50,,9.08,10.13,2173
675370710,55.6336259,37.8538779,parking,50,,5.74,20.11,3891
675370711,55.6339912,37.8527175,parking,50,,5.74,20.03,3930
675427138,55.7867383,37.5822855,parking,50,,9.94,4.08,815
675557154,55.7042517,37.4688248,parking,50,,9.08,10.92,2246
677592114,55.6102881,37.6638602,parking,50,,6.75,16.44,2137
678847577,55.8479125,37.4057677,parking,50,,4.72,16.72,623
679012515,55.6729324,37.8109308,parking,50,,6.75,15.23,1621
679722904,55.7861536,37.6576701,parking,50,,9.94,4.22,1135
679722912,55.7861041,37.6560609,parking,50,,9.94,4.15,1038
680121623,55.8115357,37.8219419,parking,50,,7.01,14.22,1227
680121635,55.8091844,37.8228922,parking,50,,7.01,14.16,1137
680466439,55.7165511,37.4533515,parking,50,,9.08,11.15,2669
680466440,55.7165121,37.4530106,parking,50,,9.08,11.17,2663
680588670,55.7118058,37.488594,parking,50,,9.08,9.43,1778
681452434,55.8101259,37.7838608,parking,50,,8.25,12.04,3578
681467726,55.9040676,37.7146563,parking,50,,5.74,17.57,1304
682068246,55.8046628,37.555435,parking,50,,9.12,6.67,1430
682131826,55.7978576,37.5173334,parking,50,,7.71,7.81,978
682131830,55.7972566,37.5171047,parking,50,,7.71,7.78,1046
682132356,55.9081284,37.3957633,parking,50,,4.88,21.87,712
682521475,55.685238,37.6933895,parking,50,,6.35,9.18,679
682747851,55.8594431,37.6946165,parking,50,,7.01,12.5,1298
682781068,55.9031267,37.7119501,parking,50,,5.74,17.42,1446
682781072,55.9035864,37.7124306,parking,50,,5.74,17.47,1426
683114347,55.6812881,37.4525335,parking,50,,8.25,13.23,2719
683114348,55.6816611,37.4516847,parking,50,,8.25,13.25,2786
684830684,55.6423812,37.3609743,parking,50,,5.74,20.42,5987
684830685,55.6421752,37.3614819,parking,50,,5.74,20.41,6003
685376976,55.8645647,37.6204996,parking,50,,8.25,12.1,2175
685389910,55.8640442,37.6207877,parking,50,,8.25,12.04,2119
685538286,55.7276523,37.4794466,parking,50,,9.08,9.18,1615
685538300,55.7271191,37.473094,parking,50,,9.08,9.57,1713
685690128,55.8088831,37.8283515,parking,50,,7.01,14.46,796
685707711,55.909307,37.3944688,parking,50,,4.88,22.02,710
685724411,55.8097807,37.827725,parking,50,,7.01,14.46,839
685724412,55.8096603,37.828002,parking,50,,7.01,14.47,820
685724413,55.8101006,37.8280154,parking,50,,7.01,14.49,825
685724422,55.8105775,37.8289046,parking,50,,7.01,14.57,779
685724423,55.8101894,37.8290363,parking,50,,7.01,14.56,763
685724424,55.8102104,37.8287203,parking,50,,7.01,14.54,783
686115728,55.8473948,37.3717036,parking,50,,5.74,18.42,920
686115742,55.847018,37.3713719,parking,50,,5.74,18.42,887
686193662,55.7226395,37.4759341,parking,50,,9.08,9.59,2180
686208734,55.7262394,37.4694835,parking,50,,9.08,9.82,1867
686209629,55.7262578,37.4663405,parking,50,,9.08,10.0,1937
686403380,55.6106914,37.710049,parking,50,,6.75,17.15,3179
686403381,55.6120684,37.7108389,parking,50,,6.75,17.02,3335
686403386,55.6110654,37.7119291,parking,50,,6.75,17.15,3230
686408156,55.6555332,37.4926645,parking,50,,7.01,13.61,991
686473947,55.6163906,37.7411504,parking,50,,6.75,17.34,4373
686475798,55.6166385,37.7365058,parking,50,,6.75,17.18,4262
686476978,55.6192597,37.7348461,parking,50,,6.75,16.88,4484
686493857,55.6416993,37.7722192,parking,50,,6.75,15.98,3832
686494590,55.6391455,37.774488,parking,50,,6.75,16.29,4142
686701590,55.6188475,37.7369198,parking,50,,6.75,16.97,4495
686701591,55.6185205,37.7351666,parking,50,,6.75,16.96,4417
686706303,55.6186431,37.7412398,parking,50,,6.75,17.12,4596
687223144,55.6235356,37.4222294,mall,150,"Торгово-развлекательный центр ""Саларис""",28.35,19.13,3884
687223154,55.6209315,37.4213192,transport_hub,150,Международный автовокзал Саларьево,26.32,19.39,4122
687290125,55.7213368,37.4564353,parking,50,,9.08,10.77,2326
687316824,55.660469,37.9009892,parking,50,,4.88,20.69,898
687316846,55.6602556,37.9012208,parking,50,,4.88,20.72,871
687316847,55.6601924,37.9021642,parking,50,,4.88,20.77,847
687316854,55.6611839,37.9002124,parking,50,,4.88,20.61,989
687775135,55.720477,37.4646303,parking,50,,9.08,10.33,2573
687788743,55.7203646,37.4626948,parking,50,,9.08,10.45,2629
687788746,55.7221317,37.4643454,parking,50,,9.08,10.28,2408
687922482,55.8594976,37.4453517,parking,50,,5.74,15.76,1120
688023215,55.5573876,37.8837882,parking,50,,4.46,27.68,10703
688632429,55.6820137,37.6055333,parking,50,,6.35,8.24,620
688897886,55.720952,37.4421143,parking,50,,9.08,11.63,1948
688897896,55.7178887,37.4471162,parking,50,,9.08,11.46,2347
688897900,55.7186316,37.4423021,parking,50,,9.08,11.71,2036
689365504,55.688477,37.8759609,parking,50,,6.75,17.84,1730
689763651,55.6302819,37.6308806,parking,50,,8.25,13.98,2682
690785678,55.6324571,37.7491583,parking,50,,6.75,16.01,4794
690787119,55.6331884,37.7477577,parking,50,,6.75,15.9,4725
690788014,55.6333338,37.7488264,parking,50,,6.75,15.92,4700
690815412,55.651286,37.6803451,parking,50,,8.25,12.27,2190
690930449,55.6155798,37.744961,parking,50,,6.75,17.53,4420
690930450,55.6150117,37.7446539,parking,50,,6.75,17.57,4357
690931569,55.6161883,37.7462854,parking,50,,6.75,17.5,4522
690936631,55.644637,37.7310775,parking,50,,8.25,14.27,3810
690939027,55.6442549,37.7112062,parking,50,,8.25,13.73,4230
690944786,55.6297971,37.7466922,parking,50,,6.75,16.19,5108
690952096,55.6440434,37.7229842,parking,50,,8.25,14.08,4119
691268060,55.6106977,37.6989741,parking,50,,6.75,16.93,3212
691270328,55.7381455,37.5133882,parking,50,,9.12,6.79,765
691445568,55.856179,37.4776558,parking,50,,7.01,14.17,1158
692007360,55.6231952,37.4413387,mall,150,"ТК ""Саларьево""",28.35,18.41,3116
692487895,55.5960374,37.5919577,mall,150,Калач,19.84,17.84,575
692990062,55.6699515,37.451622,parking,50,,8.25,14.1,2150
692990066,55.6692411,37.4507552,parking,50,,8.25,14.19,2184
693005226,55.6685715,37.450063,parking,50,,8.25,14.28,2212
693377040,55.7081134,37.4683909,parking,50,,9.08,10.73,2438
693607403,55.7131462,37.4114728,parking,50,,7.01,13.73,970
693840304,55.7211991,37.4551341,parking,50,,9.08,10.86,2289
693840309,55.7190992,37.4540986,parking,50,,9.08,11.0,2446
693841308,55.7212861,37.4540682,parking,50,,9.08,10.92,2242
693844160,55.7224867,37.4517728,parking,50,,9.08,11.0,2051
693844161,55.7225107,37.4524754,parking,50,,9.08,10.96,2073
693844164,55.7216591,37.452702,parking,50,,9.08,10.98,2159
693844213,55.720512,37.4541019,parking,50,,9.08,10.94,2314
694041397,55.7282089,37.4493907,parking,50,,7.71,10.95,1458
694041399,55.727497,37.4491692,parking,50,,9.08,10.98,1508
694041431,55.7257612,37.4511695,parking,50,,9.08,10.92,1736
695842097,55.6478999,37.6655803,parking,50,,7.01,12.37,1375
696306046,55.7338821,37.4677773,parking,50,,7.71,9.67,1156
696306834,55.7336371,37.4672313,parking,50,,7.71,9.71,1198
696423523,55.6237682,37.6756801,parking,50,,6.75,15.13,3662
696423524,55.6232045,37.6748934,parking,50,,6.75,15.18,3582
696525209,55.7127494,37.8760301,parking,50,,4.72,16.89,692
696595249,55.7398934,37.4694999,parking,50,,6.35,9.42,642
696654506,55.6015042,37.7390501,parking,50,,6.75,18.78,2952
696674509,55.6114371,37.5415696,parking,50,,6.75,16.74,3826
697548365,55.6311479,37.6028952,parking,50,,8.25,13.89,3461
697636229,55.8946929,37.5743698,parking,50,,6.75,15.68,2052
699376058,55.7343621,37.3547735,parking,50,,6.75,16.6,2764
699660909,55.6049411,37.5046567,parking,50,,5.74,18.2,1400
699667970,55.6036467,37.5046208,parking,50,,5.74,18.33,1371
699671866,55.6063503,37.5035762,parking,50,,5.74,18.08,1381
699694620,55.9087715,37.3943605,parking,50,,4.02,21.98,670
699694625,55.9073828,37.3943623,parking,50,,4.02,21.86,600
700592995,55.5604724,37.471417,parking,50,,5.74,23.57,4676
700720760,55.6184756,37.6020479,parking,50,,6.75,15.3,2083
700720784,55.618519,37.6017562,parking,50,,6.75,15.3,2088
701192392,55.800265,37.8186388,parking,50,,8.25,13.53,1710
701365722,55.8097077,37.8168312,parking,50,,8.25,13.84,1517
701928675,55.9139679,37.8246336,parking,50,,5.74,21.84,2455
702099856,55.8413578,37.4307377,parking,50,,5.74,15.05,1094
702099857,55.8412185,37.4305529,parking,50,,5.74,15.05,1113
702691441,55.6177309,37.4200625,parking,50,,6.75,19.71,4321
702744187,55.636611,37.4271882,parking,50,,6.75,17.82,2836
703210655,55.9238186,37.8159097,parking,50,,4.88,22.42,1237
703864986,55.7000004,37.4957477,parking,50,,6.35,9.82,501
704336971,55.8783811,37.6874815,parking,50,,7.01,14.32,1340
706068148,55.7237305,37.3754151,parking,50,,5.74,15.56,1255
706068150,55.7231684,37.3751524,parking,50,,5.74,15.59,1193
707339533,55.7298732,37.434391,parking,50,,7.71,11.81,881
707339534,55.7291397,37.4343685,parking,50,,7.71,11.83,963
707917759,55.6681842,37.4954036,parking,50,,7.01,12.38,762
707917760,55.6678792,37.4952931,parking,50,,7.01,12.41,740
709741790,55.5720715,37.4907077,parking,50,,5.74,21.92,3364
710514546,55.8683573,37.4449542,parking,50,,5.74,16.51,1484
710514547,55.8680647,37.4456461,parking,50,,5.74,16.46,1434
711035500,55.816047,37.5149873,parking,50,,6.35,9.26,657
711928878,55.7727726,37.5507897,parking,50,,9.94,4.57,1055
712464782,55.7298881,37.6317271,parking,50,,8.19,3.02,569
712507005,55.8685102,37.5373037,parking,50,,7.01,13.49,914
712639586,55.5846122,37.6003456,parking,50,,5.74,19.06,1363
713174164,55.6763052,37.6653565,mall,150,Место встречи Орбита,32.4,9.34,1248
713742424,55.6369652,37.6185032,parking,50,,8.25,13.21,2457
713931859,55.5926664,37.455932,parking,50,,5.74,20.77,1992
713931868,55.5909174,37.4552106,parking,50,,5.74,20.96,2137
714385845,55.816792,37.5065537,parking,50,,7.71,9.69,743
714446510,55.8196483,37.7840648,parking,50,,8.25,12.61,3751
714477210,55.6587512,37.3784894,parking,50,,6.75,18.45,4032
714477243,55.6591923,37.3766351,parking,50,,6.75,18.51,4001
715009132,55.9199011,37.7258492,parking,50,,6.75,19.47,2174
715015065,55.9161321,37.7368649,parking,50,,6.75,19.33,1687
715015071,55.9167506,37.7322134,parking,50,,6.75,19.28,1758
715015078,55.9192611,37.7256302,parking,50,,6.75,19.39,2109
715015080,55.9218141,37.7283599,parking,50,,6.75,19.72,2349
718404703,55.7148843,37.4371128,parking,50,,8.25,12.16,1849
719269311,55.6000593,37.7378637,parking,50,,6.75,18.9,2785
720082160,55.71477,37.459777,parking,50,,9.08,10.87,3043
720082163,55.7143159,37.4580237,parking,50,,9.08,10.99,3028
720082173,55.7152382,37.4622257,parking,50,,9.08,10.7,3086
720082176,55.716152,37.4594835,parking,50,,9.08,10.82,2905
720085495,55.7132963,37.4602211,parking,50,,9.08,10.91,3170
720463257,55.7725001,37.4767317,parking,50,,7.71,8.99,1487
721915368,55.848956,37.3505416,parking,50,,4.72,19.63,665
722221701,55.7179133,37.5649858,parking,50,,7.51,5.34,691
722735773,55.626927,37.653784,parking,50,,8.25,14.51,2938
722787180,55.6270028,37.6554064,parking,50,,8.25,14.52,2949
723223204,55.7123722,37.4582647,parking,50,,9.08,11.07,3184
723223210,55.7157249,37.459937,parking,50,,9.08,10.81,2960
723223214,55.7173392,37.4599034,parking,50,,9.08,10.74,2812
723223220,55.7191866,37.4609711,parking,50,,9.08,10.6,2691
723813613,55.8661845,37.4822268,parking,50,,7.01,14.9,895
726823949,55.8167736,37.7797793,parking,50,,8.25,12.21,3547
726823950,55.816775,37.7800328,parking,50,,8.25,12.23,3563
726823951,55.816777,37.7804035,parking,50,,8.25,12.25,3586
726823961,55.8193117,37.780257,parking,50,,8.25,12.4,3595
726823965,55.8198946,37.7831326,parking,50,,8.25,12.58,3780
726823969,55.8209258,37.7862323,parking,50,,8.25,12.81,3672
726870123,55.8469607,37.4999227,parking,50,,7.01,12.51,1148
726870125,55.8457976,37.5001372,parking,50,,7.01,12.4,1132
726870126,55.8464606,37.4997041,parking,50,,7.01,12.48,1120
727114313,55.8554622,37.4745851,parking,50,,7.01,14.22,1146
728793045,55.8904738,37.5341795,parking,50,,5.74,15.85,1369
728793048,55.8901676,37.5347994,parking,50,,5.74,15.8,1388
729311431,55.6992267,37.6258522,parking,50,,9.12,6.31,1089
729353235,55.7260417,37.7440343,parking,50,,6.35,8.6,655
729353236,55.7256189,37.7418629,parking,50,,6.35,8.49,634
729761406,55.8654929,37.5608976,parking,50,,5.77,12.7,622
730142058,55.8628164,37.5596484,parking,50,,5.77,12.43,532
730200149,55.861536,37.5567113,parking,50,,5.77,12.35,693
730294679,55.8610128,37.5563948,parking,50,,7.01,12.3,715
730795324,55.7514608,37.4151854,parking,50,,7.01,12.66,938
730795325,55.7509566,37.4162273,parking,50,,7.01,12.59,896
730889132,55.7513491,37.4159589,parking,50,,7.01,12.61,935
730889133,55.7507962,37.4150511,parking,50,,7.01,12.67,864
730974871,55.7985342,37.5203157,parking,50,,7.71,7.7,897
731839704,55.677436,37.5408465,parking,50,,7.71,9.94,775
732632556,55.6898877,37.7250655,parking,50,,9.08,9.96,2282
732954722,55.8245104,37.8240368,parking,50,,6.75,15.01,2019
733022955,55.671997,37.8549106,parking,50,,4.72,17.56,517
733183457,55.7248257,37.4575421,parking,50,,9.08,10.58,2085
733303878,55.6623097,37.7671881,parking,50,,8.25,14.01,1543
733585402,55.7224786,37.4653998,parking,50,,9.08,10.21,2348
734223190,55.6614527,37.4149442,parking,50,,6.75,16.46,3765
734423386,55.9315253,37.4962232,parking,50,,4.88,20.95,747
736767834,55.6640833,37.6410596,parking,50,,7.71,10.31,992
737258664,55.8620839,37.5551106,parking,50,,7.01,12.44,796
737258665,55.8616609,37.5549839,parking,50,,7.01,12.4,801
737399843,55.7273316,37.7816233,parking,50,Автостоянка №16,7.71,10.76,1011
738068918,55.8644024,37.5609016,parking,50,,5.77,12.58,541
738074974,55.8615626,37.5563561,parking,50,,7.01,12.36,716
738074987,55.860695,37.5568423,parking,50,,5.77,12.26,691
740893691,55.7107814,37.4395872,parking,50,,8.25,12.2,2209
740923230,55.5523573,37.7334493,parking,50,,5.74,23.77,3711
740923234,55.5544946,37.7331103,parking,50,,5.74,23.53,3490
740923235,55.5536242,37.7325839,parking,50,,5.74,23.62,3561
740923236,55.5534866,37.7255206,parking,50,,5.74,23.5,3397
740923250,55.5515259,37.7399948,parking,50,,5.74,23.98,3992
743730857,55.6086394,37.7240675,parking,50,,6.75,17.68,3137
744446910,55.6770233,37.800166,mall,150,"Торговый центр ""Море""",34.65,14.42,2273
744466966,55.8550465,37.5631439,parking,50,,7.71,11.54,772
744466974,55.6644208,37.7829728,parking,50,,8.25,14.52,1960
744602213,55.8221693,37.4585388,parking,50,,5.77,12.37,558
744602214,55.8219919,37.4593623,parking,50,,5.77,12.32,609
744602216,55.8205593,37.456424,parking,50,,5.77,12.37,630
745705993,55.6514133,37.6124051,mall,150,Место встречи Ангара,32.4,11.61,1292
746724624,55.5754079,37.7556624,parking,50,,5.74,21.86,3157
747110983,55.5846394,37.5561202,parking,50,,5.74,19.42,1196
747210086,55.7042547,37.625283,parking,50,VIP,9.12,5.75,891
747210156,55.7034367,37.6243922,parking,50,,9.12,5.84,960
747213461,55.7052488,37.6257517,parking,50,,9.12,5.65,801
747213466,55.7037585,37.6247973,parking,50,,9.12,5.81,933
749064920,55.5835019,37.6010218,parking,50,,5.74,19.19,1304
749064922,55.5834107,37.6016027,parking,50,,5.74,19.19,1267
749064925,55.5839429,37.6003898,parking,50,,5.74,19.14,1360
749064950,55.5831338,37.6032398,parking,50,,5.74,19.22,1160
749064955,55.5825835,37.6018922,parking,50,,5.74,19.29,1218
749916396,55.5912287,37.7336397,parking,50,,6.75,19.7,1961
750101030,55.6680114,37.593682,parking,50,,7.71,9.87,813
750447291,55.7102316,37.3898258,parking,50,,5.74,15.12,926
752684870,55.7095579,37.3642532,parking,50,,4.72,16.66,669
752743761,55.5667473,37.481368,parking,50,,5.74,22.68,3923
753029868,55.815097,37.3714569,parking,50,,5.74,16.73,945
753114392,55.6867864,37.4392967,parking,50,,8.25,13.53,3381
753114393,55.6862414,37.4396847,parking,50,,8.25,13.55,3420
753114394,55.6867632,37.4411411,parking,50,,8.25,13.44,3493
753576130,55.8295423,37.5740913,parking,50,,7.71,8.63,1040
755349646,55.712309,37.4550228,parking,50,,9.08,11.25,2995
755349926,55.713105,37.4570326,parking,50,,9.08,11.1,3084
755944014,55.6246957,37.4308313,parking,50,,6.75,18.68,3403
755944015,55.6246161,37.4317346,parking,50,,6.75,18.66,3370
755944016,55.6245795,37.4325403,parking,50,,6.75,18.63,3338
755944021,55.6242442,37.4309644,parking,50,,6.75,18.72,3433
756764892,55.8035907,37.5457321,parking,50,,9.12,6.95,1019
756764893,55.8041386,37.5455682,parking,50,,7.71,7.0,980
757701837,55.6493138,37.656742,parking,50,,7.01,12.1,809
757847690,55.9324804,37.5455614,parking,50,,5.74,20.15,1637
757857267,55.7945354,37.6506105,parking,50,,9.94,4.78,958
759854470,55.7656803,37.6456478,parking,50,,9.45,2.09,514
760717755,55.8207435,37.3669642,parking,50,,5.74,17.24,1188
760739599,55.7871586,37.7175596,parking,50,,7.71,7.18,720
760941883,55.7965639,37.5580793,parking,50,,7.51,5.85,544
761103356,55.6832062,37.6028992,parking,50,,6.35,8.12,531
761107439,55.6843018,37.6012394,parking,50,,6.35,8.01,543
761222100,55.6844493,37.6114272,parking,50,,7.71,7.94,1063
761313975,55.5870019,37.6699786,parking,50,,6.75,19.06,2381
762483963,55.8028531,37.6411703,parking,50,,7.51,5.44,628
763869569,55.7861463,37.7209262,parking,50,,7.71,7.31,894
766565881,55.6114099,37.7240901,parking,50,,6.75,17.4,3428
766703120,55.6715298,37.4519135,parking,50,,8.25,13.97,2185
767313651,55.7909884,37.6739666,parking,50,,7.51,5.28,553
767313664,55.7890106,37.6746945,parking,50,,7.51,5.15,538
767376220,55.8354794,37.5025082,parking,50,,7.71,11.4,1344
767687813,55.7715051,37.7436067,parking,50,,9.08,8.09,1607
767687850,55.7721773,37.7390379,parking,50,,9.08,7.83,1503
767765053,55.7525794,37.5058004,parking,50,,9.12,6.99,1036
767853573,55.7510549,37.5014379,parking,50,,7.71,7.27,758
767853576,55.7511818,37.5025196,parking,50,,7.71,7.2,799
768096416,55.8689437,37.5137416,parking,50,,7.01,14.15,901
768096417,55.8694218,37.5124774,parking,50,,7.01,14.23,989
768099172,55.9347669,37.4482617,parking,50,,4.88,22.53,1427
768099173,55.9356401,37.4479898,parking,50,,4.88,22.62,1330
768257860,55.7202898,37.5303442,parking,50,,9.12,6.72,991
768288203,55.7135392,37.4541994,parking,50,,9.08,11.24,2901
768288204,55.7126112,37.4549075,parking,50,,9.08,11.24,2977
768321052,55.9054125,37.4815455,parking,50,,6.75,18.67,3022
768321055,55.9067041,37.4846299,parking,50,,6.75,18.71,3075
768587325,55.8041159,37.3985864,parking,50,,7.01,14.69,1145
769056945,55.6024423,37.3707515,parking,50,,5.74,23.02,7050
769387937,55.9009832,37.4829752,parking,50,,6.75,18.19,2529
770050489,55.799453,37.4990571,parking,50,,7.71,8.85,1097
770592582,55.933542,37.550888,parking,50,,5.74,20.19,1987
770903381,55.6372099,37.6632654,parking,50,,8.25,13.5,2072
770903382,55.6370019,37.6646887,parking,50,,8.25,13.54,2140
771149856,55.8665468,37.4437156,parking,50,,6.75,16.41,1525
771149857,55.6030048,37.7182312,parking,50,,6.75,18.13,2426
771149873,55.6500194,37.7354201,parking,50,,8.25,13.9,3153
771699755,55.6709176,37.8549381,parking,50,,4.72,17.63,591
772241194,55.6801431,37.7062286,parking,50,,9.08,10.09,1612
772241197,55.6791954,37.7049826,parking,50,,9.08,10.13,1640
772988382,55.8093766,37.6814626,parking,50,,7.71,7.18,1387
773319988,55.7963095,37.5518768,parking,50,,9.12,6.09,812
773577439,55.7978808,37.5619192,parking,50,,7.51,5.82,600
773626864,55.8052025,37.5450441,parking,50,,7.71,7.11,902
773627068,55.6698554,37.8549547,parking,50,,4.72,17.69,678
773865445,55.6026794,37.7138388,parking,50,,6.75,18.07,2324
773865447,55.6004317,37.7134348,parking,50,,6.75,18.3,2074
774525836,55.9076364,37.396606,parking,50,,4.88,21.79,712
774690395,55.6710791,37.854408,parking,50,,4.72,17.59,604
774717539,55.6709386,37.854624,parking,50,,4.72,17.61,604
775088130,55.7955831,37.6507955,parking,50,,9.94,4.89,1053
775088133,55.7930826,37.650813,parking,50,,9.94,4.65,860
775099258,55.604804,37.7374362,parking,50,,6.75,18.4,3167
775099264,55.6149849,37.7207413,parking,50,,6.75,16.95,3753
775577553,55.8046627,37.5609385,parking,50,,9.12,6.48,1356
775723255,55.7816241,37.6671628,parking,50,,8.19,4.24,602
776222882,55.9105221,37.7801507,parking,50,,6.75,19.99,2941
776441047,55.7978512,37.5564713,parking,50,,9.12,6.03,719
777335687,55.7939429,37.6517291,parking,50,,9.94,4.76,964
777335688,55.7940856,37.6509072,parking,50,,9.94,4.75,937
777478267,55.6929948,37.670146,parking,50,,7.71,7.73,754
777478268,55.6942737,37.6702507,parking,50,,7.71,7.6,890
778057423,55.7639622,37.5415379,parking,50,,9.94,4.83,908
779045569,55.6224394,37.6077827,parking,50,,8.25,14.84,2549
779420036,55.9364179,37.5072477,parking,50,,4.88,21.23,1039
779448625,55.8301244,37.6737386,parking,50,,7.71,8.99,1395
780473087,55.8343404,37.5338663,parking,50,,9.08,10.17,1849
781508960,55.6194534,37.6678266,parking,50,,6.75,15.49,2974
781574764,55.6224555,37.6657364,parking,50,,6.75,15.13,3138
781583137,55.6910127,37.9242374,parking,50,,5.74,20.53,3587
781620670,55.864357,37.5595263,parking,50,,5.77,12.6,609
781625179,55.6907335,37.8507283,parking,50,,4.72,16.31,659
782249205,55.8975778,37.4265116,parking,50,,5.74,19.76,915
782766433,55.9473134,37.4130606,parking,50,,5.74,24.82,1701
782780723,55.6938816,37.5586532,parking,50,,6.35,7.8,557
783403461,55.7883898,37.6744649,parking,50,,7.51,5.09,563
783624669,55.9080321,37.3998537,parking,50,,4.02,21.7,506
783624670,55.9082054,37.3995374,parking,50,,4.02,21.73,524
784012664,55.583903,37.7425747,parking,50,,5.74,20.67,2252
784056044,55.8024943,37.6390483,parking,50,,7.51,5.37,589
784059660,55.8002855,37.6452843,parking,50,,9.12,5.25,799
784181587,55.8010585,37.6365399,parking,50,,7.51,5.17,687
784469897,55.7977523,37.6436686,parking,50,,9.94,4.95,1072
784750669,55.7305787,37.716279,parking,50,,9.12,6.8,1373
785214426,55.6910905,37.8657798,parking,50,,5.74,17.14,1037
785214428,55.6920104,37.8628752,parking,50,,5.74,16.94,830
785214432,55.6910532,37.8679649,parking,50,,5.74,17.27,1153
785214434,55.6911466,37.8664871,parking,50,,5.74,17.18,1070
785349416,55.707746,37.8288514,mall,150,ТЦ Алмаз,34.65,14.28,1929
785734383,55.712581,37.4106637,parking,50,,7.01,13.8,1031
785853401,55.5607616,37.7013846,parking,50,,5.74,22.32,2404
785853403,55.5614388,37.7024572,parking,50,,5.74,22.26,2320
785855124,55.5559415,37.6906281,mall,150,"ТЦ ""Зелёные аллеи""",24.1,22.69,3089
786250839,55.7883391,37.6757173,parking,50,,7.51,5.14,511
786411557,55.7053499,37.4028347,parking,50,,8.25,14.55,1539
788120934,55.9149831,37.8238278,parking,50,,5.74,21.9,2332
788125556,55.9100238,37.8300658,parking,50,,5.74,21.69,3005
788195582,55.6681196,37.519534,parking,50,,6.35,11.51,572
788276301,55.6682625,37.5197647,parking,50,,6.35,11.49,593
788284417,55.667482,37.5203902,parking,50,,6.35,11.55,579
788583897,55.7877672,37.662486,parking,50,,9.94,4.54,993
788599993,55.799078,37.6701233,parking,50,,9.12,5.84,1192
788769917,55.9170429,37.8429013,parking,50,,5.74,22.8,2965
789811762,55.9171932,37.8391093,parking,50,,5.74,22.67,2769
790859457,55.8012164,37.6724143,parking,50,,9.12,6.11,1111
790946640,55.7890474,37.6730125,parking,50,,7.51,5.08,637
790992020,55.9137976,37.8166946,parking,50,,5.74,21.53,2266
790992034,55.9109064,37.8267352,parking,50,,5.74,21.65,2816
793051685,55.9175168,37.8304265,parking,50,,5.74,22.37,2351
793424296,55.7910389,37.6607908,parking,50,,9.94,4.77,1291
794177062,55.8523163,37.3519714,parking,50,,5.74,19.75,933
794177083,55.851709,37.3510049,parking,50,,5.74,19.77,898
794486374,55.91901,37.8180464,parking,50,,5.74,22.06,1766
794557939,55.8377648,37.518088,parking,50,,9.08,11.02,1777
794878712,55.8444652,37.5429587,parking,50,,9.08,10.9,2200
794878738,55.845357,37.5487324,parking,50,,9.08,10.84,1894
794878744,55.8455569,37.5498477,parking,50,,9.08,10.83,1839
794878750,55.8458227,37.5507827,parking,50,,9.08,10.84,1798
794878759,55.8462287,37.5522161,parking,50,,9.08,10.85,1739
794878762,55.8464322,37.5527825,parking,50,,9.08,10.85,1719
794878763,55.8467651,37.5528628,parking,50,,9.08,10.89,1733
795026994,55.7145979,37.8997142,mall,150,,24.1,18.26,846
795324494,55.6161834,37.5854221,parking,50,,6.75,15.65,2107
795563266,55.8153134,37.3697113,parking,50,,5.74,16.84,1049
795563270,55.8162787,37.3714931,parking,50,,5.74,16.78,1024
796545361,55.930367,37.7852289,parking,50,,4.88,22.06,1259
797061114,55.7775534,37.5070581,parking,50,,7.71,7.31,1004
797061160,55.7844866,37.5060044,parking,50,,6.35,7.66,627
797385919,55.7887179,37.6619465,parking,50,,9.94,4.6,1077
797385926,55.7893463,37.6642767,parking,50,,9.94,4.75,1003
798766929,55.78946,37.6665763,parking,50,,9.94,4.85,909
800820178,55.7567879,37.5270016,parking,50,,7.51,5.65,554
802127325,55.6091843,37.7030963,parking,50,,6.75,17.17,3015
802127328,55.6100826,37.7054199,parking,50,,6.75,17.12,3107
802127330,55.6122252,37.7054366,parking,50,,6.75,16.89,3345
802127349,55.6075855,37.7325384,parking,50,,6.75,17.99,3255
803891766,55.7591414,37.7532137,parking,50,,9.08,8.51,1913
806128036,55.7710571,37.8686089,mall,150,Торговые ряды,24.1,15.81,1233
806384060,55.7324203,37.5838866,parking,50,,9.94,3.34,902
806873929,55.8424392,37.3671314,parking,50,,4.72,18.37,628
806950151,55.7652164,37.3818816,parking,50,,5.77,14.77,671
807997852,55.8357255,37.9372702,parking,50,,5.74,21.89,4712
808372689,55.8019156,37.6567079,parking,50,,7.51,5.69,698
808372690,55.8013713,37.6560795,parking,50,,9.12,5.62,726
808793672,55.890501,37.4950548,parking,50,,5.74,16.81,1380
809057963,55.7321894,37.5137347,parking,50,,9.12,6.99,1190
809261921,55.8026551,37.6545356,parking,50,,7.51,5.71,554
809441732,55.7900301,37.6684626,parking,50,,9.94,4.97,885
809441736,55.7901686,37.6672782,parking,50,,9.94,4.94,941
809441738,55.7900628,37.6667784,parking,50,,9.94,4.91,951
809583293,55.8554185,37.6137078,parking,50,,7.71,11.08,1330
809583294,55.855244,37.6143759,parking,50,,7.71,11.06,1363
812916642,55.760116,37.7004685,parking,50,,9.12,5.23,1375
812916643,55.7590952,37.6989857,parking,50,,9.12,5.12,1286
812931495,55.853535,37.3507583,parking,50,,5.74,19.89,1087
812988304,55.7244663,37.6058893,parking,50,,8.19,3.56,543
813319052,55.6231961,37.7066231,parking,50,,6.75,15.77,4563
813423158,55.7860776,37.6876841,parking,50,,7.51,5.54,592
813423186,55.785302,37.6848976,parking,50,,7.51,5.35,569
813473822,55.8326338,37.6839477,parking,50,,9.08,9.51,1723
813607916,55.8289963,37.6692056,parking,50,,7.71,8.76,1267
814253544,55.7810819,37.6676728,parking,50,,8.19,4.22,595
814964270,55.7926527,37.6919401,parking,50,,7.51,6.21,585
815576616,55.7184081,37.6876894,parking,50,,7.51,6.06,652
815576618,55.7165283,37.6813839,parking,50,,9.12,5.93,844
815576620,55.7213125,37.6828398,parking,50,,7.51,5.62,520
815846340,55.5660745,37.4644361,parking,50,,5.74,23.17,4163
816524081,55.6105189,37.6627655,parking,50,,6.75,16.4,2093
816902921,55.8752252,37.3939283,parking,50,,6.75,19.26,1886
817031692,55.8185962,37.4922349,parking,50,,7.71,10.48,1419
818015409,55.6660109,37.63073,parking,50,,7.71,10.02,798
818015410,55.6658872,37.6308111,parking,50,,7.71,10.03,808
818596508,55.8037827,37.5837024,parking,50,,9.12,5.73,958
818596509,55.8034766,37.5833182,parking,50,,9.12,5.71,920
818596510,55.8027941,37.583453,parking,50,,9.12,5.64,847
818596513,55.8034896,37.5837156,parking,50,,9.12,5.7,926
819165150,55.7962883,37.6984685,parking,50,,7.51,6.79,610
819165166,55.7986217,37.6969584,parking,50,,7.51,6.89,508
819165171,55.7989532,37.697396,parking,50,,7.51,6.94,543
819180559,55.7319338,37.5855696,parking,50,,9.94,3.31,922
819221420,55.8014925,37.5864548,parking,50,,9.12,5.43,767
819221424,55.8009417,37.5861636,parking,50,,9.12,5.38,704
820333079,55.6327715,37.5105667,parking,50,,5.74,15.23,1458
821202052,55.7031766,37.5398642,parking,50,,9.08,7.6,1520
822631079,55.7870988,37.5914816,parking,50,,8.19,3.84,648
822839705,55.7873096,37.5919909,parking,50,,8.19,3.84,618
822910065,55.7531541,37.4928458,parking,50,,7.71,7.79,966
823155291,55.7829521,37.5995954,parking,50,,8.19,3.22,681
823155295,55.7854761,37.5906434,parking,50,,9.94,3.7,836
823948324,55.7961674,37.7779998,parking,50,,9.08,11.01,2718
823948328,55.796577,37.7767813,parking,50,,9.08,10.96,2669
823966372,55.7449237,37.7220911,parking,50,,7.51,6.67,658
824771398,55.7925826,37.7325417,parking,50,,7.71,8.29,858
824771445,55.7866362,37.72299,parking,50,,7.71,7.45,989
824771478,55.7947008,37.7353354,parking,50,,7.71,8.56,1023
826206573,55.9342992,37.8423738,parking,50,,5.74,24.32,2341
827283926,55.6226187,37.6733792,parking,50,,6.75,15.22,3469
827469300,55.5896168,37.6726431,parking,50,,6.75,18.8,2306
827469301,55.5895324,37.6646313,parking,50,,6.75,18.72,2224
827469302,55.589118,37.6647622,parking,50,,6.75,18.77,2256
828422223,55.8015957,37.6036307,parking,50,,9.12,5.16,1150
828533947,55.6297967,37.8494771,parking,50,,5.74,20.2,4360
830401373,55.6798914,37.6448572,parking,50,,7.71,8.62,810
830401378,55.6800775,37.6430785,parking,50,,7.71,8.57,718
830501854,55.7513507,37.6865219,parking,50,,8.19,4.36,578
830722654,55.7051499,37.6260956,parking,50,,9.12,5.66,820
830722661,55.7032555,37.6238034,parking,50,,9.12,5.86,970
830730843,55.8782592,37.7292011,parking,50,,5.74,15.31,840
830770316,55.7070865,37.4570745,mall,150,Kvartal West,38.12,11.4,3045
830781364,55.7174838,37.4616581,parking,50,,9.08,10.63,2865
831978427,55.8056632,37.7081747,parking,50,,7.71,7.94,1202
832667717,55.623333,37.6618402,parking,50,,8.25,14.99,3074
832736397,55.7457777,37.5450359,parking,50,,9.94,4.66,886
832852392,55.7821556,37.6609706,parking,50,,9.94,4.01,967
832877256,55.7831864,37.6523162,parking,50,,9.94,3.75,963
833324750,55.6496952,37.8370093,parking,50,,6.75,18.13,2880
833324790,55.6501646,37.8361488,parking,50,,6.75,18.06,2828
833600009,55.7817639,37.6529099,parking,50,,9.94,3.65,1092
833600029,55.7835836,37.6528929,parking,50,,9.94,3.81,967
833815866,55.7792729,37.6894744,parking,50,,9.12,5.21,939
833968053,55.6468955,37.4842761,parking,50,,5.77,14.7,597
834323117,55.6178563,37.7444136,parking,50,,6.75,17.28,4617
834630891,55.646323,37.6417979,parking,50,,7.01,12.27,772
834807464,55.6997525,37.8061756,parking,50,,8.25,13.37,1739
835092375,55.6168166,37.5117577,parking,50,,6.75,16.81,2445
835092381,55.6163849,37.5025887,parking,50,,6.75,17.09,2018
836113675,55.677498,37.5104092,parking,50,,7.71,10.98,1393
836503851,55.8491532,37.3573795,parking,50,,4.72,19.28,507
837399734,55.6567199,37.5679223,parking,50,,9.08,11.44,1925
837399736,55.6571702,37.5674691,parking,50,,9.08,11.4,1895
839270836,55.6309295,37.6706801,mall,150,Эльбрус,34.65,14.28,2911
839550209,55.8392126,37.5505902,parking,50,,9.08,10.17,1631
839652612,55.5980893,37.3508837,parking,50,,5.74,24.22,8310
839895863,55.8343274,37.5662019,parking,50,,7.71,9.3,821
840030067,55.8413686,37.6463525,parking,50,,7.71,9.69,723
840030073,55.8388757,37.6462674,parking,50,,6.35,9.41,603
840124723,55.8345898,37.4471361,parking,50,,7.01,13.78,1038
840594068,55.898205,37.4772914,parking,50,,6.75,18.09,2242
841044388,55.8241291,37.6661525,parking,50,,9.08,8.19,1620
841083066,55.7214932,37.9062141,parking,50,,5.74,18.48,1437
841439019,55.830306,37.8120958,parking,50,,8.25,14.73,2975
841443471,55.6578354,37.799011,mall,150,,28.35,15.76,3064
841705066,55.7207845,37.38123,parking,50,,5.74,15.28,993
842144333,55.6263333,37.6493143,parking,50,,8.25,14.54,2967
842449160,55.820955,37.8186316,parking,50,,8.25,14.52,1927
842623734,55.8402937,37.3805979,parking,50,,5.74,17.53,1024
842755124,55.5807312,37.8922897,parking,50,,4.46,26.01,8062
842755125,55.5815677,37.8914504,parking,50,,4.46,25.9,7976
842867783,55.8405309,37.3643316,parking,50,,4.72,18.41,608
842898277,55.7962324,37.7784807,parking,50,,9.08,11.04,2748
842898281,55.7962271,37.7816899,parking,50,,9.08,11.22,2931
842898284,55.7960716,37.7794741,parking,50,,9.08,11.09,2797
842985366,55.8196538,37.809919,parking,50,,8.25,13.98,2275
843138774,55.8216328,37.8144176,parking,50,,8.25,14.33,2174
843138775,55.8215471,37.8138578,parking,50,,8.25,14.3,2194
843138781,55.8216144,37.816697,parking,50,,8.25,14.46,2065
843138786,55.8209515,37.8141373,parking,50,,8.25,14.28,2139
843217184,55.7404274,37.681292,parking,50,,8.19,4.35,599
843313707,55.7497739,37.8019743,parking,50,,9.08,11.58,2326
843595598,55.8875003,37.4537785,parking,50,,6.75,17.85,2057
844369500,55.8107293,37.5235185,parking,50,,6.35,8.47,529
844372389,55.9027795,37.4058119,parking,50,,4.02,21.01,573
844472584,55.8360151,37.5483359,parking,50,,9.08,9.91,1798
844680350,55.8925683,37.7513007,parking,50,,5.74,17.36,1390
844680355,55.8924867,37.7522819,parking,50,,5.74,17.38,1442
846111021,55.9134418,37.8596632,parking,50,,5.74,23.16,4052
846111022,55.9134694,37.8591263,parking,50,,5.74,23.14,4022
846111025,55.9140726,37.8573617,parking,50,,5.74,23.12,3894
846244494,55.8195137,37.8012365,parking,50,,8.25,13.51,2747
846244501,55.8194895,37.7988763,parking,50,,8.25,13.38,2880
846244508,55.820394,37.8116726,parking,50,,8.25,14.12,2227
846722920,55.7181602,37.4576507,parking,50,,9.08,10.84,2656
846907944,55.8174957,37.8514739,parking,50,,5.74,16.17,1139
848322594,55.6468319,37.4889211,parking,50,,5.77,14.54,620
849314642,55.91561,37.8310816,parking,50,,5.74,22.23,2537
849511949,55.79171,37.6022579,parking,50,,8.19,4.1,520
849912819,55.9023576,37.406648,parking,50,,4.02,20.94,547
850552556,55.8170305,37.8049296,parking,50,,8.25,13.56,2426
850552568,55.8173743,37.8093415,parking,50,,8.25,13.82,2187
850552569,55.8173294,37.8079327,parking,50,,8.25,13.74,2265
850552570,55.8173968,37.8075271,parking,50,,8.25,13.72,2292
850552571,55.8173839,37.8084609,parking,50,,8.25,13.77,2238
850793234,55.7789881,37.7150586,parking,50,,9.12,6.64,816
851604664,55.8239603,37.8160154,parking,50,,8.25,14.55,2278
851604679,55.82368,37.8238682,parking,50,,8.25,14.96,1947
851604680,55.8236663,37.8232296,parking,50,,8.25,14.92,1968
851785972,55.8238458,37.8121127,parking,50,,8.25,14.34,2444
851785973,55.8243404,37.8121016,parking,50,,8.25,14.37,2482
853371209,55.8211789,37.8331288,parking,50,,5.74,15.33,1434
853371210,55.8210572,37.8325089,parking,50,,5.74,15.29,1435
853371216,55.8211151,37.8320651,parking,50,,5.74,15.27,1452
853371221,55.8204029,37.8287033,parking,50,,5.74,15.04,1478
853371222,55.8203953,37.828275,parking,50,,5.74,15.02,1491
853371223,55.8209782,37.8339641,parking,50,,5.74,15.36,1396
854136348,55.8140277,37.6922371,parking,50,,7.71,7.99,1355
854136353,55.8149825,37.6876826,parking,50,,9.08,7.92,1607
854136354,55.8153916,37.6874399,parking,50,,9.08,7.95,1614
854136355,55.8155883,37.6869048,parking,50,,9.08,7.95,1644
854136356,55.8156771,37.6855201,parking,50,,9.08,7.91,1728
854136357,55.8158531,37.686306,parking,50,,9.08,7.95,1677
854136359,55.8133993,37.6890962,parking,50,,9.08,7.82,1563
854136360,55.8151688,37.6859386,parking,50,,9.08,7.87,1710
855559260,55.7881919,37.7847668,parking,50,,9.08,11.08,2892
855575599,55.8254353,37.8203122,parking,50,,8.25,14.87,2234
855575600,55.8247069,37.8202749,parking,50,,8.25,14.82,2170
855575601,55.8244671,37.8210796,parking,50,,8.25,14.85,2119
855575603,55.8243532,37.8205985,parking,50,,8.25,14.82,2127
855622562,55.8660963,37.3943938,parking,50,,5.74,18.56,1499
855622563,55.8654763,37.3963378,parking,50,,5.74,18.42,1360
856361263,55.8110353,37.8009323,mall,150,ТРЦ «Щёлковский»,34.65,13.02,2518
857269768,55.8437107,37.3717911,parking,50,,5.74,18.19,877
857507409,55.8444149,37.3675377,parking,50,,4.72,18.46,606
857762865,55.5881158,37.7579198,parking,50,,5.74,20.63,3276
857905720,55.6692848,37.8544227,parking,50,,5.74,17.7,748
858221104,55.8489488,37.6839624,parking,50,,6.35,11.16,561
858501564,55.9259494,37.6096253,parking,50,,6.75,18.93,2097
858659409,55.816851,37.8191036,parking,50,,8.25,14.33,1623
859018816,55.8196668,37.817456,parking,50,,8.25,14.39,1888
859018823,55.8225353,37.8137669,parking,50,,8.25,14.35,2270
859018824,55.8225279,37.8133878,parking,50,,8.25,14.33,2287
859183629,55.8925148,37.4497521,parking,50,,6.75,18.46,2387
863042395,55.6691018,37.4466398,parking,50,,8.25,14.4,2434
863047367,55.693191,37.4964584,parking,50,,6.35,10.28,671
863953765,55.9166683,37.7911757,parking,50,,5.74,20.92,2012
864119613,55.8888968,37.4528887,parking,50,,6.75,18.01,2185
865262384,55.8108224,37.793576,parking,50,,8.25,12.61,2975
865262386,55.8110674,37.7928417,parking,50,,8.25,12.58,3023
865262387,55.810956,37.7932336,parking,50,,8.25,12.59,2997
865847773,55.7591772,37.4092306,parking,50,,8.25,13.02,1799
865958533,55.5849391,37.8945441,parking,50,,4.46,25.75,7583
865958534,55.5846832,37.8950181,parking,50,,4.46,25.79,7609
865958535,55.5847953,37.8950624,parking,50,,4.46,25.79,7596
865959405,55.5848359,37.8957112,parking,50,,4.46,25.81,7588
866020085,55.7753923,37.590569,parking,50,,11.47,2.75,1018
866730690,55.8185678,37.7765857,parking,50,,8.25,12.16,3359
867733852,55.7773294,37.5643241,parking,50,,9.94,4.09,781
868001888,55.8894243,37.5420875,parking,50,,5.74,15.58,1438
868839047,55.8741888,37.6445837,parking,50,,7.01,13.27,740
868839048,55.8744144,37.6452883,parking,50,,5.77,13.3,690
868839234,55.5764612,37.4658189,parking,50,Конечная станция Ольховая,5.74,22.09,3039
868839242,55.5774224,37.4670148,parking,50,,5.74,21.96,2912
870444235,55.809743,37.8230484,parking,50,,7.01,14.19,1130
871456175,55.9385774,37.5295589,parking,50,,4.88,21.05,1196
871456185,55.9397405,37.5308206,parking,50,,4.88,21.15,1348
871456200,55.9393784,37.5262582,parking,50,,4.88,21.19,1191
871456201,55.9404226,37.524744,parking,50,,4.88,21.33,1276
871456202,55.941785,37.5244501,parking,50,,4.88,21.48,1420
872997881,55.8358583,37.5428274,parking,50,,9.08,10.05,2140
873448525,55.7130293,37.8449205,mall,150,Город,28.35,15.02,1888
874664001,55.7100307,37.5416082,transport_hub,150,,35.55,6.95,1209
875102863,55.8033855,37.685726,parking,50,,7.51,6.8,670
875168972,55.8179019,37.8336889,parking,50,,5.74,15.19,1084
875406898,55.8081734,37.7042748,parking,50,,7.71,7.97,1181
876443514,55.7990645,37.5578709,parking,50,,9.12,6.08,795
877406162,55.6882522,37.8987068,parking,50,,6.75,19.16,2770
877406163,55.6884423,37.898299,parking,50,,6.75,19.13,2761
877494632,55.9226703,37.7288069,parking,50,,6.75,19.82,2438
877751256,55.8542576,37.6476534,parking,50,,6.35,11.11,624
878093955,55.9130878,37.5390229,parking,50,,6.75,18.16,2158
878459699,55.6529175,37.7808117,parking,50,,6.75,15.36,2857
880309657,55.7326071,37.7633493,parking,50,Чухлинка,7.71,9.5,976
881163876,55.6286013,37.7348345,parking,50,,6.75,15.95,5394
881163877,55.6289366,37.7332311,parking,50,,6.75,15.87,5386
881163879,55.6291712,37.7356948,parking,50,,6.75,15.92,5318
881163883,55.6293516,37.7329177,parking,50,,6.75,15.82,5348
881163892,55.6296745,37.7301454,parking,50,,6.75,15.71,5368
881163897,55.6299739,37.7368559,parking,50,,6.75,15.87,5213
881163903,55.6286392,37.7364519,parking,50,,6.75,15.99,5363
881291002,55.8030162,37.4868899,parking,50,,9.08,9.7,1566
882395258,55.7621897,37.5653179,parking,50,,8.19,3.33,572
884618763,55.7347041,37.6783758,parking,50,,8.19,4.49,633
885407700,55.5624248,37.8459887,parking,50,,4.46,25.85,9016
885407701,55.5627138,37.8521645,parking,50,,4.46,26.04,9386
885407702,55.5626329,37.850065,parking,50,,4.46,25.97,9260
885407703,55.5623732,37.8479729,parking,50,,4.46,25.92,9139
885517969,55.9159707,37.584205,parking,50,,4.72,17.93,554
885517970,55.9152395,37.582436,parking,50,,4.72,17.86,545
885972104,55.7044788,37.9092838,parking,50,,6.75,19.15,1868
886187381,55.7900845,37.6592529,parking,50,,9.94,4.63,1222
886187382,55.7903869,37.6595916,parking,50,,9.94,4.67,1249
886187383,55.7901813,37.6601626,parking,50,,9.94,4.67,1262
886676199,55.6213024,37.7203176,parking,50,,6.75,16.29,4434
886798686,55.6538774,37.4153857,parking,50,,6.75,16.98,3450
886897612,55.8054469,37.5648374,parking,50,,9.12,6.42,1442
887581049,55.6102422,37.5149859,parking,50,,6.75,17.41,2209
888215205,55.5598211,37.810328,parking,50,,5.74,24.93,6962
889197787,55.6176692,37.4068982,parking,50,,5.74,20.24,5040
889786567,55.7706832,37.6506527,parking,50,,9.45,2.66,528
889966243,55.6035703,37.7332865,parking,50,,6.75,18.42,2902
890085451,55.8660564,37.5362525,parking,50,,7.01,13.26,1028
890158959,55.7907407,37.5827543,parking,50,,8.19,4.45,517
891087207,55.7422501,37.7902122,parking,50,,7.71,10.93,1380
891091699,55.6942423,37.66786,parking,50,,7.71,7.54,934
891091702,55.6934212,37.6677835,parking,50,,7.71,7.62,853
891697698,55.7752601,37.8336576,parking,50,,5.77,13.71,511
891734346,55.8151008,37.3998671,parking,50,,5.74,15.11,1114
892718358,55.5807645,37.6812734,parking,50,,6.75,19.87,1617
892843016,55.5944725,37.7201546,parking,50,,6.75,19.06,1604
893766339,55.8022062,37.6190449,parking,50,,9.12,5.16,827
893814396,55.7118095,37.7840218,parking,50,,7.71,11.53,735
893814397,55.712042,37.784323,parking,50,,7.71,11.53,708
893814398,55.7115039,37.7828234,parking,50,,7.71,11.47,776
894987947,55.8165434,37.5564919,parking,50,,7.71,7.75,1452
895700370,55.897116,37.4264213,parking,50,,5.74,19.72,952
895700374,55.8962626,37.4275944,parking,50,,5.74,19.6,1072
895700384,55.8959046,37.435452,parking,50,,5.74,19.28,1442
897215008,55.8563425,37.3511158,parking,50,,4.88,20.04,1371
897215012,55.8549905,37.351677,parking,50,,5.74,19.93,1218
897480513,55.8254285,37.6544108,parking,50,,7.71,8.08,1103
897480523,55.8248687,37.656149,parking,50,,7.71,8.05,1199
900487207,55.8042936,37.5612671,parking,50,,9.12,6.43,1313
901538650,55.6555989,37.4307386,parking,50,,6.75,16.15,2593
901538662,55.6561447,37.4281818,parking,50,,6.75,16.22,2764
901545014,55.6552959,37.4144362,parking,50,,6.75,16.92,3548
901681690,55.6223208,37.6512334,parking,50,,8.25,14.99,2658
903570565,55.783047,37.6441765,parking,50,,8.19,3.46,567
903859339,55.9289371,37.5453458,mall,150,ТЦ «Грис Молл»,28.35,19.77,1584
905452325,55.8249593,37.5624578,parking,50,,7.71,8.42,1306
906163148,55.5498927,37.7416573,parking,50,,5.74,24.19,4202
906493830,55.8541903,37.6789521,parking,50,,6.35,11.6,634
906493831,55.8537209,37.678309,parking,50,,6.35,11.54,623
906599840,55.8542903,37.6781917,parking,50,,6.35,11.59,586
906734232,55.8611132,37.6860298,parking,50,,7.01,12.47,736
906758162,55.620434,37.7067517,parking,50,,6.75,16.06,4256
906817388,55.9281786,37.7217531,mall,150,,24.1,20.25,3130
906817439,55.9201784,37.7171042,parking,50,,6.75,19.31,2401
907119544,55.9298352,37.7384624,parking,50,,5.74,20.78,3214
907395822,55.8144571,37.5068287,parking,50,,7.71,9.5,949
907395829,55.8141638,37.5040296,parking,50,,7.71,9.61,1071
908371257,55.6916201,37.4770601,parking,50,,9.08,11.32,1769
908663991,55.8693738,37.4828733,parking,50,,5.74,15.17,986
908664000,55.8708541,37.4763733,parking,50,,5.74,15.53,827
908664032,55.8707337,37.4729557,parking,50,,5.74,15.64,700
908843667,55.8767527,37.5154131,parking,50,,7.01,14.88,895
908843670,55.8769532,37.5141585,parking,50,,7.01,14.93,872
908984550,55.8287529,37.639297,parking,50,,6.35,8.23,609
909697366,55.8192187,37.6577486,parking,50,,7.71,7.49,1370
910587143,55.648657,37.5038451,parking,50,,7.01,13.87,777
911172432,55.8076835,37.6261267,parking,50,,7.51,5.8,526
911371795,55.817212,37.6017952,parking,50,,9.12,6.9,1394
911515469,55.7998378,37.5876101,parking,50,,7.51,5.24,649
912321268,55.8016518,37.5577107,parking,50,,9.12,6.32,1067
912884042,55.8013435,37.5762758,parking,50,,9.12,5.68,736
912884043,55.8014826,37.5756315,parking,50,,9.12,5.71,767
913735881,55.8100367,37.6567284,parking,50,,7.51,6.52,536
913799511,55.807529,37.5726924,parking,50,,9.12,6.39,1262
913799517,55.80888,37.5821798,parking,50,,9.12,6.3,1050
914777321,55.8178645,37.6014835,parking,50,,9.12,6.97,1371
915910886,55.590772,37.8850012,parking,50,,5.74,24.87,7023
918394145,55.6602204,37.4758353,parking,50,,7.01,13.84,764
919206923,55.7532079,37.4963674,parking,50,,7.71,7.57,940
919206924,55.7532124,37.4952154,parking,50,,7.71,7.64,945
920008497,55.860422,37.6382891,parking,50,,7.71,11.71,1220
920184674,55.6779039,37.426345,parking,50,,8.25,14.77,3082
921347353,55.9009825,37.6286968,parking,50,,6.75,16.16,1562
923027275,55.7967416,37.5333758,parking,50,,9.12,6.95,1275
923125172,55.8950546,37.4997764,parking,50,,5.74,17.14,1473
923165256,55.7893348,37.5462515,parking,50,,9.12,5.8,1105
923170177,55.7925659,37.5412347,parking,50,,9.12,6.27,1360
923170186,55.7917688,37.5456726,parking,50,,9.12,6.01,1086
923912930,55.8667037,37.5444829,mall,150,Avenue Sever,29.45,13.14,1191
926878890,55.9354401,37.5032895,parking,50,,4.88,21.21,817
927253836,55.5593676,37.8030957,parking,50,,5.74,24.76,6558
927674160,55.7712832,37.5589428,parking,50,,8.19,4.04,557
928169317,55.7737781,37.5771924,parking,50,,8.19,3.21,689
928442186,55.9145308,37.7572432,mall,150,Артимол,28.35,19.69,2052
929102171,55.785622,37.5800881,parking,50,,9.94,4.05,770
929102185,55.7849036,37.5793258,parking,50,,9.94,4.01,791
929102186,55.7847145,37.579768,parking,50,,9.94,3.98,825
929243805,55.6900739,37.5567623,parking,50,,6.35,8.23,568
929277062,55.7782073,37.7002532,parking,50,,9.12,5.76,832
929881145,55.8553878,37.5310593,parking,50,,7.01,12.32,957
929920967,55.8469758,37.6343021,parking,50,,6.35,10.19,583
930246910,55.6252489,37.9503516,parking,50,,4.46,25.43,4156
931796023,55.8073572,37.610663,parking,50,,9.12,5.75,1489
931796065,55.8041204,37.6079687,parking,50,,9.12,5.4,1251
932043533,55.5848562,37.5992343,parking,50,,5.74,19.04,1340
932093372,55.8512298,37.6317574,parking,50,,7.71,10.65,704
933930180,55.7677954,37.6445326,parking,50,,9.45,2.16,517
934305293,55.8409317,37.6504922,parking,50,,6.35,9.69,502
934305299,55.8422632,37.6487195,parking,50,,6.35,9.81,687
934310764,55.6867516,37.8520106,mall,150,Фудмолл «Привоз»,24.1,16.58,1093
935522347,55.640188,37.759017,parking,50,,6.75,15.62,3900
935529655,55.6932094,37.5061366,parking,50,,6.35,9.84,570
938013501,55.7776286,37.7434927,parking,50,,7.71,8.26,945
938285055,55.7753051,37.7466524,parking,50,,7.71,8.38,1257
938285072,55.7745719,37.743588,parking,50,,7.71,8.17,1274
938285131,55.7637838,37.7302185,parking,50,,9.08,7.12,1534
940282394,55.7887192,37.7533505,parking,50,,7.71,9.26,975
940782225,55.7968767,37.7507823,parking,50,,7.71,9.52,1454
941067281,55.8006857,37.7682592,parking,50,,9.08,10.68,2488
942052577,55.7992297,37.6095406,parking,50,,9.94,4.85,777
942141502,55.8252626,37.652533,parking,50,,7.71,8.03,984
942333339,55.7994133,37.5314131,parking,50,,7.71,7.24,974
942333340,55.7989819,37.5319267,parking,50,,7.71,7.18,1022
942333383,55.8062458,37.4982538,parking,50,,7.71,9.32,1320
943016405,55.9405138,37.5527437,parking,50,,5.74,20.93,2396
943323666,55.9332938,37.5565764,parking,50,,5.74,20.1,2327
944224235,55.8041495,37.6831398,parking,50,,9.12,6.77,811
944433499,55.8427388,37.3724993,parking,50,,5.74,18.1,938
944433505,55.843154,37.3712476,parking,50,,5.74,18.19,853
944666555,55.7924005,37.6752113,parking,50,,7.51,5.45,513
944868487,55.640979,37.6216742,parking,50,,8.25,12.77,2004
945066126,55.8131112,37.7733249,parking,50,,9.08,11.65,3159
946560749,55.6161206,37.6739328,parking,50,,6.75,15.93,3023
947153321,55.9326837,37.5483447,parking,50,,5.74,20.13,1811
947309822,55.9212737,37.5407145,parking,50,,6.75,19.01,1572
947789734,55.7843593,37.8463558,parking,50,,5.77,14.67,507
947789735,55.7846811,37.846228,parking,50,,5.77,14.67,528
947840453,55.6263136,37.6687151,parking,50,,8.25,14.75,3298
948159636,55.7849839,37.8529644,parking,50,,4.72,15.09,666
948198126,55.7838318,37.8534855,parking,50,,4.72,15.1,534
948198130,55.7845067,37.8543497,parking,50,,4.72,15.17,602
948372689,55.6404392,37.3925852,parking,50,,6.75,19.05,4831
948372690,55.6404369,37.3933552,parking,50,,6.75,19.01,4784
948372691,55.6404129,37.3920828,parking,50,,6.75,19.07,4863
948374868,55.640727,37.3936652,parking,50,,6.75,18.98,4760
948408123,55.8567673,37.6928073,parking,50,,7.01,12.18,1299
948461656,55.5977759,37.7193633,parking,50,,6.75,18.7,1906
948461657,55.5975242,37.7196521,parking,50,,6.75,18.73,1888
948467197,55.6056059,37.7179537,parking,50,,6.75,17.85,2699
948467198,55.6045876,37.7176144,parking,50,,6.75,17.95,2584
949036668,55.6591008,37.8872284,parking,50,,4.88,20.04,1351
949166777,55.6066278,37.742029,parking,50,,6.75,18.34,3505
950001045,55.6782251,37.8764367,parking,50,,5.74,18.38,1005
950304408,55.6377643,37.5297567,parking,50,,8.25,14.23,2183
951963502,55.8080073,37.5402275,parking,50,,6.35,7.54,539
952069490,55.7352151,37.8629348,parking,50,,4.72,15.54,576
952069491,55.7354294,37.8631756,parking,50,,4.72,15.55,564
954058890,55.7223796,37.4609637,parking,50,,9.08,10.47,2428
956181735,55.7075671,37.9516605,parking,50,,5.74,21.61,4184
956288858,55.6245086,37.59399,mall,150,Гравитация,34.65,14.67,2801
958698943,55.7847737,37.6966752,parking,50,,7.51,5.92,635
961017440,55.8966357,37.4285021,parking,50,,5.74,19.6,1074
961017444,55.8873677,37.4371091,parking,50,,6.75,18.46,2129
961017445,55.8856183,37.439235,parking,50,,6.75,18.22,2345
961017447,55.8850289,37.436971,parking,50,,6.75,18.26,2267
961017448,55.8867502,37.4339613,parking,50,,6.75,18.53,2003
961017449,55.8861889,37.4354558,parking,50,,6.75,18.42,2115
962013390,55.6092618,37.7452294,parking,50,,6.75,18.16,3859
962137729,55.7904827,37.7083882,parking,50,,7.51,6.88,553
963174242,55.942805,37.7515274,parking,50,,5.74,22.42,3493
965639170,55.7047364,37.8991174,parking,50,,5.74,18.54,1410
965639171,55.7050442,37.8997459,parking,50,,5.74,18.56,1405
966650953,55.871966,37.4686811,parking,50,,5.74,15.91,767
966814733,55.7227613,37.4299063,parking,50,,7.01,12.29,1232
967014090,55.8877135,37.4573209,parking,50,,6.75,17.75,1882
967373721,55.8507942,37.3628326,parking,50,,5.74,19.09,756
967531077,55.7152026,37.4569081,parking,50,,9.08,11.01,2908
967555206,55.6234616,37.9449063,parking,50,,4.46,25.26,4090
967921951,55.7545187,37.507859,parking,50,,9.12,6.85,1287
967924084,55.7542242,37.5065115,parking,50,,9.12,6.93,1215
968009087,55.5612448,37.8300557,parking,50,,4.46,25.42,8085
968011484,55.7535453,37.5029999,parking,50,,7.71,7.16,1051
968087873,55.8496373,37.4800125,parking,50,,5.77,13.51,633
968527005,55.5831289,37.4640436,parking,50,,5.74,21.47,2413
968599346,55.7001749,37.9458656,parking,50,,5.74,21.48,4089
969445946,55.6029228,37.3534846,parking,50,,5.74,23.72,8135
969768986,55.5509098,37.6602634,parking,50,,5.74,22.94,4020
969803054,55.8695667,37.4845993,parking,50,,5.74,15.13,975
969942534,55.9281673,37.7221411,parking,50,,5.74,20.25,3122
970427191,55.7698358,37.6817365,parking,50,,9.94,4.32,859
970723789,55.5982162,37.3548418,parking,50,,5.74,24.04,8061
970872415,55.6588068,37.8742563,parking,50,,5.74,19.38,1126
971022461,55.6198629,37.4218146,parking,50,,6.75,19.46,4183
971118064,55.9214673,37.8680988,parking,50,,5.74,24.18,4146
971289013,55.6831191,37.6635801,parking,50,,7.71,8.59,735
971887090,55.6056758,37.71526,parking,50,,6.75,17.79,2668
972002815,55.8779861,37.4726285,parking,50,,4.72,16.32,605
972181134,55.6707234,37.4913851,parking,50,,7.01,12.32,769
972190937,55.6918589,37.556074,parking,50,,6.35,8.08,615
972462973,55.6766645,37.7507441,parking,50,,5.77,12.14,501
972531244,55.7660153,37.6862329,parking,50,,9.94,4.46,1365
972531245,55.7654015,37.68573,parking,50,,9.94,4.41,1362
972531246,55.7656456,37.6861662,parking,50,,9.94,4.45,1395
973137031,55.8556831,37.442932,parking,50,,4.72,15.56,672
973214943,55.8554267,37.4395828,parking,50,,4.72,15.69,576
973218901,55.8921071,37.4780437,parking,50,,6.75,17.48,1565
973967817,55.8540347,37.4427302,parking,50,,4.72,15.44,510
973967818,55.8545795,37.442032,parking,50,,4.72,15.51,538
974994868,55.771303,37.6474318,parking,50,,9.45,2.55,647
975184485,55.8717864,37.4644682,parking,50,,5.74,16.05,778
975184486,55.8726504,37.464002,parking,50,,5.74,16.14,878
975247161,55.909739,37.8288633,parking,50,,5.74,21.62,2994
975247162,55.9076984,37.8351489,parking,50,,5.74,21.69,3394
975304091,55.6979216,37.8983578,mall,150,ТЦ Комфорт,28.35,18.74,2059
975371064,55.9079957,37.8305595,parking,50,,5.74,21.54,3215
975586279,55.9284284,37.5402169,parking,50,,5.74,19.79,1268
976089201,55.8285918,37.3503455,parking,50,,5.74,18.55,793
976265686,55.6135305,37.7277591,parking,50,,6.75,17.27,3727
976265689,55.6121775,37.7269599,parking,50,,6.75,17.39,3569
976318154,55.6212122,37.7243545,parking,50,,6.75,16.4,4480
976493895,55.7517699,37.8018248,parking,50,,9.08,11.56,2420
976493909,55.751229,37.8010266,parking,50,,9.08,11.51,2347
976582699,55.8569301,37.4336684,parking,50,,5.74,16.07,779
976582710,55.8567148,37.4319225,parking,50,,5.74,16.13,801
976898133,55.6218312,37.7342351,parking,50,,6.75,16.6,4735
977409953,55.9088274,37.4544517,parking,50,,6.75,19.82,2365
977841523,55.6183301,37.7335122,parking,50,,6.75,16.93,4357
977868205,55.844975,37.6407547,parking,50,,6.35,10.02,508
977883315,55.8430584,37.6371244,parking,50,,7.71,9.78,785
977984674,55.8481638,37.4500783,parking,50,,7.01,14.65,798
978854755,55.8089946,37.4570992,parking,50,,7.71,11.63,973
981324726,55.6342612,37.6755471,parking,50,,8.25,14.0,2802
981741161,55.7158912,37.3695019,parking,50,,4.72,16.14,540
981982797,55.6290961,37.632908,parking,50,,8.25,14.12,2767
983636836,55.9433652,37.4909771,parking,50,,4.02,22.3,655
983831504,55.9477137,37.4930159,parking,50,,4.88,22.71,1147
984707092,55.8044927,37.5895031,parking,50,,9.12,5.69,1150
985603360,55.6274528,37.6715753,parking,50,,8.25,14.67,3270
986909033,55.5919813,37.3778368,parking,50,,5.74,23.61,6699
986909035,55.5919466,37.3793318,parking,50,,5.74,23.55,6607
988064955,55.6199205,37.6595183,parking,50,,6.75,15.34,2679
988064956,55.6200388,37.6590505,parking,50,,6.75,15.32,2672
988560928,55.6211824,37.481275,parking,50,,6.75,17.23,2134
988816077,55.6758741,37.7440382,parking,50,,7.71,11.92,899
988862921,55.7794075,37.6430248,parking,50,,8.19,3.08,524
989073160,55.6407837,37.4733769,parking,50,,5.74,15.65,700
989324553,55.8898496,37.5925239,parking,50,,8.25,14.99,2421
989701556,55.6247094,37.6514005,parking,50,,8.25,14.73,2908
990860340,55.6807065,37.7615169,parking,50,,5.77,12.3,638
990926975,55.6203783,37.6083259,parking,50,,6.75,15.07,2328
991122873,55.6766451,37.7479131,parking,50,,5.77,12.02,671
991192575,55.7000316,37.7268275,parking,50,,9.08,9.25,2368
991656575,55.7955206,37.7926284,parking,50,,9.08,11.82,3148
991941106,55.8306324,37.6582721,parking,50,,7.71,8.71,775
991983047,55.6188371,37.662763,parking,50,,6.75,15.49,2709
993411381,55.6446847,37.6627724,parking,50,,7.01,12.68,1417
993430926,55.7129624,37.460034,parking,50,,9.08,10.94,3160
995019490,55.619389,37.662503,parking,50,,6.75,15.43,2745
995178321,55.6788425,37.8653547,parking,50,,4.72,17.74,524
995250323,55.8891351,37.4817788,parking,50,,5.74,17.07,1212
995308487,55.8969952,37.4811217,parking,50,,6.75,17.86,2087
995308490,55.8973651,37.4814664,parking,50,,6.75,17.88,2127
995308497,55.8981495,37.4828184,parking,50,,6.75,17.92,2214
995308500,55.8980777,37.4808931,parking,50,,6.75,17.97,2208
995337698,55.8160405,37.8035279,parking,50,,8.25,13.43,2471
995864543,55.6156936,37.7062595,parking,50,,6.75,16.55,3729
996082101,55.8879735,37.5463781,parking,50,,5.74,15.35,1278
996623513,55.895124,37.4238961,parking,50,,5.74,19.65,1028
996623514,55.8950213,37.4230133,parking,50,,5.74,19.67,977
996623543,55.8837391,37.4391739,parking,50,,6.75,18.06,2464
997185831,55.9144522,37.8460382,parking,50,,5.74,22.7,3296
997185832,55.9154037,37.8440408,parking,50,,5.74,22.7,3133
997186830,55.9169165,37.8484131,parking,50,,5.74,23.0,3254
997375456,55.818065,37.8230135,parking,50,,8.25,14.61,1508
997375463,55.8179775,37.8133548,parking,50,,8.25,14.07,1995
997797902,55.7398625,37.8181153,parking,50,,8.25,12.69,2454
997831845,55.8055229,37.7482186,parking,50,,9.08,9.88,1956
998349423,55.6630535,37.5270266,parking,50,,7.71,11.76,952
1000045199,55.7074195,37.793245,parking,50,,7.01,12.26,805
1000101609,55.636664,37.6755347,parking,50,,8.25,13.74,2610
1000210856,55.7487956,37.4196721,parking,50,,7.01,12.39,761
1000597193,55.7610023,37.4150569,parking,50,,8.25,12.67,1993
1001060128,55.9384338,37.4746449,parking,50,,4.88,22.17,1004
1001208307,55.6946523,37.4101158,parking,50,,7.01,14.65,1436
1001293564,55.8371932,37.4589058,parking,50,,7.01,13.41,1346
1001293574,55.8385739,37.4641336,parking,50,,7.01,13.28,1255
1001332263,55.8321564,37.4597798,parking,50,,7.01,13.0,862
1001528250,55.8813785,37.567323,parking,50,,5.77,14.31,683
1001528277,55.8890939,37.5570657,parking,50,,5.74,15.29,1189
1001559227,55.7261114,37.4634699,parking,50,,9.08,10.18,2031
1002248805,55.7487434,37.8064021,parking,50,,9.08,11.86,2538
1002255081,55.7480566,37.805142,parking,50,,9.08,11.79,2439
1002416775,55.6757591,37.4095409,parking,50,,6.75,15.77,2527
1003235570,55.6796583,37.5663373,parking,50,,7.71,9.05,859
1004789722,55.8645877,37.3903684,parking,50,,6.75,18.64,1685
1004789724,55.8663936,37.386157,parking,50,,6.75,18.97,1993
1004789725,55.8673572,37.3864327,parking,50,,6.75,19.03,2012
1005568196,55.6800194,37.5666076,parking,50,,7.71,9.0,833
1005840230,55.9029274,37.6429207,parking,50,,6.75,16.44,1738
1005970177,55.9037095,37.3946461,parking,50,,4.02,21.54,610
1006049868,55.8276199,37.433587,parking,50,,7.01,13.99,1180
1006735391,55.85696,37.4486147,parking,50,,5.74,15.42,995
1006735406,55.8568346,37.4460355,parking,50,,5.74,15.52,883
1006778452,55.8134444,37.4569694,parking,50,,6.35,11.9,581
1006814648,55.857054,37.4471695,parking,50,,5.74,15.49,945
1006814667,55.8564559,37.4477305,parking,50,,5.74,15.41,916
1006908696,55.8525518,37.4477392,parking,50,,4.72,15.1,662
1006915524,55.7835907,37.852036,parking,50,,4.72,15.0,533
1006961230,55.7590723,37.8264429,parking,50,,7.01,13.09,1076
1006983816,55.7547471,37.8253229,parking,50,,7.01,13.02,1262
1007279882,55.7935536,37.9352469,mall,150,Futura,16.87,20.32,586
1008213669,55.6488881,37.5515404,parking,50,,8.25,12.58,2486
1011046911,55.8484679,37.4254802,parking,50,,5.74,15.81,803
1012410167,55.9249827,37.4329831,parking,50,,5.74,22.05,2130
1012703350,55.9224717,37.4450257,parking,50,,5.74,21.43,2409
1012703351,55.9228232,37.4422083,parking,50,,5.74,21.55,2304
1012703352,55.9230707,37.4410472,parking,50,,5.74,21.61,2271
1013770978,55.8745075,37.6132976,parking,50,,8.25,13.2,1650
1014930875,55.8827792,37.5498557,parking,50,,5.77,14.73,692
1015098590,55.7239172,37.4422803,parking,50,,9.08,11.52,1637
1015197466,55.6313556,37.677148,parking,50,,8.25,14.34,3112
1015316071,55.9428415,37.4868594,parking,50,,4.02,22.34,642
1015782706,55.935615,37.4995,parking,50,,4.02,21.3,587
1018774446,55.6676101,37.7476579,parking,50,,7.01,12.76,1082
1019918556,55.8387299,37.5486723,parking,50,,9.08,10.17,1750
1021503606,55.7912947,37.5270263,parking,50,,10.73,6.89,1766
1022074531,55.587864,37.652034,parking,50,,6.75,18.8,1756
1022690670,55.6656777,37.8766656,parking,50,,4.72,19.09,504
1023910228,55.6731975,37.6184159,parking,50,,7.71,9.19,818
1024506741,55.7824031,37.5317967,parking,50,,10.73,6.11,1640
1024540923,55.8411654,37.3873328,parking,50,,5.74,17.23,796
1026369733,55.5997172,37.4134818,parking,50,,5.74,21.55,4373
1026369734,55.5998283,37.4132922,parking,50,,5.74,21.55,4385
1026369735,55.5999332,37.4131132,parking,50,,5.74,21.55,4395
1026369736,55.6000482,37.4129169,parking,50,,5.74,21.54,4407
1026369737,55.6001577,37.4127301,parking,50,,5.74,21.54,4418
1026369738,55.6002612,37.4125535,parking,50,,5.74,21.54,4429
1026369739,55.6003568,37.4123902,parking,50,,5.74,21.54,4438
1026369740,55.6004167,37.4123039,parking,50,,5.74,21.53,4443
1026369741,55.6005076,37.4121524,parking,50,,5.74,21.53,4453
1026369742,55.6006278,37.4119317,parking,50,,5.74,21.53,4466
1026369743,55.6007233,37.411771,parking,50,,5.74,21.53,4476
1026643841,55.7402816,37.829305,parking,50,,8.25,13.38,1777
1026969881,55.6062881,37.4113141,parking,50,,5.74,21.05,4527
1027007488,55.6141112,37.4117115,parking,50,,5.74,20.35,4674
1027007489,55.6139623,37.4116557,parking,50,,5.74,20.37,4673
1027007490,55.6138061,37.4115596,parking,50,,5.74,20.39,4674
1027007491,55.6136569,37.4114678,parking,50,,5.74,20.4,4675
1027007493,55.6135154,37.4113807,parking,50,,5.74,20.42,4676
1027034542,55.6167221,37.4185986,parking,50,,6.75,19.86,4362
1027034544,55.6165968,37.4184123,parking,50,,6.75,19.87,4368
1027034546,55.6164769,37.4182319,parking,50,,6.75,19.89,4373
1027034548,55.61636,37.4180566,parking,50,,6.75,19.91,4379
1027034550,55.6162354,37.4178676,parking,50,,6.75,19.93,4385
1027034552,55.6161129,37.4176882,parking,50,,6.75,19.95,4390
1027065895,55.6169917,37.4157027,parking,50,,6.75,19.95,4542
1027065897,55.6168776,37.4155083,parking,50,,6.75,19.97,4549
1027645948,55.6165564,37.4149905,parking,50,,5.74,20.01,4566
1028089021,55.6167338,37.4068293,parking,50,,5.74,20.33,5055
1028089056,55.6176817,37.4071116,parking,50,,5.74,20.23,5029
1028089057,55.6176983,37.407393,parking,50,,5.74,20.22,5014
1028089058,55.6177131,37.4076468,parking,50,,5.74,20.21,5001
1028089059,55.6177285,37.407908,parking,50,,5.74,20.2,4987
1028089060,55.6177445,37.408182,parking,50,,5.74,20.19,4973
1028089061,55.617773,37.4086678,parking,50,,5.74,20.16,4948
1028089062,55.6177607,37.4084583,parking,50,,5.74,20.17,4959
1028677633,55.934945,37.4389024,parking,50,,4.88,22.82,1322
1028891120,55.7371504,37.7298891,parking,50,,7.71,7.35,865
1028919043,55.6158429,37.4070088,parking,50,,5.74,20.39,5013
1028919044,55.6160165,37.4069765,parking,50,,5.74,20.38,5021
1028919045,55.6161448,37.4069525,parking,50,,5.74,20.37,5027
1028944926,55.6179056,37.4111937,parking,50,,5.74,20.05,4818
1028944927,55.6178937,37.4109823,parking,50,,5.74,20.06,4829
1028944928,55.6178794,37.4107268,parking,50,,5.74,20.07,4842
1028944929,55.6178637,37.4104468,parking,50,,5.74,20.08,4856
1028944930,55.6178495,37.410193,parking,50,,5.74,20.1,4869
1028944931,55.6178337,37.4099115,parking,50,,5.74,20.11,4884
1028944932,55.6178217,37.4096979,parking,50,,5.74,20.12,4895
1029274026,55.6197862,37.4179984,parking,50,,6.75,19.62,4361
1029274027,55.6197673,37.4176566,parking,50,,6.75,19.63,4378
1029274028,55.6198057,37.4183515,parking,50,,6.75,19.6,4343
1029274029,55.6198184,37.4185809,parking,50,,6.75,19.59,4332
1029274030,55.6198311,37.4188118,parking,50,,6.75,19.58,4320
1029274038,55.6198435,37.4190356,parking,50,,6.75,19.57,4309
1029616463,55.7622014,37.5467217,parking,50,,9.94,4.47,856
1029871329,55.8792364,37.6928233,parking,50,,7.01,14.51,1359
1029976919,55.7902743,37.6707348,parking,50,,9.12,5.09,755
1030042194,55.8023626,37.7065372,parking,50,,7.71,7.61,878
1030044608,55.7459587,37.7867784,parking,50,,7.71,10.66,1285
1030398333,55.5661827,37.4995112,parking,50,,5.74,22.34,4117
1030398347,55.5655084,37.4976179,parking,50,,5.74,22.45,4162
1030605659,55.7624138,37.7518938,parking,50,,9.08,8.45,2064
1031132003,55.7739819,37.6840691,parking,50,,9.94,4.64,740
1031313053,55.9307367,37.8876587,parking,50,,4.46,25.75,5164
1031313057,55.9310868,37.8857135,parking,50,,4.46,25.7,5042
1031313065,55.9291319,37.8898974,parking,50,,4.46,25.71,5315
1031700905,55.9141171,37.8053252,parking,50,,5.74,21.16,2107
1031929881,55.9137319,37.8290856,parking,50,,5.74,21.98,2627
1031999286,55.907088,37.8301075,parking,50,,5.74,21.44,3289
1031999287,55.9073547,37.8297512,parking,50,,5.74,21.45,3252
1031999297,55.9080393,37.829133,parking,50,,5.74,21.48,3167
1031999318,55.9093373,37.8279046,parking,50,,5.74,21.55,3004
1031999348,55.9121362,37.8267354,parking,50,,5.74,21.75,2697
1031999406,55.9099504,37.8273873,parking,50,,5.74,21.59,2928
1032014025,55.6245991,37.5086974,parking,50,,6.75,16.1,2202
1032014027,55.6216109,37.5057295,parking,50,,6.75,16.48,2464
1032014028,55.6226666,37.5014816,parking,50,,6.75,16.49,2298
1032025407,55.9152851,37.7839644,parking,50,,5.74,20.56,2367
1032025437,55.9161166,37.7893952,parking,50,,5.74,20.81,2116
1032025440,55.9156581,37.7885252,parking,50,,5.74,20.74,2186
1032025442,55.9155167,37.7881037,parking,50,,5.74,20.72,2212
1032050458,55.6723194,37.4664267,parking,50,,7.01,13.25,1413
1032479557,55.7131291,37.9448301,parking,50,,5.74,21.05,3677
1032479558,55.7125092,37.9470082,parking,50,,5.74,21.2,3818
1032479569,55.7131004,37.9417997,parking,50,,5.74,20.86,3488
1032787530,55.9140074,37.7814793,parking,50,,5.74,20.36,2571
1032793002,55.9220357,37.7875185,parking,50,,5.74,21.32,1634
1032838515,55.9419104,37.7756081,parking,50,,5.74,22.93,2070
1032838516,55.9422346,37.775254,parking,50,,5.74,22.96,2107
1032848702,55.9431376,37.7760036,parking,50,,5.74,23.07,2117
1032888469,55.9305421,37.7382175,parking,50,,5.74,20.85,3291
1032925386,55.9152555,37.721044,parking,50,,6.75,18.88,1803
1032925387,55.9147474,37.7200759,parking,50,,6.75,18.8,1784
1032925398,55.9141753,37.718961,parking,50,,6.75,18.72,1767
1033609212,55.738975,37.7363529,parking,50,,7.71,7.68,902
1033735805,55.9140077,37.7169869,parking,50,,6.75,18.66,1824
1033735820,55.9130015,37.7146097,parking,50,,6.75,18.51,1836
1033735837,55.9127832,37.7164722,parking,50,,6.75,18.52,1740
1033839319,55.8899823,37.529295,parking,50,,5.74,15.9,1077
1033858296,55.8361385,37.9374397,parking,50,,5.74,21.91,4757
1034748325,55.8108554,37.5680081,parking,50,,9.12,6.85,1090
1035585629,55.7506496,37.7721205,parking,50,,7.71,9.7,1107
1036095545,55.6285738,37.6673839,parking,50,,8.25,14.49,3035
1036095546,55.6259522,37.6686919,parking,50,,8.25,14.79,3333
1036205455,55.8218612,37.5715382,parking,50,,6.35,7.88,645
1036623886,55.7913504,37.6742928,parking,50,,7.51,5.32,537
1036988527,55.8663033,37.5827305,parking,50,,7.01,12.48,1074
1038098883,55.6241699,37.749413,parking,50,,6.75,16.82,5382
1038689075,55.6432369,37.3985021,mall,150,"Торговый центр ""Небо""",28.35,18.56,4427
1039160154,55.8035759,37.4854474,parking,50,,9.08,9.81,1657
1040483566,55.8858441,37.5569722,parking,50,,7.01,14.94,829
1040568114,55.9000318,37.386456,parking,50,,4.02,21.57,608
1041731904,55.6126086,37.6115252,parking,50,,6.75,15.93,1549
1041737969,55.6637585,37.7094139,parking,50,,9.08,11.75,3269
1041954754,55.6751723,37.769884,parking,50,,7.01,13.1,725
1046021631,55.6870557,37.8524668,parking,50,,5.74,16.59,1059
1046074629,55.6634167,37.9352154,parking,50,,5.74,22.41,2194
1046074635,55.6670578,37.9291896,parking,50,,5.74,21.89,2161
1046890840,55.8136481,37.5818138,parking,50,,7.51,6.8,526
1049525340,55.8738617,37.3900503,parking,50,,6.75,19.34,2087
1049525341,55.8737268,37.3898913,parking,50,,6.75,19.33,2104
1049525342,55.873588,37.3904321,parking,50,,6.75,19.3,2110
1049525359,55.8722573,37.3906202,parking,50,,6.75,19.19,2052
1049564753,55.8960321,37.4225476,parking,50,,5.74,19.78,927
1049606788,55.9013689,37.4044197,parking,50,,4.02,20.95,503
1049674308,55.6224179,37.6560291,parking,50,,6.75,15.03,2798
1049873965,55.8173076,37.6288868,parking,50,,9.12,6.88,761
1049873966,55.8171758,37.6283661,parking,50,,9.12,6.86,792
1050278313,55.9094187,37.4563036,parking,50,,6.75,19.82,2493
1050974481,55.899275,37.4745463,parking,50,,6.75,18.28,2389
1050974482,55.8994,37.4740895,parking,50,,6.75,18.3,2408
1052203150,55.8722892,37.6969649,parking,50,,7.01,13.88,1359
1052315747,55.9050647,37.4663746,parking,50,,6.75,19.09,3050
1052392410,55.6199627,37.6623734,parking,50,,6.75,15.37,2790
1053046811,55.8186965,37.4902007,parking,50,,9.08,10.59,1539
1053567650,55.8148449,37.6622828,parking,50,,7.71,7.14,1159
1053567653,55.8139472,37.6614508,parking,50,,7.71,7.03,1050
1053679836,55.8231483,37.4201722,parking,50,,8.25,14.42,2018
1054377521,55.725086,37.6164848,parking,50,,8.19,3.42,528
1056300601,55.8115435,37.5601295,parking,50,,7.71,7.16,1421
1057836925,55.9056857,37.4532682,parking,50,,6.75,19.56,2239
1057836926,55.90551,37.4533903,parking,50,,6.75,19.54,2245
1058005526,55.8882753,37.4288209,parking,50,,6.75,18.86,1644
1058090185,55.8923622,37.4113146,parking,50,,4.72,19.9,583
1058249435,55.8217429,37.7336894,parking,50,,7.71,10.33,926
1058249436,55.8214934,37.7337449,parking,50,,7.71,10.31,909
1058551248,55.9194077,37.3852117,parking,50,,4.02,23.26,629
1058551249,55.9189542,37.3875211,parking,50,,4.02,23.13,503
1058658256,55.6698968,37.7464386,parking,50,,7.01,12.52,955
1059388947,55.9376817,37.3504552,parking,50,,4.46,26.2,3183
1059488359,55.5618283,37.7036418,parking,50,,5.74,22.24,2269
1059618918,55.7789051,37.7232796,parking,50,,7.71,7.11,1212
1059618920,55.7814455,37.7290914,parking,50,,7.71,7.55,765
1059644016,55.8581927,37.4438519,parking,50,,5.74,15.72,949
1059874307,55.856823,37.4474352,parking,50,,5.74,15.46,935
1059942313,55.7921337,37.6576153,parking,50,,9.94,4.76,1182
1060564647,55.5594088,37.7020983,parking,50,,5.74,22.48,2547
1060564674,55.5606971,37.7048109,parking,50,,5.74,22.38,2390
1060564678,55.5602201,37.7052922,parking,50,,5.74,22.44,2441
1060564707,55.5619952,37.7049095,parking,50,,5.74,22.24,2245
1060962022,55.8904367,37.3526371,parking,50,,4.88,22.3,1435
1061061974,55.932457,37.3790918,parking,50,,4.88,24.64,1343
1061069770,55.5594412,37.7049402,parking,50,,5.74,22.52,2529
1061069773,55.55912,37.7038047,parking,50,,5.74,22.53,2569
1061069774,55.5587286,37.7025448,parking,50,,5.74,22.56,2619
1061069789,55.5597523,37.7007,parking,50,,5.74,22.42,2521
1062384909,55.8652566,37.369759,parking,50,,6.75,19.68,2414
1062573073,55.5564615,37.6907379,mall,150,,24.1,22.64,3032
1062658858,55.6530024,37.4059107,parking,50,,6.75,17.49,4012
1062920158,55.6478151,37.5405186,parking,50,,8.25,12.94,2520
1063750155,55.7073297,37.8691121,parking,50,,5.74,16.66,1380
1064034901,55.5837161,37.7399013,parking,50,,5.74,20.62,2083
1065108614,55.559665,37.8195965,parking,50,,4.46,25.23,7515
1065307537,55.6328454,37.6827081,parking,50,,8.25,14.27,3229
1065477670,55.5573857,37.8213671,parking,50,,4.46,25.51,7707
1065532590,55.5842746,37.8923011,parking,50,,4.46,25.71,7671
1065532615,55.5861602,37.8900951,parking,50,,4.46,25.46,7479
1065898772,55.6401627,37.8483244,parking,50,,6.75,19.36,3475
1065898774,55.6390604,37.8458729,parking,50,,6.75,19.33,3650
1065953771,55.6408106,37.5898031,parking,50,,8.25,12.9,3136
1065953772,55.6413249,37.5895676,parking,50,,8.25,12.85,3112
1066025172,55.7009393,37.6757274,parking,50,,7.71,7.11,855
1066225668,55.6742895,37.5525657,parking,50,,7.71,9.93,829
1066957125,55.740277,37.7008073,parking,50,,9.12,5.5,906
1067000940,55.7445685,37.7015048,parking,50,,7.51,5.42,614
1067000969,55.7398825,37.7054643,parking,50,,9.12,5.79,981
1067135868,55.6418927,37.8568555,parking,50,,6.75,19.64,3110
1067135869,55.6423503,37.8561093,parking,50,,6.75,19.57,3075
1067160466,55.8694602,37.483414,parking,50,,5.74,15.16,978
1067160467,55.8692762,37.483714,parking,50,,5.74,15.13,1000
1067188129,55.6638426,37.8494018,parking,50,,5.74,17.78,1424
1067285143,55.7039295,37.8270288,parking,50,,8.25,14.34,1788
1067903550,55.8068097,37.5742245,parking,50,,9.12,6.28,1310
1068256198,55.7006914,37.907626,parking,50,,6.75,19.18,2092
1068256223,55.6997808,37.909255,parking,50,,6.75,19.31,2235
1068281031,55.8214145,37.5728371,parking,50,,6.35,7.81,551
1068330954,55.8627166,37.3969164,parking,50,,5.74,18.19,1242
1068489827,55.7049171,37.9045056,parking,50,,6.75,18.85,1613
1068489854,55.70337,37.9060561,parking,50,,6.75,19.0,1804
1068489882,55.7013457,37.9058084,parking,50,,6.75,19.05,1963
1068489927,55.7027466,37.9081353,parking,50,,6.75,19.14,1944
1068556562,55.7000532,37.8897819,parking,50,,6.75,18.15,1692
1068556573,55.6991131,37.8908908,parking,50,,6.75,18.25,1805
1069330452,55.6824823,37.7413918,parking,50,,7.71,11.26,1331
1069374033,55.7517815,37.9467054,parking,50,,5.74,20.62,3403
1069600171,55.6997667,37.8849831,parking,50,,6.75,17.88,1711
1069615644,55.6794289,37.8573501,mall,150,,19.84,17.27,604
1069876098,55.6842967,37.8979461,parking,50,,6.75,19.29,2429
1070377109,55.8494297,37.6213881,parking,50,,7.71,10.41,1322
1070421653,55.8570626,37.3910492,parking,50,,6.75,18.07,1576
1071127978,55.566367,37.4893194,parking,50,,5.74,22.54,3983
1071314889,55.6799906,37.7502992,parking,50,,7.71,11.85,728
1071630956,55.595314,37.5863054,parking,50,,5.74,17.95,939
1072076238,55.7221139,37.6641882,parking,50,,9.94,4.76,893
1073670123,55.7221069,37.6784349,parking,50,,9.12,5.36,724
1073884735,55.7663934,37.6978763,parking,50,,10.73,5.18,1884
1073884736,55.7665076,37.6973668,parking,50,,10.73,5.15,1850
1073984716,55.8536433,37.4290031,parking,50,,4.72,16.03,666
1074609630,55.8370533,37.4579847,parking,50,,7.01,13.45,1315
1075560035,55.8240775,37.5599411,parking,50,,7.71,8.4,1388
1075771928,55.8242983,37.5635913,parking,50,,7.71,8.32,1205
1075860441,55.6804987,37.7574542,parking,50,,5.77,12.13,585
1075874876,55.7557891,37.548311,parking,50,,8.19,4.32,598
1076179892,55.7453576,37.5779979,parking,50,,9.45,2.72,506
1076289663,55.625761,37.6108093,parking,50,,8.25,14.47,2945
1076435193,55.7738788,37.5786274,parking,50,,9.94,3.15,772
1076435196,55.7737407,37.5781125,parking,50,,9.94,3.16,737
1076591661,55.9319795,37.5473868,parking,50,,5.74,20.07,1737
1077751588,55.8514151,37.6217923,parking,50,,7.71,10.64,1315
1077751589,55.8514799,37.6241153,parking,50,,7.71,10.65,1174
1077751591,55.8525344,37.6256799,parking,50,,7.71,10.77,1109
1077798886,55.7381003,37.5860111,parking,50,,9.45,2.78,597
1077947251,55.7183382,37.380314,parking,50,,5.74,15.41,720
1078027890,55.7196877,37.3819108,parking,50,,5.74,15.27,898
1078143586,55.6104491,37.625654,parking,50,,5.74,16.17,1267
1078328162,55.7646976,37.4095779,parking,50,,8.25,13.03,2394
1078414842,55.8220728,37.8234065,parking,50,,8.25,14.84,1819
1078420577,55.734382,37.4008118,parking,50,,7.01,13.76,1185
1078657646,55.8716242,37.5152886,parking,50,,7.01,14.37,1129
1078657659,55.8754309,37.520908,parking,50,,7.01,14.6,1059
1078901028,55.6739946,37.7714374,parking,50,,7.01,13.26,834
1079436428,55.9276526,37.7267775,parking,50,,5.74,20.29,3005
1079705985,55.9146369,37.7981967,parking,50,,5.74,20.97,2090
1079705993,55.9155251,37.7991217,parking,50,,5.74,21.08,1982
1079723631,55.911559,37.8295047,parking,50,,5.74,21.81,2842
1080071055,55.8485723,37.4800566,parking,50,,5.77,13.42,517
1080115516,55.8866749,37.4929137,parking,50,,5.74,16.5,1147
1080119211,55.7612254,37.4177347,parking,50,,8.25,12.5,2036
1080119223,55.7581531,37.4180094,parking,50,,8.25,12.47,1702
1080769020,55.7139057,37.5569927,parking,50,,7.51,6.0,532
1080769022,55.7142695,37.557717,parking,50,,7.51,5.94,514
1080769023,55.712706,37.5574237,parking,50,,7.51,6.08,667
1081838754,55.8511824,37.6257742,parking,50,,7.71,10.62,1066
1081839291,55.8510312,37.6249816,parking,50,,7.71,10.6,1112
1082006624,55.8516011,37.6255821,parking,50,,7.71,10.67,1087
1082125315,55.8534683,37.6254863,parking,50,,7.71,10.87,1157
1082397741,55.635204,37.6838949,parking,50,,8.25,14.04,3110
1082971165,55.643081,37.586647,parking,50,,8.25,12.68,3145
1083430407,55.6598638,37.6172783,parking,50,,7.71,10.67,708
1083573801,55.8041464,37.4260231,parking,50,,8.25,13.11,2721
1083775061,55.8561967,37.4405423,parking,50,,4.72,15.7,672
1084094662,55.8129573,37.8098282,parking,50,,8.25,13.61,2000
1084204963,55.6111676,37.712537,parking,50,,6.75,17.15,3245
1084307332,55.8588859,37.5936995,parking,50,,7.71,11.56,823
1085420038,55.8550771,37.4262029,parking,50,,5.74,16.26,884
1087211076,55.8683444,37.5656928,parking,50,,7.01,12.92,776
1089702566,55.6775576,37.5062462,parking,50,,7.71,11.14,1444
1090605241,55.9208747,37.3750563,parking,50,,4.88,23.78,1250
1092118143,55.799481,37.5149806,parking,50,,7.71,8.03,836
1092197736,55.6284567,37.5899229,parking,50,,8.25,14.26,3283
1093338084,55.9141088,37.7141547,parking,50,,6.75,18.61,1946
1093518820,55.7952887,37.5418095,parking,50,,9.12,6.45,1359
1093797229,55.931833,37.776399,parking,50,,5.74,21.95,1778
1094339482,55.7953447,37.5103418,parking,50,,7.71,8.01,1114
1094425154,55.6226736,37.58472,parking,50,,8.25,14.94,2774
1094613126,55.5944827,37.5937615,parking,50,,4.72,18.0,526
1095615043,55.6866925,37.5261555,parking,50,,9.08,9.57,1520
1095615050,55.6864747,37.527355,parking,50,,7.71,9.55,1441
1095615076,55.6878138,37.5289791,parking,50,,7.71,9.37,1381
1095615098,55.6874435,37.5289047,parking,50,,7.71,9.4,1373
1095689618,55.6622899,37.5578412,parking,50,,7.71,11.04,1384
1095888845,55.6688231,37.5552223,parking,50,,7.71,10.42,897
1095888846,55.663515,37.560997,parking,50,,7.71,10.85,1462
1095946921,55.8832292,37.9412151,parking,50,,5.74,24.7,9974
1095947070,55.8873986,37.9384163,parking,50,,5.74,24.83,9751
1095947097,55.8836249,37.9406619,parking,50,,5.74,24.7,10019
1095947098,55.8839559,37.9405304,parking,50,,5.74,24.71,10056
1095947099,55.8842841,37.9404013,parking,50,,5.74,24.73,10039
1095947103,55.8846238,37.9402698,parking,50,,5.74,24.74,10012
1095947116,55.8877428,37.9361375,parking,50,,5.74,24.74,9609
1095947119,55.883025,37.9392515,parking,50,,5.74,24.59,9955
1095947121,55.8829565,37.9366613,parking,50,,5.74,24.45,9926
1096207913,55.8870999,37.9392842,parking,50,,5.74,24.85,9814
1096207915,55.8858712,37.9397334,parking,50,,5.74,24.8,9910
1096207940,55.8849638,37.9401496,parking,50,,5.74,24.76,9986
1096306476,55.6887351,37.5521469,parking,50,,6.35,8.5,557
1096306490,55.6892072,37.5525746,parking,50,,6.35,8.44,614
1097146356,55.6686416,37.4940622,parking,50,,7.01,12.39,717
1097298005,55.912921,37.718348,parking,50,,6.75,18.58,1677
1097393379,55.606827,37.596277,parking,50,,5.74,16.62,869
1098232698,55.7321078,37.4677321,parking,50,,7.71,9.73,1320
1098242338,55.6594951,37.751547,parking,50,,8.25,13.62,1804
1098344338,55.8013845,37.4832677,parking,50,,7.71,9.8,1499
1099350266,55.7598,37.4051027,parking,50,,8.25,13.28,1917
1100796865,55.7097649,37.7893362,parking,50,,6.35,11.93,686
1100858323,55.6027331,37.3704684,parking,50,,5.74,23.0,7068
1101010329,55.9291218,37.8510407,parking,50,,5.74,24.17,2910
1101462582,55.67394,37.7264551,parking,50,,9.08,11.38,2004
1101462598,55.6749044,37.7268876,parking,50,,9.08,11.32,1972
1102617246,55.7671407,37.4125816,parking,50,,8.25,12.87,2573
1102674099,55.8059578,37.7254529,parking,50,,7.71,8.77,1123
1103145824,55.7912802,37.6666306,parking,50,,9.12,5.01,1013
1103661271,55.7587238,37.4051602,parking,50,,8.25,13.28,1800
1103661272,55.7578929,37.4052755,parking,50,,8.25,13.27,1710
1103661273,55.7575971,37.4053105,parking,50,,8.25,13.27,1677
1104578037,55.8455445,37.4332464,parking,50,,4.72,15.23,607
1104583648,55.8457941,37.4357928,parking,50,,4.72,15.13,522
1104945330,55.8866708,37.5635471,parking,50,,7.01,14.93,988
1104945348,55.8842635,37.5661719,parking,50,,7.01,14.64,837
1105534755,55.5764997,37.6600971,parking,50,,5.74,20.12,2520
1105747892,55.6348068,37.586546,parking,50,,8.25,13.59,3739
1105798518,55.5868347,37.6546901,parking,50,,6.75,18.93,1950
1106785420,55.5559679,37.4957825,parking,50,,5.74,23.49,4953
1106785423,55.5564833,37.4960792,parking,50,,5.74,23.43,4921
1106785424,55.5570526,37.4962184,parking,50,,5.74,23.37,4897
1106785426,55.5560882,37.493707,parking,50,,5.74,23.52,5076
1106785427,55.5573304,37.4926138,parking,50,,5.74,23.41,5005
1106920356,55.8027522,37.5728743,parking,50,,9.12,5.91,975
1107683259,55.6348872,37.4541382,parking,50,,6.75,16.89,1589
1107683260,55.6345312,37.4530587,parking,50,,6.75,16.96,1661
1107683270,55.6903107,37.4123847,parking,50,,8.25,14.75,1651
1107683275,55.688952,37.4110286,parking,50,,8.25,14.9,1623
1109966248,55.8129848,37.5679904,parking,50,,7.71,7.07,926
1110271517,55.7408928,37.5533925,parking,50,,9.94,4.33,951
1110608078,55.9140929,37.5753367,parking,50,,5.74,17.8,843
1110608079,55.9119849,37.5715184,parking,50,,5.74,17.6,1031
1110608080,55.912537,37.5740472,parking,50,,5.74,17.64,880
1111054624,55.8896718,37.3627233,parking,50,,4.88,21.78,1426
1111113130,55.8251468,37.817795,parking,50,,8.25,14.72,2304
1111114448,55.8195005,37.8302398,parking,50,,5.74,15.08,1342
1111114449,55.8184068,37.8303109,parking,50,,5.74,15.03,1236
1113291331,55.7517848,37.8201999,mall,150,Киргизия,34.65,12.7,1700
1113560225,55.7654898,37.7970356,parking,50,,9.08,11.3,2037
1116377836,55.6367341,37.5958855,parking,50,,8.25,13.31,3186
1117880051,55.6935984,37.527716,parking,50,,9.08,8.91,1629
1117889239,55.6715911,37.5942406,parking,50,,7.71,9.47,725
1118288661,55.8120832,37.587879,parking,50,,9.12,6.52,857
1118913178,55.7945179,37.7336576,parking,50,,7.71,8.46,1031
1118975518,55.6842564,37.5889318,parking,50,,6.35,8.15,526
1119881655,55.6577427,37.872593,parking,50,,5.74,19.36,1228
1119977593,55.8427657,37.5323661,parking,50,,9.08,11.03,2253
1120025648,55.7917477,37.6253521,parking,50,,8.19,4.03,515
1120068363,55.6567594,37.8745,parking,50,,5.74,19.52,1353
1120104252,55.6663067,37.7161059,parking,50,,9.08,11.72,2829
1120376485,55.8239863,37.6487913,parking,50,,7.71,7.83,732
1120761786,55.7821323,37.5564304,parking,50,,9.94,4.8,1226
1121492322,55.7752986,37.5057132,parking,50,,7.71,7.31,881
1121651692,55.9461057,37.5399697,parking,50,,5.74,21.7,2250
1121651693,55.9459506,37.5397999,parking,50,,5.74,21.69,2230
1121651694,55.9462865,37.5407128,parking,50,,5.74,21.71,2293
1121658083,55.9324489,37.5479882,parking,50,,5.74,20.11,1784
1121700253,55.6816963,37.8999071,parking,50,,6.75,19.52,2328
1122059788,55.9457097,37.540922,parking,50,,5.74,21.65,2248
1122059789,55.9456842,37.5403082,parking,50,,5.74,21.65,2223
1122241928,55.7663328,37.864919,parking,50,,5.74,15.54,875
1122274421,55.7698036,37.8547451,parking,50,,5.77,14.94,622
1122274423,55.7696354,37.8544449,parking,50,,5.77,14.92,613
1122656403,55.796381,37.7352681,parking,50,,7.71,8.65,1208
1122673088,55.7945875,37.7251062,parking,50,,7.71,8.0,829
1122865191,55.6778736,37.615606,parking,50,,7.71,8.67,1091
1122865272,55.6836712,37.6191582,parking,50,,7.71,8.02,1135
1122924227,55.7925482,37.7361624,parking,50,,7.71,8.48,779
1122949838,55.8801088,37.7321348,parking,50,,5.74,15.57,957
1123280019,55.6893156,37.5792914,parking,50,,6.35,7.77,506
1123850119,55.9219109,37.8701124,parking,50,,5.74,24.3,4250
1124018407,55.8139293,37.591004,parking,50,,9.12,6.67,859
1124103244,55.6842995,37.5904048,parking,50,,6.35,8.13,526
1124133469,55.6666304,37.5602231,parking,50,,7.71,10.54,1266
1124598010,55.7816979,37.7169898,parking,50,,9.12,6.87,716
1124774657,55.7862,37.5973017,parking,50,,9.94,3.6,753
1124939781,55.9404821,37.5522985,parking,50,,5.74,20.93,2371
1125357683,55.9246545,37.7301017,parking,50,,5.74,20.05,2646
1125390755,55.8153357,37.5309426,parking,50,,7.71,8.54,798
1125408507,55.9207639,37.7148227,parking,50,,6.75,19.33,2527
1125571897,55.9394424,37.5095643,parking,50,,4.88,21.5,1196
1125779581,55.8358002,37.6363905,parking,50,,6.35,8.98,515
1125867430,55.8560653,37.6200989,parking,50,,9.08,11.15,1585
1126339546,55.8295978,37.6190863,parking,50,,7.71,8.21,1048
1126663020,55.7626513,37.4042762,parking,50,,8.25,13.35,2101
1126792565,55.764545,37.407057,parking,50,,8.25,13.19,2239
1126981948,55.8011901,37.4833594,parking,50,,7.71,9.78,1478
1127978546,55.9340507,37.5516975,parking,50,,5.74,20.24,2050
1128016291,55.8773458,37.5208097,parking,50,,7.01,14.8,911
1129035230,55.8049321,37.7399379,parking,50,,9.08,9.42,1619
1130649991,55.6890074,37.5994728,parking,50,,6.35,7.51,634
1130723814,55.8103344,37.3957128,parking,50,,5.74,15.12,742
1130832964,55.8085085,37.3945977,parking,50,,4.72,15.11,699
1131091146,55.7606468,37.7413476,parking,50,,7.71,7.78,1469
1131140555,55.9218864,37.3723934,parking,50,,4.88,23.98,1423
1131140562,55.9212429,37.3738737,parking,50,,4.88,23.86,1325
1131158320,55.7352717,37.8260434,parking,50,,8.25,13.26,2079
1131819002,55.7836394,37.3572559,parking,50,,6.75,16.56,2086
1132491005,55.8791958,37.6466958,parking,50,,5.77,13.84,562
1132693512,55.8236125,37.8264525,parking,50,,6.75,15.09,1857
1134331215,55.8196478,37.5883207,parking,50,,6.35,7.33,571
1134713870,55.9323569,37.5435467,parking,50,,5.74,20.16,1511
1135925545,55.8053983,37.7808373,mall,150,Парковый,38.12,11.62,3425
1136505656,55.8819317,37.4925315,parking,50,,5.74,16.05,758
1136692080,55.6856584,37.5734686,parking,50,,6.35,8.27,583
1136999764,55.9040889,37.5401818,parking,50,,6.75,17.18,2670
1137211718,55.8945325,37.4528754,parking,50,,6.75,18.53,2448
1139167555,55.903902,37.7118866,parking,50,,5.74,17.5,1467
1143905324,55.8793632,37.5248867,parking,50,,7.01,14.9,853
1144914051,55.7964206,37.3953978,parking,50,,8.25,14.59,1696
1145055670,55.6575185,37.6068756,parking,50,,7.71,10.95,1356
1145641316,55.6433258,37.6039722,parking,50,,8.25,12.53,2299
1145641373,55.6447266,37.5996995,parking,50,,8.25,12.4,2381
1145641374,55.6444508,37.5996297,parking,50,,8.25,12.43,2404
1146465153,55.6478094,37.6013451,parking,50,,8.25,12.05,2087
1146465195,55.6426177,37.5978082,parking,50,,8.25,12.64,2626
1146802204,55.7238679,37.3951882,parking,50,,7.01,14.35,870
1146891055,55.6510176,37.5978582,parking,50,,9.08,11.71,2099
1147329273,55.826565,37.8289815,parking,50,,6.75,15.4,2086
1147819011,55.8105209,37.4685123,parking,50,,7.71,11.12,755
1147819012,55.8103613,37.4688844,parking,50,,7.71,11.09,781
1147819013,55.8104747,37.4690163,parking,50,,7.71,11.09,772
1147822745,55.9126389,37.569476,parking,50,,5.74,17.69,1164
1148135366,55.9364414,37.559833,parking,50,,5.74,20.4,2611
1148249247,55.8170953,37.5889793,parking,50,,6.35,7.04,602
1149642086,55.82318,37.3654068,parking,50,,5.74,17.44,1299
1149834619,55.9175262,37.5841999,parking,50,,5.74,18.1,714
1150186270,55.9152679,37.5808731,parking,50,,4.72,17.88,614
1150191506,55.9156979,37.5758238,parking,50,,5.74,17.97,894
1150356165,55.7749468,37.5356258,parking,50,,9.12,5.54,1290
1150672961,55.9176118,37.5823779,parking,50,,5.74,18.12,768
1150672962,55.918254,37.5833516,parking,50,,5.74,18.19,808
1150672963,55.9181709,37.584326,parking,50,,5.74,18.17,779
1150893709,55.6729142,37.6212624,parking,50,,6.35,9.22,641
1151175520,55.9094456,37.5402996,mall,150,"Торгово–развлекательный центр ""Рио""",28.35,17.75,2544
1151192129,55.8197134,37.5903818,parking,50,,6.35,7.3,697
1151442170,55.8099968,37.4758023,parking,50,,7.71,10.71,1057
1151604311,55.8016403,37.4827437,parking,50,,9.08,9.84,1540
1151604313,55.8037092,37.4862045,parking,50,,9.08,9.78,1653
1152009046,55.8600449,37.4479949,parking,50,,5.74,15.69,1250
1152250984,55.7267461,37.6811526,parking,50,,7.51,5.14,589
1152350331,55.9173032,37.5840404,parking,50,,4.72,18.08,694
1152362231,55.9164337,37.5838953,parking,50,,4.72,17.98,608
1152363458,55.915714,37.5846534,parking,50,,4.72,17.9,516
1152363461,55.9163011,37.5820584,parking,50,,4.72,17.98,653
1152363462,55.9165047,37.5836994,parking,50,,4.72,17.99,621
1152363648,55.9156012,37.5838301,parking,50,,4.72,17.89,528
1152376366,55.9183661,37.5707482,parking,50,,5.74,18.31,1322
1152376367,55.9178041,37.5705488,parking,50,,5.74,18.25,1297
1152376973,55.9182409,37.5694929,parking,50,,5.74,18.31,1379
1152394580,55.8180799,37.834816,parking,50,,5.74,15.26,1075
1152398799,55.7171003,37.8617064,parking,50,,6.75,15.89,1552
1152409590,55.8395342,37.9483893,parking,50,,5.74,22.69,5118
1152427523,55.8175401,37.5908462,parking,50,,7.71,7.06,710
1152427524,55.8170418,37.5913537,parking,50,,7.71,7.0,749
1152445485,55.9162251,37.5617432,parking,50,,6.75,18.17,1722
1153041467,55.7124419,37.8548373,parking,50,,6.75,15.63,1770
1153474375,55.8995212,37.5178372,parking,50,,6.75,17.15,1649
1153726487,55.7002361,37.3717975,parking,50,,5.74,16.57,774
1153904516,55.6307639,37.8506753,parking,50,,5.74,20.18,4236
1153904517,55.6320294,37.8495242,parking,50,,5.74,20.03,4217
1153905069,55.6744522,37.8710505,parking,50,,4.72,18.29,583
1154321864,55.7281277,37.4308984,parking,50,,7.01,12.07,957
1154493789,55.9221349,37.5166897,parking,50,,5.74,19.53,819
1155006054,55.6795009,37.678106,parking,50,,7.71,9.3,827
1155006055,55.6791108,37.6784242,parking,50,,7.71,9.35,875
1155117111,55.8587794,37.5073043,parking,50,,7.01,13.36,952
1155623279,55.7801691,37.5273256,parking,50,,9.12,6.25,1279
1155775662,55.8260924,37.8238446,parking,50,,6.75,15.09,2177
1155775663,55.8263714,37.8201301,parking,50,,8.25,14.91,2326
1155775664,55.8260724,37.8214698,parking,50,,8.25,14.97,2252
1155775665,55.8252459,37.8204973,parking,50,,8.25,14.87,2210
1155775666,55.8245439,37.8199722,parking,50,,8.25,14.8,2167
1155777587,55.8256703,37.8260408,parking,50,,6.75,15.19,2070
1155777588,55.8254763,37.8261483,parking,50,,6.75,15.18,2048
1155777589,55.8254814,37.8259419,parking,50,,6.75,15.17,2054
1155779790,55.8271997,37.8284357,parking,50,,6.75,15.4,2164
1155779791,55.8270923,37.8258555,parking,50,,6.75,15.26,2217
1155779792,55.8265246,37.8258898,parking,50,,6.75,15.23,2159
1155779793,55.8262953,37.8263623,parking,50,,6.75,15.24,2124
1155779794,55.8257799,37.8269624,parking,50,,6.75,15.24,2056
1155779795,55.8254937,37.827983,parking,50,,6.75,15.28,2000
1155781484,55.8279147,37.8271639,parking,50,,6.75,15.38,2268
1155900594,55.7703172,37.5998512,parking,50,,9.45,1.95,596
1155953448,55.8238888,37.8315249,parking,50,,6.75,15.38,1752
1155953449,55.8239186,37.8299169,parking,50,,6.75,15.3,1791
1155953450,55.823447,37.8301643,parking,50,,6.75,15.29,1737
1155953451,55.8234458,37.829719,parking,50,,6.75,15.26,1748
1155954731,55.8227319,37.8272597,parking,50,,6.75,15.09,1746
1155954732,55.8232251,37.826829,parking,50,,6.75,15.09,1807
1155954733,55.822857,37.8262402,parking,50,,6.75,15.04,1791
1155955522,55.8217568,37.8293355,parking,50,,6.75,15.15,1589
1155955523,55.8217554,37.8284792,parking,50,,6.75,15.1,1614
1155955823,55.8206679,37.8282827,parking,50,,6.75,15.03,1517
1155955906,55.8201105,37.829215,parking,50,,5.74,15.06,1433
1155955907,55.8207361,37.830337,parking,50,,5.74,15.15,1460
1155955908,55.8207183,37.8292397,parking,50,,5.74,15.09,1491
1155956301,55.8196145,37.8277575,parking,50,,7.01,14.95,1437
1155956556,55.8196596,37.8311058,parking,50,,5.74,15.14,1331
1155956557,55.819798,37.8307379,parking,50,,5.74,15.12,1356
1155956558,55.8197134,37.8305292,parking,50,,5.74,15.11,1354
1155957162,55.8198314,37.8336132,parking,50,,5.74,15.28,1283
1155957163,55.8198225,37.8330708,parking,50,,5.74,15.25,1295
1155957164,55.8201365,37.8323284,parking,50,,5.74,15.23,1346
1155957165,55.8201766,37.8311389,parking,50,,5.74,15.17,1381
1155957166,55.8197734,37.8318635,parking,50,,5.74,15.18,1321
1155958017,55.817779,37.8332909,parking,50,,5.74,15.16,1083
1155958018,55.8177522,37.8321998,parking,50,,5.74,15.1,1113
1155958019,55.8178233,37.830565,parking,50,,5.74,15.01,1173
1155958021,55.8182661,37.8340084,parking,50,,5.74,15.23,1113
1155958340,55.8172108,37.8297526,parking,50,,7.01,14.94,1148
1155958341,55.8176882,37.8293783,parking,50,,7.01,14.94,1205
1155958342,55.8180758,37.8308748,parking,50,,5.74,15.04,1186
1155959687,55.8206839,37.8245071,parking,50,,8.25,14.83,1655
1155960197,55.8176216,37.8280458,parking,50,,7.01,14.86,1251
1155960880,55.8033198,37.835291,parking,50,,7.01,14.62,733
1155960985,55.7906847,37.8088789,parking,50,,8.25,12.59,2116
1155974072,55.8736004,37.6292541,parking,50,,7.01,13.12,1146
1155974931,55.8527042,37.6342856,parking,50,,6.35,10.83,632
1156027521,55.765911,37.5342957,parking,50,,9.12,5.31,1143
1156270145,55.7348995,37.4959456,parking,50,,7.71,7.94,1098
1157167007,55.815097,37.5653599,parking,50,,7.71,7.35,951
1157262678,55.6823912,37.7633813,parking,50,,7.01,12.26,854
1157740631,55.8593074,37.4416976,parking,50,,5.74,15.9,1025
1157740632,55.8593637,37.4422271,parking,50,,5.74,15.88,1040
1157997347,55.7585805,37.7610517,parking,50,,9.08,9.0,2014
1158107813,55.883194,37.425541,parking,50,,6.75,18.55,1912
1158107814,55.883566,37.4252618,parking,50,,6.75,18.59,1868
1158169271,55.8090593,37.4982061,parking,50,,7.71,9.51,1350
1159032310,55.8252616,37.461432,parking,50,,5.77,12.43,581
1159087770,55.8787898,37.5202389,parking,50,,7.01,14.96,751
1159087771,55.878786,37.5209461,parking,50,,7.01,14.94,773
1159148191,55.7287552,37.4493577,parking,50,,7.71,10.93,1413
1159494278,55.8159629,37.4986081,parking,50,,7.71,9.99,1176
1159764514,55.795249,37.6098862,parking,50,,8.19,4.41,579
1159846116,55.7996371,37.8260801,parking,50,,7.01,13.94,1406
1160072572,55.8027158,37.5950352,parking,50,,9.12,5.4,1111
1160212591,55.9253868,37.6018359,mall,150,Галерея Новые Вешки,28.35,18.88,1769
1160581545,55.8077617,37.6587617,parking,50,,7.51,6.33,549
1160702515,55.8375278,37.5365514,parking,50,,9.08,10.4,2228
1160849896,55.6123761,37.6128868,parking,50,,6.75,15.95,1560
1161053629,55.800292,37.5772407,parking,50,,7.51,5.55,605
1161734418,55.7245293,37.4621389,parking,50,,9.08,10.32,2225
1162101123,55.7320372,37.6287493,parking,50,,9.45,2.74,518
1162647085,55.7348524,37.7643098,parking,50,,7.71,9.49,720
1162787207,55.6291674,37.4269981,parking,50,,6.75,18.45,3258
1163414683,55.6633407,37.5525574,parking,50,,7.71,11.05,1065
1163414684,55.6627839,37.5538313,parking,50,,7.71,11.08,1165
1164439108,55.7211349,37.391483,parking,50,,7.01,14.65,1168
1164836696,55.8054377,37.7797906,parking,50,,9.08,11.56,3378
1165945908,55.7232915,37.372189,parking,50,,5.74,15.76,1225
1167997886,55.6537293,37.4877473,parking,50,,5.77,13.95,625
1168340106,55.6130018,37.7363547,parking,50,,6.75,17.54,3898
1168756308,55.8546828,37.4453244,parking,50,,4.72,15.38,670
1168924931,55.7413495,37.5470854,parking,50,,8.19,4.68,603
1169193286,55.7214852,37.6762913,parking,50,,9.12,5.31,874
1172063503,55.8266509,37.4384029,parking,50,Площадка отстоя областных автобусов,7.01,13.68,866
1172414149,55.6420282,37.7887153,parking,50,,6.75,16.6,4158
1173141211,55.7543665,37.5105521,parking,50,,9.12,6.68,1316
1174575455,55.612211,37.6009279,parking,50,,5.74,16.0,1389
1174934682,55.6995572,37.6217598,parking,50,,9.12,6.26,1069
1176909536,55.5834778,37.6029745,parking,50,,5.74,19.18,1190
1177567794,55.816924,37.5666468,parking,50,,7.71,7.5,819
1177760101,55.9063419,37.8690479,parking,50,,5.74,22.96,4983
1177963640,55.6183105,37.7075684,parking,50,,6.75,16.3,4020
1178036215,55.7871928,37.5595756,parking,50,,7.51,5.02,630
1178109574,55.8040601,37.5638679,parking,50,,9.12,6.32,1284
1178384474,55.5888758,37.547046,parking,50,Стоянка автобусов,6.75,19.08,1916
1181342825,55.6948333,37.5090407,parking,50,,6.35,9.59,521
1182303787,55.6612904,37.4787877,parking,50,,5.77,13.63,549
1183601572,55.8565985,37.5554653,parking,50,,7.71,11.86,942
1183743401,55.8905024,37.5106629,parking,50,,4.72,16.39,683
1185498680,55.6383181,37.3959113,parking,50,,6.75,19.06,4665
1185501373,55.6476761,37.3898641,parking,50,,6.75,18.64,4956
1185501374,55.6477134,37.3900342,parking,50,,6.75,18.63,4945
1185542224,55.82522,37.6254695,parking,50,,7.71,7.74,711
1186316409,55.6307782,37.5184883,parking,50,,6.75,15.22,1955
1186541598,55.851907,37.5326982,parking,50,,7.71,11.92,1332
1186902849,55.6610824,37.4745739,parking,50,,7.01,13.82,766
1186902857,55.6609558,37.4753084,parking,50,,7.01,13.8,737
1186910336,55.6625209,37.4748938,parking,50,,5.77,13.68,672
1186910342,55.663393,37.4751758,parking,50,,5.77,13.6,622
1186910354,55.663162,37.4727144,parking,50,,7.01,13.72,778
1186910358,55.6639432,37.4709484,parking,50,,7.01,13.73,871
1188148005,55.843239,37.4273716,parking,50,,5.74,15.34,1027
1188261571,55.8046474,37.8191592,parking,50,,7.01,13.74,1455
1188535507,55.6370557,37.7460387,parking,50,,6.75,15.47,4318
1188726250,55.8290684,37.8234499,parking,50,,6.75,15.25,2481
1188734254,55.7277218,37.617694,parking,50,,9.94,3.12,809
1188734266,55.7280143,37.6185272,parking,50,,9.94,3.09,819
1189157956,55.6574686,37.9103111,parking,50,,4.02,21.37,590
1189823769,55.72544,37.7710202,parking,50,,7.71,10.2,992
1189953881,55.8921397,37.5535759,parking,50,,6.75,15.67,1549
1190326184,55.9017323,37.7117543,parking,50,,5.74,17.27,1442
1190369580,55.7952858,37.652817,parking,50,,9.94,4.92,1115
1190369585,55.7946963,37.6536984,parking,50,,9.94,4.89,1113
1190475652,55.7270889,37.6101689,parking,50,,9.94,3.22,703
1191606791,55.8506689,37.6138921,parking,50,,7.71,10.55,1270
1192103105,55.7953499,37.7719516,parking,50,,9.08,10.62,2339
1192600586,55.876668,37.4686479,parking,50,,5.74,16.34,871
1192769477,55.6416623,37.4006502,parking,50,,6.75,18.58,4312
1192769478,55.6413943,37.4003801,parking,50,,6.75,18.62,4332
1192966988,55.795123,37.7743217,parking,50,,9.08,10.75,2460
1192966989,55.7952842,37.7748114,parking,50,,9.08,10.78,2496
1193510440,55.6190844,37.7099059,parking,50,,6.75,16.27,4111
1195603076,55.7031272,37.5269952,parking,50,,7.71,8.14,1095
1197114780,55.7562858,37.7387277,parking,50,,7.71,7.6,997
1197115423,55.7559584,37.7371406,parking,50,,7.71,7.5,901
1197265836,55.791003,37.672907,parking,50,,7.51,5.24,620
1198471760,55.650611,37.5664189,parking,50,,8.25,12.12,2577
1198787075,55.7093013,37.744117,parking,50,,7.71,9.47,1481
1199462910,55.8011146,37.4829607,parking,50,,7.71,9.8,1484
1202357490,55.7624464,37.4804706,parking,50,,9.08,8.59,2217
1202357520,55.762895,37.4955506,parking,50,,9.08,7.66,1561
1204405089,55.8670035,37.397705,parking,50,,5.74,18.47,1358
1204405090,55.866801,37.3979902,parking,50,,5.74,18.44,1331
1204487780,55.8055059,37.7146774,parking,50,,7.71,8.22,1175
1204487783,55.8063748,37.7169431,parking,50,,7.71,8.39,1132
1205698472,55.7126889,37.8987493,parking,50,,5.74,18.26,830
1205698473,55.7150584,37.8999338,parking,50,,5.74,18.26,858
1205949001,55.6474149,37.6051959,parking,50,,8.25,12.08,1925
1206339388,55.6294458,37.6782348,parking,50,,8.25,14.56,3320
1206339389,55.6300018,37.6786399,parking,50,,8.25,14.51,3288
1206339390,55.6291241,37.67815,parking,50,,8.25,14.59,3345
1206339391,55.6288556,37.677813,parking,50,,8.25,14.62,3356
1206339392,55.6287065,37.6776279,parking,50,,8.25,14.63,3363
1206364686,55.6280073,37.6757434,parking,50,,8.25,14.67,3357
1206364689,55.6276942,37.6758015,parking,50,,8.25,14.71,3388
1206902324,55.7100839,37.8274632,parking,50,,8.25,14.11,1997
1207140243,55.7095187,37.8283486,parking,50,,8.25,14.18,2067
1207140704,55.7094086,37.829439,parking,50,,8.25,14.25,2026
1207154616,55.6401644,37.7624854,parking,50,,6.75,15.75,3911
1207209481,55.7089823,37.8286623,parking,50,,8.25,14.22,2028
1207222896,55.7244238,37.5449602,parking,50,,9.12,5.72,875
1207526010,55.7193601,37.425221,parking,50,,7.01,12.69,975
1208099215,55.6203896,37.6574782,parking,50,,6.75,15.27,2650
1208129255,55.6991539,37.6549979,parking,50,,7.51,6.73,603
1208991817,55.6031961,37.7441205,parking,50,,6.75,18.74,3309
1208991818,55.6026459,37.7443115,parking,50,,6.75,18.8,3275
1209484426,55.6020448,37.547922,parking,50,,6.75,17.64,2892
1209648964,55.6495106,37.4926003,parking,50,,7.01,14.17,747
1210701121,55.7177068,37.6330317,parking,50,,8.19,4.35,546
1210742334,55.6701147,37.645685,parking,50,,7.71,9.69,955
1210742335,55.6672104,37.6414368,parking,50,,7.71,9.97,912
1210933976,55.7951857,37.6036948,parking,50,,8.19,4.46,657
1210985018,55.6760641,37.6520165,parking,50,,7.71,9.13,1200
1211699116,55.600777,37.7161491,parking,50,,6.75,18.32,2151
1211699117,55.6011546,37.7159419,parking,50,,6.75,18.27,2188
1211770883,55.9209128,37.5579786,parking,50,,6.75,18.73,2147
1212600057,55.6403377,37.52711,parking,50,,8.25,14.03,1958
1213309616,55.6666652,37.6416241,parking,50,,7.71,10.03,965
1213309617,55.6693503,37.6468147,parking,50,,7.71,9.79,1052
1213545978,55.6614558,37.5592017,parking,50,,9.08,11.1,1509
1213719448,55.7219516,37.3863298,parking,50,,7.01,14.94,1254
1214083391,55.6504206,37.5599759,parking,50,,8.25,12.26,2521
1214093757,55.7662164,37.5308501,parking,50,,9.12,5.53,997
1214147520,55.7257812,37.623825,parking,50,,9.94,3.36,718
1214534495,55.6628089,37.5549264,parking,50,,7.71,11.05,1210
1215188961,55.798321,37.5546639,parking,50,,9.12,6.14,829
1215777918,55.9034027,37.5827218,parking,50,,5.74,16.55,957
1215777919,55.9034238,37.5823875,parking,50,,5.74,16.56,963
1215909728,55.6950049,37.9112272,parking,50,,6.75,19.61,2732
1216024859,55.7542556,37.710908,parking,50,,7.51,5.86,654
1216260659,55.6804288,37.7228774,parking,50,,9.08,10.68,2296
1216642151,55.7306696,37.6197908,parking,50,,9.45,2.8,571
1218748426,55.7527245,37.8193517,mall,150,"Торговый дом ""Перовский""",34.65,12.65,1697
1218780885,55.7996665,37.8086332,parking,50,,8.25,12.92,2281
1219235765,55.6540219,37.6031074,parking,50,,9.08,11.35,1670
1219285081,55.7293325,37.6160127,parking,50,,9.45,2.94,604
1219380257,55.8339117,37.9425188,parking,50,,5.74,22.11,4490
1219779084,55.944254,37.4841318,parking,50,,4.88,22.54,857
1219875366,55.828698,37.4108127,parking,50,,5.74,15.24,1262
1220031602,55.9488374,37.537058,parking,50,,5.74,22.04,2423
1220108839,55.8725839,37.525678,parking,50,,7.01,14.19,881
1220108840,55.8725844,37.5266203,parking,50,,7.01,14.17,832
1220108842,55.8728739,37.5263317,parking,50,,7.01,14.2,830
1222135003,55.6726415,37.7782512,parking,50,,7.01,13.68,1283
1222141168,55.8280414,37.8977885,parking,50,,6.75,19.29,4122
1222307803,55.8113527,37.5935659,parking,50,,9.12,6.35,1161
1222307804,55.8112449,37.593107,parking,50,,9.12,6.35,1147
1222727600,55.8916302,37.6095545,parking,50,,6.75,15.11,1702
1223444297,55.7983456,37.7392642,parking,50,,7.71,8.98,1407
1223769683,55.6531796,37.5677765,parking,50,,9.08,11.83,2281
1224479192,55.6964843,37.5420072,parking,50,,7.71,8.11,1484
1224502188,55.6930064,37.5399135,parking,50,,7.71,8.5,1191
1224502189,55.6938172,37.5413521,parking,50,,7.71,8.37,1226
1224676892,55.7960165,37.736059,parking,50,,7.71,8.67,1160
1224676903,55.7977372,37.7406395,parking,50,,7.71,9.01,1344
1224741956,55.8539388,37.4453728,parking,50,,4.72,15.31,615
1224837693,55.8182265,37.3966927,parking,50,,5.74,15.44,756
1225398828,55.6057105,37.739367,parking,50,,6.75,18.36,3321
1225951625,55.7499919,37.4170525,parking,50,,7.01,12.55,807
1228380723,55.8768608,37.3949837,parking,50,,6.75,19.34,1696
1228526350,55.8066566,37.5730444,parking,50,,9.12,6.3,1347
1228781260,55.9382238,37.5292431,parking,50,,4.88,21.02,1152
1229096604,55.6756309,37.4436111,parking,50,,8.25,14.06,2840
1229192384,55.8245121,37.5687432,parking,50,,7.71,8.22,974
1229192385,55.824906,37.5685126,parking,50,,7.71,8.27,1015
1229192389,55.8241144,37.5689732,parking,50,,7.71,8.17,932
1229192396,55.8251702,37.5683636,parking,50,,7.71,8.3,1043
1233777499,55.7121417,37.7385661,parking,50,,9.08,9.01,1903
1235847796,55.6971957,37.5576304,parking,50,,7.71,7.51,869
1235852718,55.6926574,37.5514781,parking,50,,7.71,8.14,915
1236040310,55.6825681,37.5319046,parking,50,,7.71,9.74,1137
1236064731,55.8118884,37.8242192,parking,50,,7.01,14.36,1099
1238462283,55.7872594,37.6117579,parking,50,,8.19,3.52,685
1238716970,55.7904291,37.6111065,parking,50,,8.19,3.87,695
1238716973,55.790156,37.6117534,parking,50,,8.19,3.84,689
1238716987,55.7884253,37.6111018,parking,50,,9.94,3.65,817
1238716988,55.7886461,37.6112537,parking,50,,9.94,3.67,833
1238716989,55.7888772,37.6111785,parking,50,,9.94,3.7,822
1238908290,55.8529546,37.5824174,parking,50,,7.71,11.02,717
1239161902,55.8129045,37.4789725,parking,50,,7.71,10.73,1030
1239218896,55.78573,37.6147081,parking,50,,8.19,3.33,512
1239377288,55.8895191,37.5439631,parking,50,,5.74,15.56,1475
1239388374,55.8712817,37.3951558,parking,50,,6.75,18.91,1765
1240942675,55.7708132,37.4944967,parking,50,,7.71,7.86,1390
1241214712,55.827022,37.5767301,parking,50,,7.71,8.32,996
1241919921,55.7705529,37.5900685,parking,50,,11.47,2.37,781
1241981247,55.7374263,37.4694535,parking,50,,7.71,9.48,793
1241981249,55.7375313,37.468288,parking,50,,7.71,9.54,842
1241981256,55.737254,37.4657757,parking,50,,7.71,9.71,988
1241981257,55.7370537,37.4664006,parking,50,,7.71,9.67,969
1242240317,55.896513,37.3543908,parking,50,,4.88,22.68,779
1242441875,55.8258132,37.5751856,parking,50,,7.71,8.22,889
1242620622,55.6513849,37.4241215,parking,50,,6.75,16.77,2856
1243736933,55.7225023,37.5000015,parking,50,,9.08,8.22,1778
1244567229,55.7647008,37.825387,parking,50,,7.01,13.06,1054
1244942625,55.6818348,37.6095871,parking,50,,7.71,8.24,862
1244942626,55.6823988,37.6126936,parking,50,,7.71,8.17,1066
1245286315,55.9204527,37.3659794,parking,50,,5.74,24.11,1809
1245286337,55.9201249,37.3653099,parking,50,,5.74,24.11,1764
1246974304,55.5845668,37.668473,parking,50,,6.75,19.31,2428
1246974314,55.5868023,37.6665408,parking,50,,6.75,19.04,2496
1247227426,55.7605784,37.7318518,parking,50,,7.71,7.19,1202
1247407278,55.8909249,37.3491945,parking,50,,4.88,22.5,1479
1248159774,55.7799859,37.6445877,parking,50,,8.19,3.19,640
1249268894,55.611989,37.7453119,parking,50,"Перехватывающая парковка у метро ""Зябликово""",6.75,17.89,4103
1249344907,55.6113953,37.7560036,parking,50,,6.75,18.26,4483
1249344911,55.6111188,37.754271,parking,50,,6.75,18.24,4386
1249344912,55.6108298,37.7514257,parking,50,,6.75,18.18,4243
1249821034,55.6097343,37.7618564,parking,50,,6.75,18.6,4619
1250089886,55.6126819,37.7396806,parking,50,,6.75,17.67,3971
1250508754,55.6359885,37.7148931,parking,50,,8.25,14.66,4741
1251378853,55.9221206,37.5328591,parking,50,,5.74,19.23,1132
1251540329,55.8691132,37.6772109,mall,150,РЦ «Орион»,24.25,13.14,565
1252001953,55.8761112,37.4232215,parking,50,,6.75,18.06,1741
1252493381,55.7218001,37.5487141,parking,50,,7.51,5.72,501
1253019264,55.8515589,37.611064,parking,50,,7.71,10.66,1090
1253019268,55.8523188,37.6084978,parking,50,,7.71,10.75,935
1253749473,55.8995017,37.724977,parking,50,,4.72,17.34,637
1253749483,55.8952659,37.7254918,parking,50,,5.74,16.92,864
1254185656,55.7365415,37.4518553,parking,50,,7.71,10.57,1159
1254297458,55.7955778,37.3826041,parking,50,,6.75,15.33,1630
1254297460,55.6358458,37.7157395,parking,50,,8.25,14.7,4796
1254551107,55.747649,37.4193035,parking,50,,5.77,12.42,644
1254551109,55.7475216,37.41956,parking,50,,5.77,12.41,643
1254551112,55.7479367,37.4233148,parking,50,,7.01,12.17,844
1254555379,55.736771,37.4753541,parking,50,,6.35,9.13,641
1255662082,55.9362247,37.3503586,parking,50,,4.46,26.08,3122
1258395255,55.6036896,37.5880322,parking,50,,5.74,17.01,986
1259164755,55.790828,37.3553723,parking,50,,6.75,16.84,2795
1259704410,55.6339348,37.484252,mall,150,Виноград,24.1,15.91,1271
1261862227,55.9129871,37.3590449,parking,50,,4.88,23.78,928
1263274257,55.6484957,37.4140868,parking,50,,6.75,17.45,3441
1264652563,55.944379,37.491456,parking,50,,4.88,22.39,769
1265549077,55.7076859,37.5473863,transport_hub,150,,35.55,6.91,1259
1270986615,55.857371,37.5585929,parking,50,,7.71,11.88,734
1271929807,55.7018857,37.7646437,mall,150,Кузьминки Молл,26.68,11.0,535
1272190422,55.728906,37.6172278,parking,50,,9.45,2.99,691
1272484839,55.7059562,37.9251802,mall,150,"Торговый центр ""Краски""",24.1,20.06,2645
1272769454,55.7254663,37.6262473,parking,50,,8.19,3.42,563
1274353571,55.6346173,37.6522701,parking,50,,8.25,13.65,2080
1274549113,55.8415966,37.5434614,parking,50,,9.08,10.6,2099
1274557559,55.6421136,37.5292491,parking,50,,8.25,13.79,2071
1275284850,55.6348594,37.5389718,parking,50,,8.25,14.32,2831
1275522070,55.815308,37.4247469,parking,50,,8.25,13.74,2066
1275522072,55.8152604,37.4249692,parking,50,,8.25,13.72,2057
1275522073,55.8152232,37.4251405,parking,50,,8.25,13.71,2051
1276503613,55.8846999,37.4922061,parking,50,,5.74,16.32,947
1276740348,55.8138894,37.5029499,parking,50,,7.71,9.64,1136
1277609785,55.8118586,37.4926411,parking,50,,9.08,9.98,1750
1278207951,55.8836727,37.4926182,parking,50,,5.74,16.21,882
1279140005,55.7993048,37.6233189,parking,50,,8.19,4.85,569
1279144129,55.7644067,37.6728374,parking,50,,8.19,3.6,633
1280137254,55.6826279,37.5874478,parking,50,,6.35,8.35,506
1280595037,55.7239882,37.3768055,parking,50,,5.74,15.46,1286
1280701632,55.7237004,37.3680157,parking,50,,5.74,16.01,1339
1281990193,55.8595576,37.4399213,parking,50,,5.74,16.0,1033
1282399273,55.7935547,37.5475847,parking,50,,9.12,6.05,970
1283262695,55.8537444,37.6214789,parking,50,,7.71,10.89,1401
1283668915,55.863088,37.4384508,parking,50,,5.74,16.35,1387
1283668948,55.8594535,37.4383178,parking,50,,5.74,16.06,1014
1285143628,55.6079038,37.4543879,parking,50,,6.75,19.36,1912
1285348129,55.7070706,37.3805624,parking,50,,4.72,15.78,674
1285348160,55.7078112,37.3885726,parking,50,,5.74,15.28,963
1285348164,55.707033,37.3894258,parking,50,,5.74,15.26,1056
1285348165,55.7065546,37.3854766,parking,50,,5.74,15.51,902
1285348170,55.7071451,37.3824838,parking,50,,5.74,15.67,731
1287350179,55.8455198,37.5404975,parking,50,,9.08,11.07,2193
1287745700,55.887208,37.5861015,parking,50,,8.25,14.74,2022
1288375632,55.9227953,37.5442674,parking,50,,6.75,19.12,1679
1289181746,55.8840047,37.4876482,parking,50,,5.74,16.4,722
1289410573,55.8800774,37.4907342,parking,50,,4.72,15.92,563
1289860499,55.7434018,37.5820877,parking,50,,9.45,2.6,698
1290024192,55.9340921,37.4984234,parking,50,,4.02,21.17,612
1291566690,55.8188167,37.6468153,parking,50,,7.71,7.25,793
1292121719,55.9044089,37.5386487,parking,50,,6.75,17.24,2643
1292740682,55.7903156,37.9362969,parking,50,,4.02,20.32,633
1292818652,55.8190417,37.8744552,parking,50,,6.75,17.55,2361
1293586313,55.8076778,37.508152,parking,50,,7.71,8.94,711
1293586315,55.8074709,37.5088934,parking,50,,6.35,8.89,662
1293586316,55.8072142,37.5098963,parking,50,,6.35,8.82,596
1293586317,55.8069804,37.5107522,parking,50,,6.35,8.76,540
1294688509,55.8258147,37.6089213,parking,50,,9.08,7.8,1725
1296088756,55.9368552,37.5063616,parking,50,,4.88,21.29,979
1296139641,55.8111873,37.7707989,parking,50,,9.08,11.4,3032
1296593262,55.8417112,37.4917781,parking,50,,5.77,12.36,650
1296593263,55.8412787,37.4900447,parking,50,,5.77,12.39,578
1296680159,55.794865,37.7239844,parking,50,,7.71,7.96,757
1296685933,55.8609074,37.4715249,parking,50,,5.77,14.82,513
1296721006,55.7330387,37.3882169,parking,50,,8.25,14.56,1593
1296973354,55.8548566,37.6244039,parking,50,,7.71,11.02,1284
1298491148,55.8028314,37.4137266,parking,50,,8.25,13.76,2041
1299303203,55.8555643,37.6254179,parking,50,,7.71,11.1,1269
1300060655,55.5832082,37.6033656,parking,50,,5.74,19.21,1156
1300060656,55.5834791,37.6024939,parking,50,,5.74,19.18,1218
1300194345,55.7055881,37.8989785,parking,50,,5.74,18.5,1328
1300216615,55.8289907,37.4445815,parking,50,,5.77,13.52,599
1300301478,55.6512385,37.571608,parking,50,,9.08,11.97,2400
1300484172,55.6137791,37.5406318,parking,50,,6.75,16.51,3850
1300528257,55.6125047,37.5279953,parking,50,,6.75,16.89,3059
1300683395,55.6709884,37.5329729,parking,50,,6.35,10.81,520
1300873714,55.6878124,37.5795417,parking,50,,6.35,7.92,622
1300921609,55.6585209,37.5623506,parking,50,,9.08,11.35,1877
1301280221,55.652314,37.5684162,parking,50,,9.08,11.91,2354
1302259583,55.609752,37.4478295,parking,50,,6.75,19.41,2370
1302450057,55.7424728,37.709776,parking,50,,7.51,5.97,683
1303144697,55.7281836,37.4788777,parking,50,,9.08,9.19,1555
1303572159,55.6086358,37.5374063,parking,50,,6.75,17.11,3497
1303662187,55.6334919,37.454611,parking,50,,6.75,17.0,1702
1303662188,55.6338732,37.4544484,parking,50,,6.75,16.97,1672
1303662195,55.6330626,37.4545988,parking,50,,6.75,17.04,1743
1303662196,55.633374,37.4544661,parking,50,,6.75,17.01,1718
1303662197,55.633026,37.4544971,parking,50,,6.75,17.04,1750
1303662198,55.6334682,37.4543084,parking,50,,6.75,17.01,1714
1303662199,55.6336213,37.4543605,parking,50,,6.75,17.0,1698
1303662200,55.6339057,37.4542392,parking,50,,6.75,16.97,1676
1303662201,55.6338908,37.4541281,parking,50,,6.75,16.98,1681
1303662219,55.6326402,37.4543518,parking,50,,6.75,17.08,1792
1303662220,55.6325765,37.4541353,parking,50,,6.75,17.1,1805
1303662221,55.6325163,37.4538817,parking,50,,6.75,17.11,1818
1303662222,55.6324563,37.4536881,parking,50,,6.75,17.12,1830
1303662223,55.6324451,37.4536144,parking,50,,6.75,17.13,1834
1303662227,55.6323187,37.4535008,parking,50,,6.75,17.14,1850
1303662232,55.6344773,37.4542983,parking,50,,6.75,16.92,1621
1303662233,55.6345772,37.4543927,parking,50,,6.75,16.91,1608
1303662234,55.6346647,37.4542956,parking,50,,6.75,16.91,1604
1303662241,55.633358,37.45321,parking,50,,6.75,17.06,1762
1303662248,55.6350428,37.4539588,parking,50,,6.75,16.88,1581
1303662249,55.6348172,37.4536459,parking,50,,6.75,16.92,1613
1303662250,55.6347763,37.4535405,parking,50,,6.75,16.92,1621
1303662251,55.6346154,37.4534837,parking,50,,6.75,16.94,1637
1303662252,55.634776,37.4534514,parking,50,,6.75,16.93,1624
1303662253,55.634891,37.4533742,parking,50,,6.75,16.92,1617
1303662256,55.6345006,37.4527607,parking,50,,6.75,16.98,1675
1303662257,55.6347112,37.4530417,parking,50,,6.75,16.95,1645
1303662261,55.6344409,37.4531489,parking,50,,6.75,16.97,1666
1303662262,55.6347547,37.454177,parking,50,,6.75,16.9,1600
1303662263,55.6349979,37.4540147,parking,50,,6.75,16.89,1583
1303662265,55.6328853,37.4531537,parking,50,,6.75,17.11,1808
1303662266,55.6341781,37.4527299,parking,50,,6.75,17.01,1705
1303662273,55.6350847,37.4538077,parking,50,,6.75,16.89,1583
1303662274,55.6350307,37.4535425,parking,50,,6.75,16.9,1598
1303662275,55.6348677,37.4529507,parking,50,,6.75,16.94,1635
1303662276,55.6347778,37.4530306,parking,50,,6.75,16.94,1640
1303662278,55.6346078,37.4530833,parking,50,,6.75,16.96,1653
1303662280,55.6343427,37.4533988,parking,50,,6.75,16.97,1665
1303662281,55.6342613,37.4535957,parking,50,,6.75,16.97,1665
1303662282,55.6341611,37.4533833,parking,50,,6.75,16.98,1682
1303662288,55.6335261,37.4529378,parking,50,,6.75,17.06,1756
1303685717,55.6950851,37.4635131,mall,150,ОМА,38.12,11.76,2491
1303705468,55.5837059,37.7423063,parking,50,,5.74,20.68,2233
1303707485,55.8955222,37.5574522,parking,50,,6.75,15.98,1903
1303878957,55.9177228,37.7214996,parking,50,,6.75,19.14,2036
1304250506,55.6529269,37.5699621,parking,50,,9.08,11.82,2255
1304250520,55.6556583,37.5729231,parking,50,,9.08,11.48,1906
1304527980,55.754986,37.6793095,parking,50,,8.19,3.88,547
1304527981,55.7551573,37.679074,parking,50,,8.19,3.87,539
1304528007,55.7580981,37.6780691,parking,50,,8.19,3.81,675
1304528009,55.7580997,37.6778683,parking,50,,8.19,3.8,667
1304892367,55.8223339,37.5747513,parking,50,,6.35,7.86,548
1304915060,55.7662208,37.6886412,parking,50,,9.94,4.61,1447
1305050374,55.806707,37.4801183,parking,50,,9.08,10.28,1509
1305050382,55.806235,37.4818936,parking,50,,9.08,10.16,1623
1305050383,55.8064526,37.4815234,parking,50,,9.08,10.19,1589
1305050384,55.8063237,37.4813576,parking,50,,9.08,10.19,1593
1305533805,55.8343393,37.4487426,parking,50,,7.01,13.69,985
1305533810,55.8344989,37.4507567,parking,50,,7.01,13.6,983
1305633576,55.6744092,37.6686634,parking,50,,7.71,9.61,1381
1305818457,55.8027159,37.4973728,parking,50,,7.71,9.14,1440
1306322538,55.7588859,37.4109109,parking,50,,8.25,12.92,1757
1306918544,55.8546616,37.4302836,parking,50,,4.72,16.04,676
1307304629,55.8003042,37.3948852,parking,50,,7.01,14.76,1301
1307304637,55.8021844,37.3965966,parking,50,,7.01,14.73,1198
1308608720,55.8562875,37.4268531,parking,50,,5.74,16.32,822
1308859634,55.551356,37.4897622,parking,50,Конечная станция Потапово,5.74,24.1,5464
1309402822,55.8551184,37.4490315,parking,50,,5.74,15.25,875
1310828130,55.7894485,37.6255306,parking,50,,8.19,3.78,522
1310828152,55.7900751,37.6236608,parking,50,,8.19,3.83,580
1310828155,55.79056,37.6240229,parking,50,,8.19,3.89,560
1310828157,55.7905577,37.6236285,parking,50,,8.19,3.89,547
1311541478,55.6892972,37.3741398,parking,50,,5.74,16.93,750
1311798980,55.6736226,37.3733099,parking,50,,6.75,17.81,2429
1311880223,55.6866521,37.3897867,parking,50,,5.74,16.19,907
1312079355,55.751977,37.7144105,parking,50,,7.51,6.09,539
1312096616,55.713993,37.4201071,parking,50,,7.01,13.19,1068
1312599082,55.6925945,37.4655545,parking,50,,9.08,11.82,2417
1312599083,55.6915721,37.4655372,parking,50,,9.08,11.89,2449
1313762341,55.8730272,37.6761518,parking,50,,5.77,13.54,679
1314368787,55.808892,37.410069,parking,50,,8.25,14.24,1646
1314370162,55.8088544,37.4086756,parking,50,,8.25,14.32,1560
1314452239,55.8297571,37.3724828,parking,50,,5.74,17.37,1066
1315286298,55.6208426,37.3931359,parking,50,,5.74,20.56,5543
1315286308,55.6215847,37.392536,parking,50,,5.74,20.52,5533
1315334126,55.6162132,37.3924734,parking,50,,5.74,20.96,5859
1315588775,55.6791637,37.9137583,parking,50,,5.74,20.43,2936
1316798871,55.6606606,37.5605502,parking,50,,9.08,11.16,1631
1316988233,55.6640019,37.422215,parking,50,,6.75,15.92,3510
1317649055,55.7344549,37.6986573,parking,50,,9.12,5.62,711
1319114784,55.6210557,37.8838214,parking,50,,5.74,22.44,3792
1320768474,55.8085521,37.7634799,parking,50,,9.08,10.86,2659
1321620939,55.7528011,37.5004474,parking,50,,7.71,7.32,923
1321620941,55.7514336,37.5003293,parking,50,,7.71,7.34,774
1322475419,55.5755025,37.694591,parking,50,,4.88,20.63,1069
1323156780,55.8001601,37.3957312,parking,50,,7.01,14.71,1343
1323210959,55.7951423,37.4051646,parking,50,,8.25,13.97,2142
1323350401,55.8044887,37.7482825,parking,50,,9.08,9.82,2030
1323417325,55.6918461,37.6253608,parking,50,,7.71,7.13,1119
1323704279,55.8642004,37.5428889,parking,50,,7.01,12.92,1363
1326427923,55.7230618,37.8933495,parking,50,,5.74,17.66,988
1327848943,55.6433332,37.5136658,parking,50,,7.01,14.09,1090
1327857833,55.9294755,37.5475846,parking,50,,6.75,19.8,1724
1328367822,55.6160136,37.5497402,parking,50,,6.75,16.11,3753
1328454274,55.6344208,37.5304843,parking,50,,8.25,14.55,2354
1328454286,55.6342771,37.5301615,parking,50,,8.25,14.57,2342
1329157389,55.8427715,37.4906871,parking,50,,5.77,12.5,546
1329157390,55.8432866,37.4903731,parking,50,,5.77,12.55,514
1329403075,55.6490575,37.5265234,parking,50,,8.25,13.16,1988
1329403076,55.6496579,37.5275548,parking,50,,8.25,13.07,1959
1329468190,55.811179,37.4671725,parking,50,,6.35,11.23,658
1330729076,55.7201262,37.6837278,parking,50,,7.51,5.75,574
1331662208,55.8117879,37.402325,parking,50,,7.01,14.81,1168
1331708756,55.8149953,37.3728584,parking,50,,5.74,16.64,867
1332163763,55.6196617,37.4999131,parking,50,,6.75,16.83,2232
1332443720,55.6457497,37.5166604,parking,50,,7.01,13.77,1311
1332443757,55.6444786,37.5197158,parking,50,,7.01,13.81,1477
1333229452,55.8966933,37.4269774,parking,50,,5.74,19.67,1011
1334684316,55.7660593,37.7103438,parking,50,,10.73,5.93,1950
1337270928,55.8971407,37.5550966,parking,50,,6.75,16.19,2090
1337810385,55.7913838,37.6550617,parking,50,,9.94,4.61,1004
1338884598,55.8195058,37.7495727,parking,50,,9.08,10.89,1705
1339289342,55.6044304,37.7138874,parking,50,,6.75,17.89,2516
1340091722,55.9242263,37.5474243,parking,50,,6.75,19.23,1803
1341088199,55.8775139,37.5490909,parking,50,,5.77,14.19,549
1341272197,55.7926751,37.6740537,parking,50,,7.51,5.42,592
1341506406,55.8659825,37.5858827,parking,50,,7.01,12.41,1234
1345172512,55.7619153,37.5842414,parking,50,,9.45,2.18,526
1347058302,55.90078,37.6820601,parking,50,,6.75,16.62,1588
1347058303,55.900495,37.6798045,parking,50,,5.74,16.56,1461
1347058305,55.8998122,37.679225,parking,50,,5.74,16.47,1384
1347058306,55.9000719,37.679992,parking,50,,5.74,16.51,1439
1348184872,55.8702605,37.4768617,parking,50,,5.74,15.46,798
1348184873,55.870652,37.4768158,parking,50,,5.74,15.5,828
1348286383,55.9314375,37.5463616,parking,50,,5.74,20.03,1665
1348482681,55.6932434,37.9196966,parking,50,,5.74,20.17,3212
1348758787,55.5825789,37.681941,parking,50,,6.75,19.68,1568
1348775479,55.9068344,37.4000533,parking,50,,4.02,21.59,526
1348940082,55.8730988,37.3896353,parking,50,,6.75,19.3,2159
1349572053,55.8054198,37.5410764,parking,50,,6.35,7.29,666
1349836458,55.9046895,37.4037297,parking,50,,4.02,21.26,504
1349836467,55.904638,37.4015554,parking,50,,4.02,21.34,590
1349836469,55.9036938,37.4027178,parking,50,,4.02,21.21,631
1350937022,55.8055204,37.3964069,parking,50,,7.01,14.88,943
1350970533,55.8048314,37.39158,parking,50,,5.74,15.13,770
1351644225,55.6677694,37.4559432,parking,50,,8.25,14.07,1833
1351660466,55.7886816,37.5885684,parking,50,,8.19,4.07,569
1352257935,55.946058,37.4830059,parking,50,,4.88,22.76,1067
1352361089,55.5684161,37.478636,parking,50,,5.74,22.58,3746
1352372963,55.6749472,37.5458912,parking,50,,6.35,10.04,578
1352629881,55.808847,37.4543957,parking,50,,7.71,11.77,1073
1352629884,55.8089562,37.4557444,parking,50,,7.71,11.7,1018
1353025143,55.6628669,37.5606806,parking,50,,7.71,10.93,1485
1353407258,55.9038359,37.4049397,parking,50,,4.02,21.14,558
1353407260,55.9034085,37.4062772,parking,50,,4.02,21.05,522
1353448225,55.6313596,37.598067,parking,50,,8.25,13.89,3525
1353884330,55.8022189,37.4944852,parking,50,,7.71,9.25,1384
1354017817,55.673079,37.5190738,parking,50,,7.71,11.07,993
1354881581,55.7771692,37.5114316,parking,50,,7.71,7.04,828
1354934985,55.7539195,37.5931098,parking,50,,9.45,1.53,560
1354934986,55.7541506,37.5928933,parking,50,,9.45,1.54,533
1355966953,55.9126566,37.7508488,parking,50,,6.75,19.33,1635
1356420506,55.8496215,37.520856,parking,50,,7.01,12.05,1384
1357927173,55.6488758,37.5943868,parking,50,,9.08,11.98,2399
1357927191,55.6489631,37.5937955,parking,50,,9.08,11.97,2427
1357927195,55.6501765,37.5946979,parking,50,,9.08,11.83,2318
1357927197,55.6495034,37.5938644,parking,50,,9.08,11.91,2397
1359306508,55.7800227,37.6917457,parking,50,,9.12,5.38,1031
1359407839,55.7430929,37.5482243,parking,50,,9.94,4.55,773
1359919222,55.7651476,37.4098488,parking,50,,8.25,13.02,2407
1360147195,55.6990636,37.7689001,parking,50,,6.35,11.4,669
1360147196,55.6989115,37.7688471,parking,50,,6.35,11.4,681
1360336335,55.8060268,37.4513441,parking,50,,7.71,11.78,1440
1360707956,55.6738539,37.8820891,parking,50,,5.74,18.92,911
1360726276,55.673182,37.8798697,parking,50,,5.74,18.84,756
1361000794,55.7349816,37.5467656,parking,50,,8.19,4.98,647
1361000795,55.7348678,37.5480299,parking,50,,9.94,4.92,717
1361000798,55.7337979,37.5515591,parking,50,,9.94,4.79,967
1361000816,55.7346063,37.5593441,parking,50,,9.94,4.33,913
1361004692,55.7316946,37.5481699,parking,50,,9.12,5.09,972
1361738577,55.8392191,37.3782965,parking,50,,5.74,17.58,1086
1361744314,55.6747347,37.8838792,parking,50,,5.74,18.98,1060
1361744324,55.6742974,37.8823892,parking,50,,5.74,18.92,957
1361744325,55.6740195,37.8821238,parking,50,,5.74,18.92,924
1362855766,55.7754269,37.7081835,parking,50,,9.12,6.09,1035
1364249672,55.6894561,37.5400257,parking,50,,7.71,8.82,874
1364781015,55.6471584,37.4870393,parking,50,,5.77,14.58,692
1368373486,55.6798743,37.908985,parking,50,,5.74,20.13,2698
1368827260,55.8286348,37.5741081,parking,50,,7.71,8.54,1139
1368827261,55.8265089,37.5741283,parking,50,,7.71,8.31,984
1369796619,55.7285804,37.4416526,parking,50,,7.71,11.4,1144
1370300367,55.6454284,37.5318946,parking,50,,8.25,13.39,2248
1370307677,55.6458265,37.533191,parking,50,,8.25,13.32,2334
1371204706,55.8564733,37.574856,parking,50,,7.71,11.5,708
1372188088,55.7777119,37.5273476,parking,50,,9.12,6.13,1056
1372395967,55.9444263,37.767257,parking,50,,5.74,22.97,2661
1372395978,55.9447604,37.7719295,parking,50,,5.74,23.12,2428
1373375774,55.8066766,37.4510312,parking,50,,7.71,11.84,1391
1373386404,55.6990693,37.5126309,mall,150,"Торговый центр ""Арфа""",26.68,9.1,620
1374856263,55.8209605,37.8805466,parking,50,,6.75,17.98,2797
1374856264,55.8212294,37.8819776,parking,50,,6.75,18.08,2890
1375075356,55.835927,37.9218958,parking,50,,5.74,21.02,4921
1375257349,55.7604134,37.7548897,parking,50,,9.08,8.62,2077
1376875642,55.6214196,37.7375263,parking,50,,6.75,16.74,4772
1376875643,55.6213962,37.7376986,parking,50,,6.75,16.74,4774
1376875644,55.6216173,37.7377173,parking,50,,6.75,16.72,4797
1376875645,55.6214756,37.7385888,parking,50,,6.75,16.76,4805
1376875646,55.6214927,37.7387581,parking,50,,6.75,16.76,4811
1376875647,55.6215897,37.7392756,parking,50,,6.75,16.77,4834
1376878016,55.6260806,37.7242068,parking,50,,6.75,15.9,5004
1380270388,55.8605171,37.3940605,parking,50,,5.74,18.17,1405
1380345844,55.688531,37.3555984,parking,50,,6.75,18.02,1705
1380345849,55.6894015,37.3543937,parking,50,,6.75,18.04,1689
1380345860,55.6887677,37.3558674,parking,50,,6.75,17.99,1679
1381434537,55.5622281,37.500906,parking,50,,5.74,22.73,4504
1381650497,55.83901,37.3742565,parking,50,,5.74,17.79,1157
1382310344,55.7774139,37.6469302,parking,50,,9.94,3.04,704
1382776077,55.93029,37.4977855,parking,50,,4.88,20.79,914
1382915475,55.654752,37.6759949,parking,50,,9.08,11.82,1920
1383957741,55.6578388,37.4843877,parking,50,,7.01,13.71,787
1384899669,55.7761196,37.5171344,parking,50,,7.51,6.66,643
1384900540,55.7747674,37.4750247,parking,50,,7.71,9.15,1260
1385034183,55.882304,37.7712557,parking,50,,6.75,17.04,3079
1386148724,55.561942,37.6026201,parking,50,,5.74,21.58,2016
1387085340,55.774695,37.4675572,mall,150,Место встречи Патриот,32.4,9.6,1457
1388165131,55.7028433,37.4598144,parking,50,,9.08,11.49,2754
1388165132,55.7026283,37.4600087,parking,50,,9.08,11.49,2737
1388165163,55.6970662,37.474547,parking,50,,9.08,11.07,1781
1389259426,55.8787267,37.6289594,parking,50,,5.77,13.69,629
1389444019,55.7712277,37.6548333,parking,50,,9.45,2.91,533
1390710286,55.6210308,37.9406284,parking,50,,4.46,25.2,4162
1390898993,55.7215381,37.7711015,parking,50,,6.35,10.35,576
1390899992,55.7218718,37.7706081,parking,50,,6.35,10.31,623
1390899993,55.7221505,37.7698095,parking,50,,6.35,10.25,672
1390923873,55.9026948,37.6394331,mall,150,,28.35,16.39,1702
1390946717,55.6251044,37.9404399,parking,50,,5.74,24.93,3777
1390946718,55.6263257,37.9405117,parking,50,,5.74,24.85,3670
1391306351,55.7328459,37.7193367,parking,50,,9.12,6.88,1200
1392294522,55.8704734,37.5906555,parking,50,,8.25,12.86,1741
1392716415,55.8745071,37.6910653,parking,50,,8.25,13.98,1540
1393468856,55.8657257,37.6866687,parking,50,,7.01,12.97,789
1393487372,55.8702335,37.6939036,parking,50,,7.01,13.59,1391
1393487374,55.8691271,37.6921406,parking,50,,7.01,13.44,1237
1393487721,55.8681086,37.6905528,parking,50,,7.01,13.3,1100
1393536875,55.8662374,37.6875122,parking,50,,7.01,13.04,853
1393654839,55.8665145,37.6855882,parking,50,,7.01,13.03,747
1393656397,55.8703221,37.6924798,parking,50,,7.01,13.57,1318
1394479345,55.8331984,37.4471224,parking,50,,7.01,13.68,892
1396480131,55.7520432,37.8190123,mall,150,,34.65,12.63,1750
1396835701,55.8085362,37.4555721,parking,50,,7.71,11.69,1063
1408546083,55.6028232,37.6517472,mall,150,Среда,24.1,17.15,1102
1409468753,55.8064437,37.7334393,parking,50,,7.71,9.19,1243
1409468757,55.8043073,37.7338716,parking,50,,7.71,9.07,1463
1410011739,55.5963306,37.8844218,parking,50,,5.74,24.39,6424
1410060032,55.5871446,37.7541137,parking,50,,5.74,20.62,3020
1410060045,55.585415,37.7536455,parking,50,,5.74,20.79,2962
1410164684,55.7777458,37.5359322,parking,50,,9.12,5.64,1458
1410404625,55.7108657,37.8131214,parking,50,,7.01,13.24,1112
1410404626,55.7107295,37.813546,parking,50,,7.01,13.27,1143
1410933697,55.5931794,37.7595052,parking,50,,5.74,20.16,3527
1411413653,55.8076013,37.456273,parking,50,,7.71,11.6,1135
1412499450,55.9165074,37.7213805,parking,50,,6.75,19.01,1917
1413276358,55.8077011,37.454465,parking,50,,7.71,11.7,1178
1413277838,55.8088208,37.4538672,parking,50,,7.71,11.8,1094
1413471776,55.5543188,37.6393702,parking,50,,5.74,22.45,3008
1413515929,55.5572483,37.5956076,parking,50,,5.74,22.12,1857
1413855043,55.5576444,37.5987213,parking,50,,5.74,22.06,1993
1413855142,55.5596019,37.6037956,parking,50,,5.74,21.83,2175
1415194196,55.8482913,37.5653133,parking,50,,7.71,10.79,1264
1415473490,55.650685,37.595229,parking,50,,9.08,11.77,2265
1415598682,55.5604118,37.4976346,parking,50,,5.74,22.99,4717
1415653660,55.8137613,37.7370977,parking,50,,7.71,9.88,913
1415653672,55.8093935,37.7407962,parking,50,,7.71,9.75,1329
1415869799,55.7476067,37.5773741,parking,50,,9.45,2.66,640
1416046788,55.7470226,37.5799081,parking,50,,11.47,2.54,708
1416490067,55.7417195,37.6884929,mall,150,Клубника,34.4,4.72,575
1417193864,55.7374292,37.5644534,parking,50,,9.94,3.89,753
1417222270,55.8815003,37.4916511,parking,50,,4.72,16.03,686
1417418123,55.8061303,37.5790186,parking,50,,9.12,6.09,1212
1417560774,55.8844567,37.4912128,parking,50,,5.74,16.33,886
1418252121,55.5510064,37.5279472,parking,50,,5.74,23.45,3307
1419008937,55.7048884,37.9406972,parking,50,,5.74,21.03,3597
1419340902,55.898037,37.4668424,parking,50,,6.75,18.4,2404
1419563685,55.8188799,37.8303069,parking,50,,5.74,15.05,1281
1420899380,55.6869623,37.4083857,parking,50,,6.75,15.16,1581
1420899555,55.9215731,37.5327989,parking,50,,5.74,19.17,1173
1420954637,55.7666144,37.6202414,parking,50,,9.45,1.22,513
1421487644,55.8278466,37.368912,parking,50,,5.74,17.47,1019
1421511614,55.8813014,37.4922054,parking,50,,5.74,15.99,704
1421610265,55.5951191,37.4607669,parking,50,,5.74,20.39,1592
1422052677,55.9073525,37.5746541,parking,50,,5.74,17.06,952
1423347880,55.8592524,37.3763506,parking,50,,6.75,18.95,1998
1424056040,55.8596036,37.3790345,parking,50,,6.75,18.84,2129
1424056044,55.8609958,37.3765134,parking,50,,6.75,19.06,2164
1424056045,55.8602877,37.3772776,parking,50,,6.75,18.97,2125
1424056046,55.8615681,37.3764367,parking,50,,6.75,19.1,2215
1425926094,55.652904,37.615223,parking,50,,7.71,11.44,1051
1426572930,55.6246174,37.664445,parking,50,,8.25,14.88,3284
1426608983,55.6564062,37.8329048,parking,50,,6.75,17.45,2145
1427570131,55.6709164,37.5952642,parking,50,,7.71,9.54,796
1427678550,55.6325336,37.515997,parking,50,,6.75,15.11,1707
1427903383,55.8821789,37.6023834,parking,50,,8.25,14.08,1998
1430714918,55.9201327,37.4149369,parking,50,,4.88,22.22,1236
1432097318,55.7704985,37.6794843,parking,50,,9.94,4.22,712
1433704958,55.8331961,37.448954,parking,50,,7.01,13.59,858
1435030635,55.8583219,37.6861227,parking,50,,7.01,12.18,850
1436130560,55.8656533,37.3919614,parking,50,,6.75,18.64,1623
1436130564,55.8669895,37.3938891,parking,50,,6.75,18.65,1568
1444340707,55.8180028,37.5197227,parking,50,,6.35,9.22,559
1444771772,55.6171523,37.4760394,parking,50,,6.75,17.78,1739
1444781190,55.6191428,37.4806916,parking,50,,6.75,17.44,1910
1444781191,55.6199909,37.4798124,parking,50,,6.75,17.39,2009
1444781192,55.6205789,37.4791617,parking,50,,6.75,17.35,2078
1444791083,55.6184894,37.4764563,parking,50,,6.75,17.64,1877
1445372695,55.667122,37.6097811,parking,50,,7.71,9.87,1493
1445745496,55.8835548,37.4904088,parking,50,,5.74,16.27,777
1445757842,55.5590399,37.444319,parking,50,,5.74,24.42,5361
1446244967,55.5623109,37.4489805,parking,50,,5.74,23.97,4905
1446257073,55.6459202,37.5171519,parking,50,,7.01,13.74,1345
1449597743,55.774049,37.6485354,parking,50,,11.47,2.82,829
1451291669,55.7267126,37.5584006,parking,50,,8.19,4.9,616
1451291670,55.7269003,37.5583593,parking,50,,8.19,4.89,614
1452429572,55.8270993,37.3738154,parking,50,,5.74,17.16,991
1454544815,55.6532344,37.4172495,parking,50,,6.75,16.95,3320
1454899977,55.925152,37.5477617,parking,50,,6.75,19.33,1794
1455542569,55.6571213,37.5373945,parking,50,,8.25,12.06,1504
1455542573,55.6568367,37.5376383,parking,50,,8.25,12.08,1533
1456534341,55.6795906,37.5101103,parking,50,,9.08,10.81,1626
1457092555,55.8657695,37.4013631,parking,50,,5.74,18.21,1092
1458479787,55.8567312,37.6362144,parking,50,,7.71,11.29,904
1465177413,55.8481962,37.48833,parking,50,,5.77,13.06,594
1465304788,55.8977245,37.5803885,parking,50,,6.75,15.95,1602
1465490713,55.8684576,37.5842359,parking,50,,7.01,12.7,1286
1466402008,55.8723184,37.5690252,parking,50,,7.01,13.3,976
1466402014,55.8718932,37.5700731,parking,50,,7.01,13.24,1056
1466402015,55.8709992,37.5704154,parking,50,,7.01,13.14,1072
1466402018,55.8778743,37.5676229,parking,50,,5.77,13.92,619
1466402032,55.8750816,37.5686832,parking,50,,7.01,13.61,776
1466582360,55.7631991,37.5224827,parking,50,,9.12,5.99,873
1467204630,55.7031633,37.9290096,parking,50,,5.74,20.38,2992
1467276206,55.780698,37.59584,parking,50,,9.94,3.08,708
1468566003,55.6618552,37.6052005,parking,50,,7.71,10.47,1495
1468721908,55.7617348,37.5631543,parking,50,,8.19,3.45,629
1468721925,55.7612845,37.5625647,parking,50,,8.19,3.48,639
1468783974,55.7241434,37.9043066,parking,50,,6.75,18.31,1512
1468783999,55.7223016,37.8934681,parking,50,,5.74,17.68,917
1468784011,55.7216559,37.8930763,parking,50,,5.74,17.68,842
1468784014,55.7208796,37.8912713,parking,50,,5.74,17.58,713
1470915598,55.7631191,37.5518768,parking,50,,9.94,4.17,925
1470915601,55.7630886,37.5522767,parking,50,,9.94,4.15,905
1471921856,55.9222579,37.5176997,parking,50,,5.74,19.53,792
1473239540,55.7924289,37.6530654,parking,50,,9.94,4.65,938
1473786371,55.8260126,37.489862,parking,50,,7.71,11.15,926
1475237475,55.7312639,37.4176506,parking,50,,5.77,12.79,565
1475463921,55.8308777,37.5745209,parking,50,,7.71,8.77,889
1480920421,55.6906736,37.5073202,parking,50,,7.71,9.99,860
1485074770,55.7841894,37.6026395,parking,50,,8.19,3.29,686
1487099798,55.8659835,37.6835485,parking,50,,5.77,12.93,608
1487548564,55.8607231,37.3911034,parking,50,,6.75,18.33,1589
1488363698,55.7573537,37.69656,parking,50,,9.94,4.96,1063
1488363699,55.7574831,37.6963661,parking,50,,9.94,4.95,1075
1488950910,55.8903016,37.352519,parking,50,,4.88,22.3,1452
1489196473,55.6428487,37.6067015,parking,50,,8.25,12.58,2231
1489196474,55.6428945,37.6067118,parking,50,,8.25,12.57,2226
1490219204,55.7683811,37.6790101,parking,50,,9.94,4.11,897
1491819060,55.8262809,37.9354664,parking,50,,5.74,21.38,3684
1491819061,55.8265972,37.9356324,parking,50,,5.74,21.4,3717
1493395336,55.6786108,37.9102513,parking,50,,5.74,20.26,2709
1494524283,55.8043584,37.451233,parking,50,,9.08,11.7,1601
1497158207,55.7436154,37.4319648,parking,50,,6.35,11.68,655
1498447207,55.6756852,37.6869083,parking,50,,7.71,9.92,1462
1499130964,55.6560472,37.6965216,parking,50,,8.25,12.15,3215
1501393164,55.606113,37.4161646,parking,50,,5.74,20.88,4222
1501398074,55.6470774,37.3876357,parking,50,,6.75,18.79,5094
1501418204,55.6465414,37.3876005,parking,50,,6.75,18.83,5096
1501418205,55.6466875,37.3872224,parking,50,,6.75,18.84,5120
1501605264,55.749827,37.8140479,parking,50,,8.25,12.33,2142
1501686938,55.7495873,37.8154277,parking,50,,8.25,12.42,2082
1502415623,55.7764349,37.7353061,parking,50,,7.71,7.73,1052
1502888362,55.5963546,37.3664227,parking,50,,5.74,23.7,7349
1503200367,55.7704613,37.8313209,parking,50,,5.77,13.49,542
1503271977,55.8098991,37.581299,parking,50,,9.12,6.42,930
1503378017,55.8756234,37.3971017,parking,50,,6.75,19.15,1819
1504610639,55.6797711,37.5869093,parking,50,,6.35,8.67,508
1510519332,55.780131,37.7372638,parking,50,,6.35,7.98,625
1517335362,55.8112933,37.6197694,parking,50,,9.12,6.17,1028
1517539381,55.6873852,37.4084249,parking,50,,6.75,15.13,1558
1519907403,55.8783571,37.427333,parking,50,,6.75,18.07,2054
1519907405,55.8779606,37.4270825,parking,50,,6.75,18.05,2007
1526007816,55.6603891,37.7654951,parking,50,,8.25,14.1,1714
1528306714,55.888868,37.5947638,parking,50,,8.25,14.86,2539
1529534428,55.8096793,37.7919417,parking,50,,8.25,12.46,3072
1529534433,55.8095934,37.7956358,parking,50,,8.25,12.65,2841
1529607057,55.8083052,37.5830079,parking,50,,9.12,6.22,1122
1529876002,55.8018685,37.4040547,parking,50,,8.25,14.29,1568
1529947955,55.8149664,37.7900104,parking,50,,8.25,12.64,3258
1529947966,55.8133904,37.7868223,parking,50,,8.25,12.38,3424
1529947977,55.8107246,37.7962001,parking,50,,8.25,12.74,2811
1529947978,55.8109769,37.7966532,parking,50,,8.25,12.78,2784
1530236721,55.8099361,37.8051926,parking,50,,8.25,13.2,2245
1530568739,55.7377117,37.5646408,parking,50,,9.94,3.86,721
1530956173,55.7640679,37.7119832,parking,50,,10.73,5.99,1740
1531059526,55.9072276,37.7385163,parking,50,,5.74,18.46,729
1531059541,55.9065074,37.7382098,parking,50,,4.72,18.38,647
1531127009,55.7937703,37.7917687,parking,50,,9.08,11.7,3042
1531127021,55.7944071,37.8070881,parking,50,,8.25,12.62,2533
1531127022,55.7943388,37.8063566,parking,50,,8.25,12.58,2548
1531403248,55.8128089,37.4075118,parking,50,,8.25,14.57,1507
1531403258,55.8138469,37.4065838,parking,50,,7.01,14.67,1478
1531403259,55.814039,37.4069227,parking,50,,8.25,14.66,1504
1531815569,55.7922056,37.807326,parking,50,,8.25,12.56,2311
1531815571,55.7924594,37.8074333,parking,50,,8.25,12.57,2332
1531815575,55.7903178,37.8011248,parking,50,,8.25,12.12,2363
1531815576,55.7891696,37.8020511,parking,50,,8.25,12.14,2229
1533179546,55.7924311,37.6039111,parking,50,,8.19,4.16,612
1533179565,55.7901992,37.6009273,parking,50,,8.19,3.96,509
1533179569,55.7896729,37.6005678,parking,50,,8.19,3.91,527
1533179574,55.7907572,37.6038774,parking,50,,8.19,3.98,647
1533347932,55.79212,37.6036194,parking,50,,8.19,4.13,597
1533347933,55.7920515,37.6036609,parking,50,,8.19,4.12,600
1533347943,55.7919519,37.6041125,parking,50,,8.19,4.1,629
1533462745,55.7159158,37.4388746,parking,50,,8.25,12.02,1907
1533566859,55.7921609,37.6058703,parking,50,,9.94,4.11,736
1533995453,55.7939741,37.6087283,parking,50,,8.19,4.28,655
1533995461,55.7937857,37.6087502,parking,50,,8.19,4.26,657
1534782180,55.6245406,37.6473009,parking,50,,8.25,14.72,2808
1534834146,55.9194601,37.5004522,parking,50,,6.75,19.61,1631
1535091165,55.7986953,37.7836937,parking,50,,9.08,11.45,3161
1535091172,55.7982405,37.7872257,parking,50,,9.08,11.63,3338
1535091174,55.798458,37.7866531,parking,50,,9.08,11.6,3316
1535091182,55.8007423,37.7835166,parking,50,,9.08,11.53,3262
1535091189,55.8014355,37.7834522,parking,50,,9.08,11.56,3299
1535091215,55.8007144,37.7850418,parking,50,,9.08,11.62,3343
1535091244,55.7923089,37.7851697,parking,50,,9.08,11.26,2996
1535091249,55.7907843,37.7893822,parking,50,,9.08,11.44,2928
1535091256,55.7904684,37.7895304,parking,50,,9.08,11.44,2898
1535091263,55.7901239,37.7898345,parking,50,,9.08,11.45,2860
1535104641,55.8326935,37.6864959,parking,50,,9.08,9.58,1772
1535104642,55.8326825,37.6861217,parking,50,,9.08,9.57,1764
1535104645,55.8327567,37.6859633,parking,50,,9.08,9.57,1753
1535232512,55.8146607,37.6469896,parking,50,,9.12,6.8,820
1535495560,55.8673569,37.5222188,parking,50,,5.77,13.75,591
1535495564,55.8669209,37.5235494,parking,50,,5.77,13.67,556
1535768700,55.7912834,37.7056677,parking,50,,7.51,6.79,571
1535768701,55.7904328,37.7045798,parking,50,,7.51,6.68,644
1535768751,55.8209564,37.6634141,parking,50,,9.08,7.8,1665
1538925677,55.8087322,37.8312251,parking,50,,5.77,14.61,617
1538925683,55.8094186,37.8232316,parking,50,,7.01,14.19,1116
1538925686,55.8016668,37.8125792,parking,50,,8.25,13.23,1962
1540377640,55.925145,37.6019429,parking,50,,6.75,18.85,1749
1540951204,55.6607626,37.6179475,parking,50,,6.35,10.57,692
1540951207,55.6607611,37.6171332,parking,50,,7.71,10.57,740
1541435422,55.6510165,37.535527,parking,50,,8.25,12.73,2134
