latitude,longitude,hour,traffic
55.60985400107303,37.856374731439566,21,305.7611304340238
55.749510331821845,37.60946272475227,23,501.63609814249827
55.834148712263826,37.53879358631471,17,1012.1291894242304
55.653410790060924,37.88053515873472,16,858.0927848905694
55.85818960536722,37.667534859466826,7,778.1827649803017
55.778615505196015,37.43353823869421,22,668.8439127382867
55.83993460662228,37.57469349952466,16,102.99701837973757
55.741620083533,37.68242056663131,17,476.36478487040876
55.814217759936945,37.663823865072395,21,689.1059830604308
55.7202289182626,37.67982016565411,3,313.7957892181431
55.85853568630405,37.873057731066815,9,442.57977605815296
55.793199862971704,37.60436708554904,22,1469.4505816431438
55.85193665783697,37.83349688000576,7,89.28918913005106
55.66659164857989,37.515537398294036,7,200.95744387763207
55.839974825611954,37.489272331027166,0,857.2462979358809
55.81624392889315,37.80265748367895,23,1097.2870511907058
55.856708940431886,37.81510993228349,3,1419.3941020870466
55.64232455463331,37.60319615413676,22,1349.6869368556236
55.603900577053224,37.44275426542723,22,1279.785738426981
55.63683306689882,37.83822203793765,17,1344.3739810616134
55.84523306852153,37.57090867584893,9,1246.4056305628567
55.708917763658526,37.417114055410266,19,955.0159163812443
55.72282349565737,37.67602359042599,1,1298.5486289633463
55.66585315752429,37.88727363259943,11,253.16410486135618
55.86054039276937,37.643715599124754,13,733.0449064060309
55.65463214164647,37.64238918357517,16,439.5821711081718
55.76249026439826,37.71673910991307,6,366.1335058664254
55.793516250330796,37.61085196727664,12,1052.2716935339988
55.804955156933644,37.811291937955836,20,1231.828921183563
55.7494272260533,37.433587699957855,4,994.5595631102032
55.84892254111216,37.5032106358803,9,253.02688105765105
55.679105140790384,37.53324919668544,7,413.5594578143168
55.78992941900724,37.647136925069134,9,1375.8973215911917
55.725631157467625,37.59156926412475,13,118.10065182382982
55.649885010626825,37.76901680821318,18,180.98859283753143
55.83129577766064,37.434124852677044,10,468.6059183175148
55.706701814939485,37.75952295259212,6,935.0867671615385
55.88479203911733,37.59832468652603,23,1408.403122020899
55.81977162916307,37.507470189295375,3,832.7720294168805
55.64860416336747,37.82076483015502,16,769.7310584417927
55.779052854675065,37.56712194540848,1,204.56746704396912
55.62254133452075,37.7640943781018,10,917.5147844888241
55.73790445382834,37.43796670518481,17,1209.1530245050199
55.808408941256324,37.53607256861498,1,199.48593171993008
55.69437896704282,37.803715125908376,16,248.38701483249403
55.885071206146236,37.62300288647898,14,175.72255720016625
55.887451237901175,37.77919620697284,20,1150.6019760313322
55.81723099878194,37.71861578989474,7,412.01861284581963
55.746827489092944,37.5106047209098,8,1418.8860425455891
55.611828043410554,37.752787586257845,6,1499.0625743704607
55.766741974431156,37.63660505904067,6,99.22166894940833
55.80922608017405,37.54867450368627,15,217.15893080856233
55.72652879791915,37.79767091897955,19,1274.5966278758522
55.69573014197298,37.81445773707534,16,992.7426581426809
55.70940917483719,37.68033859700176,12,161.5821423623533
55.80888663276344,37.56993748188403,22,636.5039020386836
55.77172832783004,37.80198848970045,3,1196.548589016497
55.69562575087962,37.712945688218504,15,668.8847321495533
55.86299961335873,37.608753042013944,2,1311.6433671563484
55.606380823255115,37.8373508363421,12,606.7476403836023
55.87977697282757,37.435014852873735,13,558.5321324049797
55.830156486679336,37.60096545680462,20,745.6829239419319
55.774227162168195,37.5358434855345,9,182.9640359115737
55.70091113914853,37.66125959581726,0,396.22686136403837
55.63314223393942,37.57731107882039,17,479.64677466118565
55.67008232531497,37.42104659481818,0,1369.9916979834247
55.6135302031661,37.45473379933956,23,230.43445808044171
55.886924709267824,37.79899466107169,4,179.6459533527763
55.72527423273548,37.83955915378108,13,921.1577473411871
55.87111719015258,37.89459245490668,6,1487.194507898616
55.66950151041503,37.87136588706756,21,931.2183525743458
55.753806553304955,37.51533490585888,1,606.9313866623119
55.611019581227985,37.87863513149166,23,557.6816257917586
55.61735280296902,37.884551315070404,16,801.4775316807687
55.7791822217291,37.66251575043013,9,797.1094902563525
55.74735590226059,37.89816788790336,2,1232.9580312363958
55.667332171550996,37.51190880741131,14,100.55448233904612
55.868476432368354,37.83006340820896,10,1322.3182508140515
55.679680012776615,37.4647574606414,8,114.34616212319332
55.8556580600041,37.417711184209274,14,1000.1008719265815
55.76525721118274,37.443493379955704,23,416.34118624328335
55.60152464194541,37.74785714642487,15,769.0198158642177
55.6243138647723,37.5100916009749,12,1346.9958999036978
55.89744260054351,37.43075851311961,12,746.8505371236396
55.777722335397854,37.812340482962576,23,1010.0624146545186
55.76313367239922,37.832246440153675,0,1324.0134802149792
55.83922780648208,37.72922591732921,0,278.1439565686627
55.64812003159902,37.56700443937262,12,1061.3336194204612
55.804042231528086,37.70930568910759,5,324.37123268825854
55.8644911398311,37.88065764409245,18,1324.653646330791
55.60154355122641,37.80997345870405,20,1128.0869716228312
55.648227968814496,37.80898351205953,13,1147.1219154881553
55.677606499209375,37.49656643229365,12,944.5440316448262
55.89435585340823,37.715906763508336,1,969.3082694944364
55.761995613914756,37.78992269757557,5,460.8472749850933
55.60552831562147,37.616120391946254,1,545.7146407560948
55.78978656794018,37.866014052755006,21,1408.9813064928542
55.806365716690244,37.433918529552585,16,1167.9272241715964
55.81257160138079,37.63678694421754,21,950.3275007628419
55.61372261014375,37.83576840307619,14,1454.8728901642526
55.82489554952288,37.46504312006532,11,85.65102886526219
55.6066370654587,37.56180510957477,14,1237.2391828677858
55.675752624906515,37.40051473992281,1,446.7586661084155
55.89913735004731,37.613090651117986,12,1288.6041729692706
55.75810722886356,37.812960382899945,10,370.11593854370255
55.624714313684755,37.74024965103735,21,240.43593329359817
55.86041629675969,37.881618326720066,23,676.8854615117727
55.883084776050275,37.60986365846306,19,626.5118770460517
55.6822645607046,37.891988823979915,0,515.0769736352847
55.81732680178423,37.77291850601548,2,95.14442018254147
55.79550004761276,37.58426317186188,14,733.7220671486434
55.76296984173699,37.47962286913963,16,182.18851108897795
55.64609741144834,37.62684681730264,17,1153.4847868673485
55.787866096489424,37.465622438841194,20,1372.1622506918711
55.89025337908413,37.492729437338326,14,748.2074096931976
55.63519245668872,37.46259289610127,11,408.93293562489396
55.767523801774956,37.512770071221865,21,893.8585327758782
55.68069802133053,37.79877955031859,10,1477.3095407342107
55.64487419280027,37.6322992983179,17,745.9113103398291
55.78000616443579,37.54583128935465,12,1147.7359380362739
55.88579459141162,37.85390932649232,10,746.735073523852
55.63147905352545,37.521022507931264,13,256.6185372071942
55.749666446035405,37.70907786715906,19,551.7240230850174
55.83274142073789,37.870618752116194,0,800.6818829078316
55.62635994974345,37.57531346560459,0,1245.545368000409
55.70734040527848,37.561047351109664,5,872.9342299792593
55.806839490741176,37.80029334955454,1,109.71606815494394
55.80111563750632,37.875774987177664,2,1349.5208888933055
55.77843299121308,37.708302290931236,8,1078.1377532038289
55.861290737123824,37.757043466066214,19,542.2027791870688
55.84444753412395,37.440057423192336,19,851.8521062583397
55.77924275878958,37.79191627670943,2,109.09345383408551
55.64919984429685,37.61930360824477,17,137.5105217863175
55.674130970203045,37.47977234005659,12,942.825931816252
55.6987052313444,37.63509129634833,12,314.070977748614
55.83690955214274,37.729353887750435,18,284.4251890128638
55.606258341787466,37.72663150961866,4,1494.6841782822758
55.89243794864403,37.725162843173464,9,634.7289736295561
55.6661683374767,37.60919989433383,14,423.64018834125983
55.738786887021796,37.83413625270419,23,666.9653349497092
55.703780497764086,37.5855193814923,19,782.0250787448758
55.762990157008986,37.656997933904364,8,685.9923578249062
55.81757729812454,37.64333447071235,1,916.6991696210033
55.83788682838169,37.72750466941605,18,908.9079764603753
55.87370900368501,37.50533109450283,12,725.4285701793603
55.85079941913436,37.5178960469796,7,637.6997654743279
55.780556615098604,37.71627026661315,13,1458.5228863603775
55.654293085812846,37.827192546684785,12,683.8898137843985
55.629218017766064,37.60251039954016,13,796.4851631980508
55.70777001081993,37.69647542571746,5,995.5787060191349
55.69364441700893,37.59952297306855,2,1002.2681635848737
55.69755701926741,37.7867365628433,23,625.1566756981649
55.6711083571325,37.51733701913077,9,156.57028362851835
55.650927371526265,37.65988697427801,9,1020.6160821160739
55.64372697047342,37.62471691760687,7,944.8602305758436
55.812033165065635,37.483520953950475,19,600.0699553875145
55.781661447293466,37.57836602652,11,738.2147698372302
55.85325113469076,37.80283507647503,14,1308.993356744225
55.66175236301103,37.45595980969886,17,1480.7048215178843
55.63689124255889,37.51556545621382,0,227.05937531453887
55.73565970848503,37.866937508763954,4,199.79798782982272
55.77540121013278,37.7441039329333,19,1480.613678290328
55.889535608930814,37.4024699904672,1,518.5394527519039
55.8919293244211,37.690056114847735,23,797.6142414399128
55.74665397407708,37.73343212877305,19,232.3251921196408
55.63981439614579,37.4717711810197,17,342.68750557827514
55.80202972999747,37.88495602305363,0,1109.7027385627707
55.64684915343765,37.517280646667416,14,306.86719469870957
55.80778778566785,37.819057644824056,10,1040.7096410199865
55.749152429202525,37.708923620100606,7,1303.6828121348033
55.830555809357136,37.45655490953828,13,1382.0828056405812
55.78018286276387,37.87043767816903,13,621.1033881985298
55.79536989311245,37.453296515153994,1,1499.1499023674664
55.61446361165817,37.888587092110654,8,1490.3385591700114
55.82572832878467,37.445240847643525,8,208.2089660603371
55.79515349433751,37.782595432277894,3,1018.0104090671979
55.84235378258238,37.78114256738831,8,509.93378930982794
55.86067018766217,37.58783612594086,21,991.15825525187
55.69851436836552,37.71510437416457,6,866.9864446552652
55.71412591126984,37.67424986082574,0,394.43898976777484
55.711975537488804,37.513634813631576,10,925.000460402998
55.800463839566504,37.709745173004805,13,775.6456982395752
55.76270909949392,37.87573927983299,1,744.8137225631099
55.60769261974193,37.57062391381308,11,266.0381911567823
55.757987139180685,37.523034829398995,3,931.4623845504947
55.82946497846264,37.806492869358046,17,1087.461815293948
55.7563702397456,37.81119670940853,10,60.96616871830607
55.79424241424638,37.84901527447499,3,1394.2000899546447
55.61808021708687,37.867218013402756,21,332.1095686186864
55.649899482322944,37.70867587870649,20,463.0657078447881
55.69218698947789,37.80151294891633,2,892.3514772310567
55.626887901746485,37.75881789295431,1,445.304801063624
55.724064730457606,37.460943046668476,10,228.67284854964078
55.857824737984174,37.79989054771201,6,478.1535193694496
55.83802217744435,37.492614223273705,23,1446.2439690944907
55.745063694015975,37.802996274887576,0,591.589040405662
55.757949758246134,37.456152172205606,12,922.3371392121802
55.845756657828034,37.8421032316742,8,1200.9285830517485
55.79398177402686,37.487386721413685,9,1355.033528927116
55.706026413790816,37.51843527948724,4,487.98772766045283
55.81958742027569,37.825587130426385,6,1017.9473539726322
55.6286605941504,37.711929662338285,0,664.7199787242879
55.64589514024857,37.51761779240099,11,1301.0557624376813
55.66502194002723,37.44785727776008,15,502.7940897707542
55.66907385052836,37.50309308225921,10,386.32328936816435
55.717271798771655,37.697238167593085,1,448.0833683001818
55.779114075068705,37.73792062254368,9,670.8894416421414
55.815279329697454,37.746218075662185,6,544.5805354876197
55.84561211713577,37.701609705106684,5,888.6610296592931
55.682248199967944,37.43970968449449,7,985.6702644122895
55.778725218456685,37.60059395701949,0,378.6517832291326
55.70649889174958,37.434711921373044,16,1256.201514214562
55.80088078484019,37.43496580285471,20,443.163782925268
55.77784359749602,37.74006596555172,11,520.2839420172946
55.69990057391746,37.734743477599096,22,598.7908140545102
55.708883281553796,37.897740245352125,22,724.5481378113914
55.61804270278024,37.681148407938956,3,1444.4153171344792
55.79048801367731,37.77741890997042,22,826.9501424859678
55.62900293489402,37.62518546812909,15,51.793185651143695
55.69025593250598,37.89061818717215,2,1394.4078382452064
55.670392624556634,37.599657957904654,7,79.03821609244548
55.82115406750217,37.78429990239425,0,1270.9482768458108
55.756287393181616,37.71179284400138,17,1192.4578830237842
55.859405857610064,37.70424320632989,11,1183.9407271220596
55.812623409322896,37.41808019026238,0,379.66808513934325
55.70250235056908,37.59045476275549,1,1408.588843395041
55.766140672213716,37.55276215532901,19,455.57013078364486
55.882716105730665,37.836668330861926,5,1383.1183611609051
55.74908904487175,37.89607900741166,4,617.0120064343529
55.750345899754606,37.5985893887146,5,1235.3020773122278
55.714186988042975,37.83898716022253,13,1218.5918301705506
55.83700913089212,37.55233956954902,8,517.665567877302
55.60686814749284,37.47689557483402,2,551.844603479789
55.89268306025797,37.72048603867267,1,242.16077547568023
55.85860434468179,37.861378595256696,13,251.83713569541825
55.86947848818781,37.81466620257064,19,778.7208108719915
55.7195989083317,37.473186996081125,20,226.55477113164844
55.743470206914424,37.653053777423374,14,1446.516911804302
55.764858860768506,37.88291108057661,12,1407.8513021313079
55.86283155777941,37.53887631187463,5,50.48213387470964
55.60530634288398,37.701276581921434,22,270.43603703653974
55.6184048881332,37.79038079303422,9,357.04525846494363
55.74538047610566,37.77712677217193,23,481.1648199434164
55.72910115325268,37.485332379275,20,226.0081621625219
55.69098254427028,37.45052290550532,15,1052.846180575513
55.785415502286156,37.71659481300673,7,1230.2568907837272
55.7845658314693,37.5531268103933,19,1000.7993252144016
55.85440476557482,37.76215873483833,4,1335.5761120986767
55.7349353946464,37.49731125591038,6,811.981701854528
55.74449045396046,37.488443572571924,21,1447.542299449409
55.67457407731448,37.46690186813974,20,77.8288013934322
55.67794396262351,37.78014491156107,23,826.199690606258
55.66456056160517,37.40606038732194,17,962.4832687155674
55.65965688333259,37.432308339922045,3,588.5424230927041
55.679755340996294,37.723045061731256,20,1274.317769972443
55.629424774235275,37.644120568510886,3,1303.7575686036057
55.673043390521464,37.725855323955486,2,595.0380134613655
55.71834288357101,37.62972338420299,20,1436.522176440975
55.63994350125343,37.45107476482877,23,507.3399988346184
55.80644041182596,37.61880156202769,0,1269.2637901675878
55.6115279046887,37.85088099606771,20,1246.4416840966205
55.7486356310383,37.59317445492415,21,973.1710391424506
55.78418007542802,37.43332602028034,23,1329.5661886613448
55.631708043971884,37.894137635500066,22,1036.3302798521122
55.612501870180715,37.442396008022904,10,1005.6015245953371
55.840639167438276,37.4526837669764,16,1436.9270275342462
55.8212525078377,37.57662570425103,13,1487.8031928618973
55.8912249873012,37.8711576948366,18,318.5335734078285
55.652232800600224,37.4491978248567,21,1158.3403602215171
55.6795139284975,37.41047248051545,15,1453.3970505252942
55.688633433243226,37.784611573919065,8,603.8124774966991
55.66170617865867,37.4606932090797,3,1173.2189819247926
55.79317127606234,37.66515106662458,17,517.2124799947111
55.63757007112985,37.63716805495311,1,922.728304972667
55.77472679746217,37.77403658971476,1,235.73883223099003
55.70148025179835,37.864041820163024,22,187.76696353884176
55.71279786698239,37.67504597022908,17,1417.459964729826
55.672207813549754,37.460750688150455,18,1336.0411053034409
55.79374324379656,37.54295339461958,22,1324.9395569968653
55.67752948608754,37.672008289591375,20,1144.8107966821035
55.73816184918224,37.82099927644503,7,858.8291769910514
55.65417837945259,37.42692910349901,21,1142.1216370744341
55.68079938949061,37.66977811024775,12,288.98148280768385
55.63951863203637,37.76298995499265,17,359.5914811504743
55.75175580788555,37.8203515140056,12,649.4538514781291
55.82745550332296,37.7717118930383,2,481.44525441228984
55.769506597857706,37.74444265102505,6,886.9005357669475
55.86314153245342,37.61690025612739,7,719.2583379086954
55.60279948594813,37.52333943226081,4,1328.103630528781
55.68337062917466,37.49697693363389,9,1003.4624535281334
55.69327867900227,37.77117402528625,13,943.1789028772596
55.656407420384625,37.57769228434287,12,831.1087176474067
55.75724775121785,37.82402389556538,21,1257.3866805532127
55.60330948427874,37.77477274223444,20,583.5140893880225
55.69807948490143,37.47444402516622,22,731.9626284475892
55.750615064046535,37.46235702845569,14,700.4854148840867
55.81662128146082,37.843097890232535,2,249.84320378089134
55.798912601350146,37.40093994176245,6,54.66648222620409
55.785876801237954,37.57774650522068,12,184.83642774354163
55.77646068008452,37.64048644494306,13,1098.9369101378152
55.631241207376085,37.51271937773185,19,862.9571369034478
55.78104629997894,37.73823396861318,17,923.1111838760976
55.60687984338041,37.56105400211459,13,266.04961741640295
55.80862469449841,37.772962604406835,5,354.27089254179367
55.847539200299835,37.660148288459325,12,263.8061637241117
55.698457826082794,37.617009683086934,17,588.5619027159163
55.61876266806921,37.800683457909756,14,1497.6038915197769
55.879933999403065,37.7212825997676,16,974.4522334818331
55.74884991523397,37.48912623345232,14,644.3620900596179
55.851940685690685,37.59191647596652,8,1427.953491749358
55.660880910272475,37.68277498246072,9,535.0413686758016
55.60785901255962,37.412095881945675,21,445.952674460578
55.75542362987164,37.54936278679438,20,131.3973499535045
55.855818405962715,37.512770664962865,4,1270.8036718481226
55.655830425353884,37.801321654897855,9,1409.1622766130035
55.8118057022992,37.71558532297835,6,1360.6743288775433
55.87281705760252,37.79010653171505,3,1159.9937035371092
55.64767245030081,37.70511257473882,19,1002.5849765873523
55.88698438632504,37.43447900817821,11,114.66261714079423
55.61088628678405,37.537859926547775,22,1364.069141755503
55.674863859954854,37.53597486306431,21,671.885974348506
55.853436830885805,37.53406951004776,8,756.9782308264073
55.61008408005499,37.431326601727676,10,251.905788120513
55.759726204682565,37.605547801300354,6,175.3156856056924
55.67103529279342,37.766224365919044,10,1446.921929609648
55.768050455038555,37.868411231016545,9,1250.4091442171507
55.83631390465831,37.712212723235865,4,1472.8807812210077
55.67695901873328,37.72708730073703,4,869.7288691288344
55.7391797460065,37.88600266481577,11,556.7842395258872
55.63422873546638,37.47562341436747,3,656.0854041122022
55.62665207352627,37.74187705278852,0,808.9168214928313
55.634430661560764,37.83006984667472,10,148.1191247550023
55.81235052916893,37.67176910867132,5,377.9132248054141
55.85407561842657,37.61431527348524,4,1421.2623131504095
55.854992611444196,37.734511168664554,1,1299.8810171861949
55.738048679346534,37.774641856347884,11,140.29600352873416
55.7537507946311,37.80320180861642,9,1468.1896360616163
55.8381969149104,37.648627965157345,6,1314.596765032591
55.763454327725356,37.779212508934556,19,803.1094962807091
55.661464382245214,37.83891503907602,21,284.3487263645136
55.67664800339668,37.8733189770998,7,1478.2350014042688
55.831603742892995,37.41358371061278,23,722.7004963778825
55.87276606175847,37.669350898976354,19,1207.599072925276
55.71157980037506,37.62584840961584,17,185.44155936417863
55.73232164747524,37.497804636522254,11,808.8279652323749
55.68614138742537,37.79642720951692,3,450.8404513459243
55.693704730565656,37.72133732883621,14,1376.8805991902127
55.75990866017384,37.478977411417674,19,858.839278297342
55.64981029402486,37.70673656931959,12,1363.9077194103613
55.683071346213346,37.89176073635761,0,917.263312585076
55.610015080535916,37.58184656237807,15,270.55121067229567
55.732097025510505,37.7076490125349,21,1292.4672073088864
55.6352931964478,37.76986516604277,22,1452.3335921257972
55.72532829378253,37.89205515951825,20,1101.5190446397166
55.696903359515865,37.89853907854083,22,238.24835097999048
55.80605829930251,37.44651524323001,3,1093.06275243528
55.86707741590534,37.43970329232151,4,1461.5132154654511
55.70105215055833,37.548244890641655,5,834.1509447290393
55.813072839586994,37.55717505659187,10,1356.8792156232407
55.79550037561193,37.55703039749636,23,766.6080485129348
55.84847477573116,37.56760402368543,15,1082.420329479632
55.84779346381242,37.45031873926177,20,659.1721553792012
55.87160796228336,37.76983565036338,17,1135.7981885967945
55.7953442754645,37.71046428373921,21,1120.2002288408498
55.841858764301136,37.82186866320336,2,95.11761988016863
55.82178842054943,37.453171863127885,2,1045.1744351948414
55.62089234444872,37.487440718587976,8,1000.1594940529044
55.89752278515035,37.436335435805006,2,1056.518331589255
55.75379642594351,37.552655338348366,20,98.12456411551801
55.69118392037222,37.72658139526564,13,1360.2313743028528
55.66982894413039,37.80369801516997,12,1353.3287128613586
55.79523056426763,37.837113362069175,22,295.1675520161891
55.71692781622795,37.589751451687356,13,1303.6172338078716
55.76399446605634,37.590200274485206,13,744.6515914998593
55.60540002668357,37.61072202078962,13,1381.2110006887683
55.68401119886515,37.829170838399556,18,1460.5256681935246
55.84781171549997,37.7496576875631,19,1473.60810522791
55.786403349176055,37.67959240341466,22,822.3800358042547
55.790526731772914,37.62492110398628,23,1070.3446673181538
55.762209542993475,37.44826723509772,8,67.98585260210645
55.74063038963935,37.55063263038,10,157.64926583316034
55.66790544830245,37.76512307354507,8,119.8071121686125
55.8708684985576,37.82613193719559,8,529.0916056198721
55.70212175300487,37.89451417917508,22,820.4089548236857
55.851445655065575,37.542645169178655,11,895.06991087106
55.89863125485739,37.82784804691877,20,142.2793184656314
55.849412054315714,37.699489254088604,0,1119.4703361845989
55.757571927256045,37.416322838772835,2,1252.4658590092956
55.86369367008468,37.68588617602416,12,1056.9531613895278
55.62466211911354,37.855338289717565,13,1172.1255008087267
55.78057702930454,37.846261644977425,21,930.2798891421934
55.789392265927596,37.695848581153165,18,394.2785291434691
55.75370913326374,37.45211240140417,21,1190.7879859739335
55.891229861942435,37.531337821299324,23,920.944046495116
55.82307817485297,37.6531330297476,22,640.1092689696826
55.86744400468705,37.40146051631068,11,925.9039317532679
55.872214049413856,37.51942833020096,9,1458.7224018065235
55.69940410213091,37.64102052905604,7,731.1284563364915
55.73424044239674,37.63714421021563,16,799.0303112466696
55.60165173974813,37.403832016324614,7,103.24597562619066
55.63240772623921,37.569430324669376,20,685.8808083792815
55.66555295030624,37.59839842354316,21,1401.0428931775837
55.71910451237116,37.44354638339789,8,1236.399669684959
55.75947983938133,37.83993133868058,22,1317.622660793505
55.74806397410204,37.75112938301583,18,703.3656775255442
55.878828008341934,37.48260196966892,7,661.6508588813055
55.72330632257967,37.85380550127827,20,424.35121857719537
55.80238235587486,37.54836382055204,6,1433.3480349983088
55.816418035331886,37.83144025145621,13,124.14630309104605
55.67728216610012,37.42976235017388,14,1313.8167045679343
55.67700826849301,37.732646050989025,0,711.5429379855359
55.71071590652828,37.460512500242594,7,1139.2081693222062
55.621302299359975,37.44009000704095,14,1137.283608432876
55.72380259782502,37.723048087502534,9,574.7839867149042
55.77809823736256,37.40506559201387,17,251.36342327494967
55.63472128200361,37.47716078264154,2,1099.760930425836
55.636167524921106,37.85122665364292,5,1252.0757121909621
55.897378968020085,37.81000631455968,8,661.9496771850766
55.688512212296246,37.6430002468988,12,629.0846851723019
55.87304039103464,37.80401131495327,22,1234.2486437098896
55.62021536643566,37.59369629283433,10,673.4000622157148
55.80188998671833,37.537690587127706,20,1299.5266176315283
55.777085662885945,37.51313955410711,2,702.6788737138016
55.77377990614616,37.7796755128763,22,512.3568865656514
55.77465962397823,37.58558621171881,21,1073.0995008335458
55.80652150554764,37.587276443510056,23,290.16110319098476
55.79372215302868,37.42238922525233,0,551.5223180698932
55.646337924167,37.41272387995287,17,973.5083603093777
55.70218124997439,37.43585594442382,10,501.2653678419207
55.8031361919205,37.702889624726346,1,1270.4988745297803
55.774066455635506,37.67984422241897,3,292.6716130510105
55.89160757694898,37.51424337337738,23,782.9099209701524
55.88920522213531,37.5921033564929,13,94.88589683304812
55.71639602798406,37.48001246823159,17,504.1490785517523
55.644118555169975,37.643925598596205,9,1355.120615373897
55.634841688060156,37.87795941447766,4,737.309321300576
55.73323831394973,37.89742898652966,8,1476.8190866551731
55.68652163134563,37.880567742703796,19,94.85958486044586
55.891222646103174,37.786769445767284,4,273.5103126088063
55.7661134456074,37.670852406205,21,408.0157686679991
55.85156476447085,37.5780928235588,1,426.03560110978697
55.65838715101146,37.42882379109951,13,1032.2116162021393
55.67051116444115,37.81534425526004,3,553.551706594236
55.774140280298106,37.46959835067285,2,268.2561629119497
55.84502707903586,37.50365450159378,16,1115.1379885260492
55.69014681568013,37.562911558782226,23,949.9576957456469
55.66039363234673,37.597568871632156,4,739.5417543558987
55.7629073751873,37.5138748680516,20,918.7248483084715
55.70603822216403,37.629233212284625,21,239.44589854402122
55.837152938282465,37.46241040698342,16,1037.096044792704
55.74003462316936,37.4172306297125,5,265.7541556374177
55.738802681519616,37.89049368908134,11,1144.200771317958
55.74757933003172,37.55122373914469,3,464.3861555125118
55.66096692732583,37.780899095688845,14,928.3451895516322
55.87562041318191,37.58113404354929,16,1305.0868611556007
55.89422180307503,37.60379210428691,18,923.0696287644304
55.777422027826745,37.80329467116314,2,340.68804751618404
55.632779263092885,37.82698098347771,16,978.2875517614546
55.689530473708565,37.52019119434974,5,421.26896940218376
55.609237014898135,37.88576652119529,22,77.71833692315784
55.74305304049535,37.74386102121528,10,1314.470090748161
55.75816785425194,37.716272054982916,20,570.1375118546695
55.84133116230385,37.539379936207276,23,816.4382590971858
55.8380182042916,37.89527301638506,17,1031.3908833432238
55.848540789834736,37.547309698173095,6,114.03480745785534
55.70253472142103,37.71645316533922,14,257.13291658621597
55.82602837667709,37.78446139105382,8,1160.8681025536
55.85377643190332,37.70680205711873,7,628.6952727068984
55.81694484593939,37.54016723039576,3,640.3044092321601
55.61980295324207,37.574410266984735,2,966.5302527840513
55.77311219933857,37.748878138036716,12,1434.9170505729671
55.75677297980102,37.54978283897694,7,213.7508818947164
55.85262233121957,37.52111560891228,5,122.82771662276195
55.621870550610375,37.60143664131632,14,356.11308319089744
55.8590202300571,37.60065301210985,22,1397.3806777661882
55.72153080835827,37.853055501066244,6,740.8336301984979
55.6678086993448,37.72023802108792,20,98.82030841011544
55.66438842197764,37.608060714035545,21,322.37213617977244
55.81593743600641,37.83346673417594,9,899.5039432576028
55.78743515883682,37.435887903113255,17,400.8009364575179
55.814185789751974,37.8112673971921,23,470.4566724682331
55.768986679286144,37.45997684651194,22,1094.9499606605143
55.72043368927396,37.479312072263184,1,244.05112634955506
55.78886730906752,37.42716601741145,11,633.54762427882
55.63082447573573,37.494519762363765,17,450.44585884030425
55.81209294623672,37.431344810810934,17,727.1035999472356
55.70211122389173,37.870224252868084,10,1248.7362568999765
55.638978977360715,37.68249217883763,1,504.3544804984575
55.8366797415328,37.845936072405365,12,662.4575571672435
55.713194098421894,37.86816057698458,18,179.46981056208074
55.806105779950975,37.64690702022846,0,1398.7478998857157
55.85327461072175,37.73792387323217,14,292.08197868343814
55.8139138151903,37.733192706789104,0,453.7371419631301
55.63888019535863,37.73805411570721,8,202.7791372637419
55.83454715900348,37.722074610737955,9,201.97169424647956
55.74957123985171,37.592560059951246,8,740.153209966901
55.63329325737555,37.71721207264329,2,586.2292211814062
55.61570650605624,37.78378381425896,17,850.5005787473979
55.724739250206234,37.759826908305264,8,1003.1625491466864
55.741684541248894,37.84007836896074,0,1204.5488635661388
55.82620691047851,37.417969337460775,8,248.0713102942003
55.795491928143186,37.769298729066165,5,985.007275832355
55.71853927228345,37.75660344164131,21,889.8041202933471
55.6256024009453,37.42150347593347,12,134.23333051650718
55.633453663696386,37.657930951356164,11,194.80689064745835
55.8064133331508,37.52094444177707,5,539.1510428151844
55.605798289275285,37.46218419950026,9,95.56164119134576
55.82086012751823,37.5651213896682,11,912.9409286132383
55.602977146338354,37.63204757972675,3,110.40238665488951
55.71929427387761,37.781154516010965,22,1172.2874983215056
55.83187644456283,37.660648023827065,11,232.0478114058474
55.605084299466874,37.785079105878545,8,224.30048222483555
55.67967484988758,37.408776181683315,20,545.6153729636646
55.82170796733639,37.511631692752594,11,51.96275728742882
55.68994015826957,37.72322937081896,6,1324.9199165272578
55.80267402758508,37.673481625685696,7,1185.6376992830076
55.834112837071295,37.62899787950178,21,270.87528921088426
55.869836563763826,37.75506771589903,1,924.7731182866673
55.74202026444847,37.429858244485445,11,133.87445169838287
55.88733694029646,37.871362159547054,4,819.569165165912
55.79528720053542,37.72229558737117,21,580.2370849789884
55.66761438040203,37.49791654206713,9,1349.3089121021312
55.854158331710074,37.557573519566276,18,263.095928902904
55.84333713098004,37.717977353581865,14,287.6274844816992
55.79284567444005,37.80493009368029,14,1380.3544725413858
55.687151351701424,37.634994134078966,14,137.91194279637887
55.806999921192684,37.74504827911892,17,61.37030661927939
55.78927653706875,37.623836712705206,21,652.6811706945632
55.69057501002325,37.78054415301194,20,1445.349794332287
55.78627257706531,37.86433014350744,17,842.9464794139329
55.654092380626835,37.62929897175692,2,290.3371807392261
55.73366249162257,37.50459273270396,10,1027.8060195840299
55.6410997189161,37.89749068466254,17,1287.9881364717671
55.67259313909511,37.880313487756595,15,972.9810377923638
55.74947080014978,37.60333703499929,11,426.335585605331
55.731098765699684,37.69678046768939,22,360.2377060979435
55.603908870327125,37.40709502469788,11,1199.2629186181557
55.87236963813388,37.87185079641011,10,623.0485931494568
55.88586903879935,37.88352634071302,7,284.42358254359476
55.74307003194039,37.759165587686,14,386.4577519066037
55.73747039511785,37.790674420307205,19,869.3737030564967
55.831488073293585,37.64944783226797,8,1261.3413547210826
55.83532625740102,37.588492770963136,9,1216.8920268850575
55.61381702025699,37.804039641177916,7,1279.6610299221518
55.818658432680984,37.4476996386566,4,406.42078699392187
55.72082931953867,37.847321398788814,12,221.82880421731977
55.68666548167275,37.598918312751074,1,1490.2197723632978
55.61347338969868,37.7805039617477,16,971.3932862063077
55.62721651067048,37.41630897417078,2,1428.8464620286952
55.773136775811494,37.57856057965025,17,1489.0413195934295
55.71589695192294,37.68692062705225,17,1002.1150568764203
55.67211967386805,37.49579647286741,12,1462.8397460849235
55.608255755542125,37.81990808107276,8,106.4484468222178
55.61080564548743,37.48761088605291,1,1035.3473943441672
55.667467065044775,37.61569032438704,10,866.8207309479177
55.72825054939843,37.56316921546599,18,459.61929566063577
55.70591511748009,37.84704715126662,6,1276.4818481669531
55.72028252874191,37.78155418180065,22,740.6868132865933
55.74926195564383,37.50234005452864,7,319.8970517423545
55.69946940972016,37.82751510080997,13,153.17951350147757
55.62070227778385,37.87039226025155,4,717.0034735921585
55.62851591365981,37.81337338401312,3,1055.746183337003
55.83133684475556,37.72732534343297,2,797.7061384918575
55.73898809598184,37.422701640734346,19,666.5808688846562
55.611271327119674,37.46393340061121,8,50.016870395280904
55.72496974854469,37.661255090542795,4,1098.5359971297037
55.6601680753219,37.50178918877318,20,490.71664276978964
55.669124998635205,37.400736911043154,14,327.1221287692038
55.693025361502826,37.76586236828211,3,1125.749674090137
55.85452761372716,37.6113145985068,17,1349.2591595029676
55.84540802474161,37.5264068030446,18,313.34025324707386
55.71128230244733,37.850970098374574,21,638.3391944918385
55.666146530406735,37.78124144223778,21,906.4248592922247
55.798304276274195,37.43922790815856,9,1078.5152012852839
55.65019639120032,37.79031585871278,8,439.82777655662284
55.7885302142257,37.640933739637305,16,922.2531249847449
55.68896797366178,37.75721208203562,20,862.1329612929235
55.83421955596027,37.754244848746396,18,585.4571168125345
55.8798774587709,37.81375315993661,7,311.2838434858145
55.629470497656726,37.80175905421746,14,1057.1633695172638
55.818694318496746,37.83084545189367,16,94.74396124670506
55.61556858985553,37.47108522335195,5,536.635158691272
55.89355764051674,37.82826861187396,16,1104.2323043423157
55.76862183832077,37.87354533355426,0,502.37682947330677
55.744750126070606,37.65333632449137,3,607.3148058599955
55.60755802418777,37.819498663859,7,1206.4436727789391
55.78477357470302,37.8216390454682,22,390.7114372441315
55.81146130301301,37.808564071007794,0,1452.201149121412
55.61550061649739,37.65239779915226,15,1300.8286831663095
55.65377668357234,37.80000174088184,2,1431.0773191973778
55.66801821469899,37.83967051008826,19,1031.8709980636268
55.78750875582556,37.558274832633934,21,1025.419341602902
55.83900441915741,37.525233949396245,23,1406.1807928907251
55.85520407818145,37.89095284903827,18,67.62731864221087
55.80220597571764,37.42591789955986,16,78.70370460351886
55.71720463329578,37.49571384024977,11,950.8740511219347
55.70021498970063,37.76634952529514,13,927.9819115930209
55.674139466398415,37.57792737962961,17,677.5119754189308
55.80563316496657,37.566228078574355,1,347.83204229314254
55.714432312423995,37.89102476850798,19,1023.64476556745
55.78968464609129,37.49949606947972,18,1188.639776698222
55.780330808687296,37.895180890999185,23,450.6627072754877
55.729605678278354,37.89018437047109,9,310.07878891770514
55.89120296362292,37.45665175236373,8,1119.933228010179
55.81136632840823,37.61136431844697,16,626.5379489016623
55.67928287894759,37.5026664693534,2,439.3739462980306
55.68623849946918,37.72837803173728,21,258.71577467973475
55.77860789837758,37.48605530141139,14,1429.5636702260706
55.6891872370922,37.446033493041234,11,714.1322069189752
55.62762857596987,37.676689508063355,20,71.9104921109888
55.88950461083634,37.52544652284555,9,703.495388661424
55.80161681162568,37.69177848366241,3,411.8103319154605
55.60060555532447,37.48704083765571,18,203.56341638544856
55.64644858377932,37.87236812939154,21,1411.6327891524213
55.60200463876717,37.78615050758267,3,1066.6524119053367
55.80403356563409,37.60407584543335,16,609.1395936551896
55.880880141823965,37.67099503744488,18,1438.4924718715351
55.71971059529273,37.81990080333221,9,1122.1419332554021
55.66440035919176,37.73249725811888,9,62.063916229428415
55.730074837789786,37.44631274152568,20,1376.0955625804104
55.73020629181263,37.52935582107772,8,685.6582210446039
55.89887868595746,37.514585975607076,10,974.6479579991064
55.67260662399426,37.757026361689064,7,998.2914338927118
55.8455108699444,37.42500928841056,19,69.93105331645062
55.67451287811094,37.50720324149658,4,161.8604943823937
55.87335048555402,37.57743041537307,17,1112.4635384399394
55.78201951741523,37.73643583429904,17,589.6905681465679
55.69991046154162,37.84248215409029,18,765.5764386238919
55.68499142872748,37.79338475167856,2,944.3362313861846
55.82286444810038,37.76895869667701,13,472.66882433939816
55.83122275927167,37.61374782517838,5,1209.5922077490488
55.700082036708714,37.8325966736989,0,1348.2518292720954
55.79993891425805,37.79369351337616,20,646.4422264237586
55.862116876054664,37.71897713134237,5,670.0219338698391
55.732763654444426,37.72466116228844,4,1186.7816700995654
55.725816883500094,37.65004005913579,10,918.3258301151865
55.6603296182328,37.69511632957545,6,131.45531215378656
55.74732871881495,37.86355531442921,14,457.50521800249095
55.81388800235764,37.40574623664906,0,1389.8389621173126
55.63356418496474,37.6582121941093,16,319.18772210680237
55.79926581549669,37.84084530592175,12,1248.4077307838554
55.733860366293264,37.80292226630892,0,499.21996921758
55.674987083919284,37.65750282985486,22,419.57926092657937
55.822759249852126,37.438317903237625,23,1194.474630063544
55.69233874950422,37.85689422193663,4,523.7766859435592
55.70632748463792,37.65281707671098,6,386.08620591955753
55.695582688829084,37.851779221716264,5,852.3882251371691
55.750939741765464,37.49693153396844,21,1202.0041687903115
55.86531296410689,37.57239071003632,15,1135.1159878153226
55.73176318037491,37.70527337750771,14,1026.785855338616
55.65377597672178,37.74697479525508,14,759.5958510074719
55.72888257763971,37.77031307444718,20,1092.1724458876188
55.819720314717514,37.65746667495663,21,834.9859347280396
55.70356898610099,37.607100462785915,9,1328.4105993824335
55.63644861732633,37.717319628243686,18,372.4238918848469
55.755767371234064,37.703876341547826,13,292.0500526853771
55.673118844757305,37.53380039943085,21,368.3531886832128
55.887958840814036,37.70815024296286,8,652.8739001088168
55.72868330002904,37.67045250191904,9,647.2038736053692
55.826078389223724,37.50183356888634,1,647.3392377994478
55.86115808988082,37.71570946060919,15,1420.4155736962127
55.808988181365216,37.64785187511595,6,257.1208489807812
55.80762209410731,37.50312605691808,4,1158.9614100659521
55.80366931752335,37.78649336065279,6,657.9439086907319
55.60543721231372,37.79637905678641,2,862.9835276614774
55.78852793698437,37.74431581465394,15,64.4692261547516
55.817033098706474,37.667828299673786,0,724.3301100359344
55.86225120464711,37.50171823756804,11,533.7611739634551
55.83746746077741,37.62564705651462,18,1239.8681986310505
55.721370596921204,37.642172213145756,10,159.76460459919184
55.71634782697508,37.8017688297313,18,457.2788495200534
55.66238690778682,37.42099271445479,5,614.6371615193692
55.76252828928027,37.884032906025375,19,990.0611108055385
55.62223162677246,37.58773446423325,12,1484.3657432387377
55.66946453078952,37.87127296983845,9,515.6851213221325
55.66603339777143,37.57526026714308,7,149.6348326997434
55.71087225982803,37.63211925986961,19,115.71295449329718
55.70498348185889,37.86464420113103,10,1255.4831740218565
55.85269765142498,37.58662057818962,1,1170.5738812709892
55.764525748898066,37.43323166288813,7,667.8029175578407
55.764409706999274,37.66053659525419,6,1032.3364514940358
55.827550564274915,37.40731412943884,18,949.6869883253573
55.82267595615973,37.48494050302536,8,553.0958566151097
55.71722654569889,37.47933943684484,15,1150.137215687685
55.77914659179709,37.72706636851394,3,1286.248184660597
55.76249392546503,37.77913364602803,11,737.1857691683489
55.81491913358743,37.53547134915818,7,903.3321559805338
55.655611833724755,37.69988565748525,1,666.033722158726
55.87235155416506,37.65352982336936,14,858.994795468516
55.775400427049746,37.46682529070526,18,1241.654872548771
55.79785323059223,37.798120725270685,5,823.2145289546986
55.7910285151133,37.774116415665944,0,816.6504076927317
55.847775312194806,37.631557356918755,13,367.1376388469946
55.778590979778244,37.53231751346268,6,1176.3462009404793
55.84649437988853,37.6307614637943,22,322.1974882537655
55.62651548409536,37.74947441424369,11,268.3817496664973
55.6651692659359,37.63199506573221,21,98.83078561797284
55.86375573178037,37.521698341609266,4,963.5578237959742
55.85743611827533,37.79188619450862,23,341.5444704724204
55.7542603120028,37.768114441264274,6,1494.4286265732294
55.84762469923719,37.822435673877614,10,1228.4347488449398
55.81205135673416,37.88363179376318,19,1359.4859054209805
55.88007132503729,37.800673995936904,9,58.291942973144465
55.739747725966936,37.685581149311176,15,646.2277010921497
55.63902420094868,37.411212944581024,20,1186.4204640590929
55.76985420736752,37.55638899460518,15,502.6847339155253
55.6047228738987,37.408574890957595,23,954.4274730528132
55.82869078735029,37.41946900834383,14,791.8717909478618
55.60160384825631,37.86920687192907,4,1303.428207959128
55.77608095196767,37.69047518994409,18,691.3260179041462
55.81221910000988,37.59461523584589,19,875.752502049768
55.86052323638241,37.589563829187824,1,545.762653252961
55.75830323986651,37.50581794928493,18,692.4360753791105
55.74824430119136,37.83052264975166,9,1086.895233861365
55.77794746571184,37.42667399849445,10,1257.6062577101598
55.70872939678475,37.83182071064831,23,1415.4533806541442
55.65020710967104,37.650179723107776,8,984.1722492936767
55.89227429624343,37.43490032730731,21,276.4995245956019
55.79078209804801,37.69965105806972,14,346.04151079395234
55.61270268363172,37.68986307854861,16,1264.1822656667184
55.65091852857308,37.40957243399842,15,86.20102207408289
55.65143025301317,37.62678949996142,7,1214.0758554955257
55.888276044078644,37.66796753942606,23,1432.6258918846877
55.8644846919634,37.69224989776539,16,451.66816027266924
55.876392253663894,37.691595402138546,7,187.617239837652
55.77822483417091,37.751320102929114,7,384.65224819347105
55.874701669678494,37.70815724611645,22,1330.2264839521472
55.79771362303967,37.50561591573646,12,1465.4711137327213
55.80503613322225,37.58772055483396,22,465.45334594432825
55.84079209370588,37.8986189499518,19,363.5291632352806
55.80736354281596,37.70151977752664,7,1414.1212845497764
55.832773459842194,37.46396846225589,6,681.3207869548166
55.71878847662428,37.734654304580936,9,1410.0495855791467
55.625531045835935,37.592798796256666,17,653.5161853257565
55.65043543851979,37.63747548263187,17,439.41514280778176
55.63029343204533,37.483745544547055,4,818.327828578363
55.89559114968618,37.48301091182143,7,687.6237054364674
55.683510544498795,37.799146598604594,13,964.3423652954839
55.66591203711742,37.41026040736466,9,421.87143847431065
55.706595924542164,37.73699710407286,3,355.23506251474726
55.8427070920875,37.473460961791886,5,1303.7554366943032
55.646477593343036,37.441368417809095,1,1252.5056394823512
55.81200266010331,37.70860940293895,4,743.8193685711448
55.834166808066165,37.55181196907192,23,954.7978040170245
55.68209212535823,37.64391715927201,16,690.5324128746753
55.89527034977033,37.5978539817869,22,132.619154146184
55.7255821824755,37.629215712065715,12,553.2404343241227
55.76417125612619,37.895886440489626,16,1300.1943118043737
55.69416264901674,37.66901135268195,6,865.7050418459187
55.82954809864503,37.87020960365037,20,759.6191792395537
55.822492435550814,37.646284535376644,11,1046.2067683445966
55.79742477542476,37.45850586242897,15,639.8669613799991
55.6984699317035,37.62699495559985,7,334.8078630144252
55.88543344769893,37.48774581369068,18,1117.547724694058
55.75386911665564,37.834803041237386,21,383.2487524065467
55.76579868033303,37.586086627623445,5,240.89770375022468
55.85641103502796,37.48265114306898,2,367.1292104691957
55.65485133396064,37.81285547578033,21,925.583924683403
55.772984202138915,37.6793829723122,5,593.0949529003929
55.83931967900446,37.583695364348536,11,857.3381208458725
55.85353625544881,37.797963193571746,19,1025.5086908980766
55.66615127903069,37.50910376727609,19,412.0199814733337
55.678974203955406,37.40032669538065,9,1199.2624791532453
55.7881986805272,37.77513288196942,21,434.7866618228644
55.766301242302106,37.4997526574648,23,754.8892035616399
55.87622189510279,37.42002955952535,13,934.4152599642749
55.87735674061957,37.79290632273418,12,728.7001286397207
55.739889823881946,37.78028782122764,15,942.1177972595003
55.82812729350474,37.65646108238738,6,1405.9995257534154
55.71274150475383,37.75406091745031,17,297.5271268030963
55.60913910589269,37.502224186232134,22,987.5706437255598
55.66802235532209,37.735016268903784,19,789.2883138481636
55.75038269338772,37.42512150491149,19,453.78255694495084
55.85589459859918,37.86419175281815,14,282.9853978321755
55.60749149863511,37.62451938396506,8,537.2102355356576
55.73970476252868,37.786690523891124,7,457.5221377419893
55.65204881510651,37.58987576145966,7,339.7698433588123
55.616657509842746,37.68423244925397,16,355.63310156429793
55.76693686174764,37.82824670138128,7,1397.2598399569467
55.716196755392595,37.43308259441722,4,1136.6677086721725
55.7293337215291,37.44377433201389,16,389.9171200166963
55.70352512365397,37.415051936105655,18,475.9750639528666
55.61244975015492,37.71854735041222,16,997.4060727940869
55.65769296881009,37.54782727080624,5,1423.3841212053594
55.8654565353088,37.76953348796968,16,458.34326105316603
55.88900809613381,37.405142247967845,16,1074.0569357051302
55.78680686228494,37.89505442304343,2,256.27009767638236
55.69394896054894,37.82476710774395,9,547.9107181575841
55.85037153707669,37.86774225676375,7,1411.5448120246674
55.73584411426327,37.49924553730267,8,397.9845776114384
55.81303979216936,37.536474997365744,22,1453.7107531035635
55.734014358177554,37.650758980175084,23,732.8923660303635
55.7985740897911,37.77558856847702,7,887.9421134064281
55.871307932498155,37.808703923653056,15,1187.098952829637
55.73871735307376,37.832481302557596,11,646.2363588796915
55.72072187778979,37.84229344411481,19,1148.3234459035407
55.68852170477929,37.54942856762951,15,443.86811284783596
55.65718294992234,37.49231622867368,20,673.4385486807415
55.84928475131652,37.45994554673636,0,219.53912651181764
55.80464594846849,37.874949834123036,13,914.3188350955437
55.730153176856575,37.48220276453944,4,564.9408892430282
55.61357475670567,37.508954354126004,22,1005.0589646626621
55.87946647429284,37.81049050864957,21,808.5573800108896
55.80990697271761,37.60542854592025,9,523.8523234937772
55.60324332509056,37.813275537095734,4,193.1689499798655
55.622698331171236,37.58077069937702,12,898.3637411989945
55.66788257524498,37.84784898159968,1,1121.3566818428974
55.60973303381416,37.72935881936351,11,199.7342628688202
55.65175716308391,37.68398714865804,21,664.1444781882496
55.83807119636164,37.41588924217866,20,398.10257370697144
55.64329276021648,37.45785065909015,11,809.2004035711067
55.66547796180812,37.89471588288981,0,416.6442714626612
55.77328952630333,37.57960437349134,20,1130.5102682859408
55.62293195831184,37.84794209059633,15,575.7117050106871
55.84171435770047,37.5640897413988,12,172.79809571919492
55.74000793626532,37.64106604945992,5,870.2478496044583
55.6548017152719,37.469799433679896,14,1244.2542355860116
55.71538332279363,37.62956201164334,20,346.1578004226428
55.60502689134771,37.739599575600586,16,660.1037425605924
55.78050464920549,37.868554472459834,19,412.1696355474537
55.79624804628583,37.70961951602679,3,865.1737760435615
55.81442598293318,37.434225226283004,11,218.719803488519
55.783838750660955,37.86924107910708,11,1055.3359729153246
55.79447076921463,37.51574004795649,2,634.6512463932157
55.85009320314255,37.807335502354995,16,1353.9275204408
55.88867843398275,37.62205762324817,3,649.1001499511933
55.80274687753122,37.729079912148784,15,364.5865565026253
55.68640160377721,37.67816400362854,15,1249.5881171190065
55.61257456501488,37.60959143795106,12,1079.666411189055
55.62871871642332,37.55884734877358,14,1110.6552215695178
55.88743540267583,37.51022300212271,7,122.81092595116012
55.73938395064269,37.58980838222583,15,634.655418116543
55.82571936469114,37.665647009175466,4,1182.397602284431
55.719468338187404,37.62195191615996,12,1004.1797265987701
55.60241773100264,37.87158741148064,13,206.04056790179533
55.83043845351426,37.65023865793336,9,1274.1078716649074
55.74520617175282,37.65704772127563,4,1357.295357666248
55.66456134391996,37.84217757522787,2,1251.3077941480994
55.81385379875829,37.748347555718375,3,389.15055063469504
55.66326586830424,37.82859582852979,23,1217.8735624166698
55.88402687340767,37.60010613792483,15,948.0480084985215
55.73632094634399,37.7900946342415,8,925.1167694266254
55.7978517944954,37.744022778537065,16,491.5141724859787
55.659428655016086,37.43284605824483,14,658.7806116451605
55.74906865555001,37.85847102410045,1,297.85778351023
55.72544343644884,37.77864148913775,13,1100.1371940373263
55.80712171657332,37.57027241773995,8,125.96737861254877
55.64788747042965,37.567811636488955,9,389.02860798494294
55.60711232609336,37.8174736028472,12,491.6734158725762
55.679354741196654,37.539946326123214,1,1393.372507036468
55.725888214842044,37.42531123613453,10,659.0059074180372
55.60290606482229,37.828977545457526,15,66.38867805408259
55.83621158744478,37.553216411351684,15,1061.6886459522748
55.70923383250315,37.68310750787631,21,839.0880606303682
55.682571754311105,37.75471943231699,7,1361.1527725409694
55.71241659115221,37.674934281388104,7,185.1343733659073
55.723148738218164,37.48166832404453,16,377.8146529653159
55.84519159366397,37.86519921008466,15,330.21165208954386
55.61516775638786,37.713228509838466,4,171.11112628602723
55.663337782767414,37.776234168793245,12,1312.4191281510612
55.82772607976669,37.76376461511255,14,622.1298572124394
55.75898217607907,37.48068367919419,9,352.4531332245235
55.68891760206259,37.855401335484906,19,1114.1627966527108
55.70396762794496,37.60385788533261,15,298.377688841422
55.84820696644784,37.69241931584444,18,1060.8873536000717
55.658030602886946,37.72075224062812,3,1334.8248577795987
55.868706983279985,37.548643602140665,6,211.14886363141798
55.79443151036023,37.837559022279024,14,1247.793792595014
55.801927639273366,37.81217522362467,17,115.6772332389623
55.79691575781543,37.66757616684017,21,1023.3426965822422
55.681193182594534,37.440614817403336,9,694.5659669227315
55.75138570738231,37.45864007390022,9,1201.0362506666575
55.7978268886246,37.68890352512554,18,1478.5031048814783
55.83040163059396,37.617180749070606,9,669.8553584308886
55.699085400250624,37.68211590834227,15,985.0487730817209
55.60705974832423,37.61481143194842,23,1243.7461583860438
55.766857207789,37.78975835071203,14,1236.651615930326
55.61204165772561,37.844956688181426,0,995.5349397283934
55.83427580691583,37.79573177044476,9,1305.065455599695
55.63085277764724,37.462977598189674,7,185.24359782834634
55.889146948263544,37.46754007311288,2,1030.9014368048765
55.77827254819258,37.70157506006147,15,57.83713932537131
55.60040388128697,37.589050384893724,9,1053.9137439239007
55.6699998467948,37.712665084977225,8,995.7412620420391
55.67532403109955,37.72521262441193,12,928.695602542987
55.85483392186772,37.42249841061771,8,1495.5183669545652
55.65503572034507,37.69707093137823,11,531.358681866976
55.73960108018185,37.40684120738034,1,1270.9227091847788
55.74481404192308,37.788727733591195,18,844.8105439556319
55.6523941557689,37.547966014718305,13,626.9320545576834
55.84179367026027,37.69600842139453,19,867.6833717956544
55.75008356056233,37.43469704295209,13,1267.7395106950582
55.63824570404208,37.80010317384179,11,268.496856151209
55.855478295791265,37.8957267839214,21,811.9319456660451
55.80934983565155,37.85013205560104,0,1264.4197094102808
55.78434573325349,37.69059771186048,22,51.61253658447174
55.68158636781946,37.50894568981337,3,522.4440181172029
55.638332395837,37.621183266551206,13,1106.7281789534388
55.697059123745646,37.732527994503315,13,234.68573649942755
55.63788134113232,37.80671724116213,16,1255.701583012724
55.875519262624465,37.72489402338215,12,1346.6844214718003
55.79347087158771,37.544125788583685,13,221.41700232207847
55.600009215653614,37.7560685229403,16,853.8171877637351
55.6444652386298,37.44604937709979,7,1346.8863635403354
55.847081926239454,37.84939394486867,5,1227.7742754359958
55.71521279151733,37.73313393073952,4,613.6532044209927
55.67208973703511,37.447482637614186,19,250.12245617907502
55.624311583139516,37.81486143316081,21,693.950157514597
55.759561529951505,37.836809264368604,2,1342.4113992224331
55.7391442749183,37.56001365828119,20,493.3287382985721
55.72081111629837,37.73625363133682,5,908.8369880400387
55.808396131843054,37.58233533811717,2,1016.5947730750898
55.63586859932562,37.68632142655779,19,1142.5345604564152
55.861857826469695,37.64997949598239,5,184.12563501149748
55.834104358822046,37.73685086677108,21,495.9182034611617
55.74761634681472,37.79825425986185,10,334.55628922394015
55.63766493696954,37.88173997373716,15,459.28058209875263
55.68942269515745,37.53892258160328,8,174.74662769776762
55.617108074201084,37.45274171373052,11,737.5382295943803
55.620008164421634,37.424046155206014,9,1239.0978779806917
55.61247368795398,37.64906497177402,5,415.85229425104626
55.692331271587946,37.70681895149469,0,1466.695930990505
55.76343166809484,37.467844158896135,14,578.9925818013081
55.792289658429624,37.633090795563774,11,1067.5204971220228
55.766939391204644,37.57931079097679,20,818.085250857133
55.81971653397927,37.86205385795564,12,1161.4646085213594
55.810632236234134,37.565676109368155,21,960.773320303179
55.87919274290559,37.738052512907174,10,586.5355600070832
55.76514153313088,37.79500742077994,17,897.5875142262144
55.890796543685255,37.58891960686359,21,726.7557359635281
55.62301684805587,37.483026260740765,2,1004.2482161819134
55.89932481670306,37.62586973799072,19,631.0210419099766
55.63454385351856,37.84163680071311,18,50.270465847461516
55.78419383688202,37.708214088685935,21,989.9385297713768
55.61843388703924,37.806861671861114,9,1109.2140923493341
55.64060663049199,37.49881961029556,9,742.2534747465129
55.78054202018363,37.69086832371059,5,1308.845478223431
55.68920845939254,37.48126899373435,1,105.22513586901295
55.78599056946225,37.74909921533825,3,850.9308998349898
55.77856891981582,37.83595653064025,2,218.89288202633875
55.67627836943346,37.54773396231338,19,164.95641271522803
55.76975516809397,37.85400927271083,17,299.52474705630834
55.863630774937874,37.679176157532055,3,940.8800107754196
55.757099024816384,37.559561744910226,15,900.6046815113109
55.8485316012817,37.440093378406054,10,1197.5441382351146
55.874736471836236,37.57989704677265,20,333.03588862922965
55.803547350595174,37.56154985083317,22,522.2429629927321
55.718240814034786,37.701667098106014,23,637.8630964517747
55.754884989759304,37.690322612954816,4,65.21577965291944
55.868519586655374,37.47457041296987,11,1428.272590383893
55.60661984460469,37.89126063612802,20,68.71548057243837
55.66800719562248,37.683446398124765,20,687.7906775850606
55.79318697383428,37.590475922511736,21,234.2895483167369
55.6567850937748,37.62966572040027,5,363.68252756469917
55.73277320377984,37.42418135552439,10,1248.1941758777707
55.77640013902889,37.576551444469196,23,854.2961859431324
55.847779692565005,37.71572939629151,22,917.916340165752
55.7242423204647,37.87897292996307,13,288.7112209750697
55.724537481860416,37.4071654529335,16,878.8310917502686
55.65545151938411,37.42979354867657,22,1192.2261730384364
55.68500922066734,37.81861860911091,6,592.0217578571535
55.78759898791127,37.406170523030184,2,317.4656240368309
55.660688184747464,37.59335352852199,5,608.3987740933931
55.85644173363978,37.87620765299832,2,605.0369455844088
55.851743982421226,37.472663346210254,3,60.6345187124614
55.607742817858956,37.6766453198115,15,870.7267160873404
55.863410053853336,37.67893683783004,12,214.6339313731157
55.875262902896125,37.78890562222922,1,318.651432983633
55.7623810332825,37.72278609071371,0,529.0676368151439
55.77676438430436,37.62713919839491,16,161.92191882837852
55.650966121965716,37.46347220687748,13,801.9144485653142
55.673754232748024,37.57906985826457,10,1051.5531569142315
55.81863586667697,37.42348649554907,12,182.15392719478243
55.68577016013136,37.73619490639935,18,530.1624092880172
55.829791472456556,37.60683933949263,19,890.4476909807981
55.60666554460767,37.894269993522855,15,1437.2446291395572
55.77980791751265,37.7643281421183,15,216.3927191500614
55.74712255575565,37.48475204593303,19,309.5958742902965
55.839254213588944,37.73877290259188,22,212.92849882602917
55.69959594142981,37.79081627902662,12,456.87117919497814
55.704981356071215,37.791212906106395,2,521.1380518896299
55.80618866877475,37.880807903523085,12,375.7532265805616
55.719799774059766,37.60483643464626,22,937.799860256115
55.605002744046956,37.49738674884361,11,1109.7620013754326
55.7260033012887,37.68917988155827,18,806.7322758290176
55.62039198994582,37.490612780524856,4,1053.47330190763
55.64199621301653,37.6079092840092,15,1029.8538746980744
55.78558308672818,37.684276127802306,21,246.06510488363935
55.80263681360093,37.598000483192806,13,66.06390126174904
55.8190520359932,37.68589465796799,7,234.97675312848776
55.72272554459046,37.57718859149307,18,1020.3675933910567
55.7451407619582,37.609194766689164,12,910.9819163180057
55.772678028592026,37.48072891703212,6,852.5340755042823
55.771086081619416,37.50505359645617,18,1249.8731753717263
55.6763621628765,37.63651375167151,15,867.6447355303334
55.67834872975326,37.747476559671526,12,647.9844376784059
55.658726681921685,37.656587541141015,12,757.8576292006803
55.63995463770026,37.53066650894269,20,138.34664649504393
55.80820522423172,37.49137558299372,17,652.4953914399956
55.87240452681249,37.52128913303691,5,84.72208464220105
55.77544834339174,37.870737118753034,22,882.0833670637887
55.61827057992985,37.415465440696785,16,574.3882875195145
55.63761260477016,37.52680638542985,0,334.6267383510472
55.6067693535116,37.830832442349546,10,902.7357745278981
55.69482330515298,37.71348421726436,22,673.0263768649645
55.82495797938648,37.856520733444924,0,524.7603901634996
55.64938615397095,37.49058592542501,7,407.94269001381275
55.69192463480531,37.67756689337659,5,904.9975679697441
55.62021306145658,37.81577039316883,10,177.29294373433197
55.651548838107296,37.65903874902017,19,889.5175875035105
55.604382699132664,37.580187746181586,14,611.8043790876811
55.85904396847384,37.55440113767481,3,435.69665498435404
55.69983426068824,37.67870248215709,4,714.8519151711723
55.769377191680036,37.73151360186157,1,1233.3146113978594
55.60568362101231,37.767958976775994,8,1325.6409833267983
55.61476627436223,37.51554042643725,8,249.56311487762395
55.60027882506099,37.85161181367235,9,1295.712048588029
55.750017477757325,37.737446601527076,9,1372.0025215235248
55.612086683720364,37.65610735383852,21,645.4898178649102
55.66290708322906,37.88828051166145,6,171.40115987575518
55.71578185328108,37.58697356723953,4,1160.495033632876
55.80749669555996,37.8828194876334,11,128.97576868191447
55.65473741219575,37.88260481927286,6,966.4278522125328
55.81783337780339,37.5834807035036,2,669.8264658416991
55.7935655727534,37.772607371345416,18,627.5067961791289
55.60204440937004,37.66170359253373,15,1227.5125359625847
55.84756341137789,37.79752900880307,11,1350.643169578396
55.85383726315907,37.491406694269614,5,980.2744216932418
55.60767093972692,37.793985066795464,15,754.9517984520803
55.63270408469228,37.52426991046371,15,1222.798169062942
55.86264659511877,37.55123315873073,12,1313.4071085079377
55.835525097171924,37.53684922883918,5,1050.968128006057
55.88350721937417,37.741270239383574,22,775.8400102747054
55.79371751300532,37.65528520436425,18,493.76839103171864
55.619105430250755,37.488563572099125,13,695.8438056033908
55.625276613225395,37.7413263025221,6,1140.1464616371877
55.84358387039136,37.87287485111296,21,1294.834359099754
55.639506071030866,37.75252045317679,7,1032.6986997419147
55.67569442084055,37.8365215735076,21,495.3611897511067
55.8579038755241,37.8797360914777,15,1281.1921289400802
55.71501914231748,37.48413929425386,10,1031.1347204887788
55.79081420270174,37.60089656755471,4,791.1147758097758
55.781293894672096,37.63044916910329,4,1472.8003163104202
55.87974667707694,37.866932971423125,2,1266.3380997609
55.80130389415987,37.74851208300215,16,491.15070254943384
55.641774053378235,37.706004264979725,21,1335.2515248422055
55.61415901050921,37.880708309821024,14,1300.6199357322987
55.66992184356725,37.747593733105035,14,1302.0526821352173
55.63968638429531,37.88879498017252,19,839.1731386721136
55.892733645564675,37.584568096904604,11,814.9672910491588
55.65147891011956,37.48372987225899,6,1325.876208754171
55.75165623751705,37.65387891909428,5,141.53836835155136
55.71902651693666,37.63700313297422,4,1011.5620610140528
55.77860991104706,37.607572826996375,20,645.528405817916
55.845287013491344,37.847528301999915,17,990.6833151477763
55.72569093213386,37.629014308291936,22,1140.5657824106136
55.75386242269158,37.56042727137492,5,501.77902239423196
55.853696056683205,37.529801641854235,15,595.8016956550063
55.77122844428772,37.63935242898276,9,368.47064646212505
55.600068111465475,37.85750076887376,21,1126.3237356560733
55.65034437869381,37.46018178810499,13,1320.4790934908563
55.816835380186454,37.51592064585736,0,222.75397439426985
55.75371784621963,37.574415953729314,10,1128.8414415041311
55.81330028858494,37.517249738837045,22,101.60583466939076
55.898299090805715,37.51636417445778,22,1137.8781514266075
55.68235200205213,37.71233198714186,23,1213.4825874544201
55.702373334927316,37.62209170343918,6,1231.85454597992
55.86323563798095,37.78659175062938,21,64.37050846217278
55.83341389194496,37.63036680012083,2,1221.6983348182328
55.696217357337986,37.68121468705896,5,410.47708268929415
55.761518493786085,37.89606781973929,19,1301.237470590934
55.6801225022369,37.66733046153776,8,60.12427972650477
55.7210442907081,37.517377210862485,18,76.49885109908404
55.87124060577346,37.43432433307393,7,496.33776753787276
55.67234956429233,37.5167836805343,14,318.13443132735927
55.72844655190904,37.430712564629914,2,576.7455547784043
55.73159425007382,37.88874812910444,18,528.7261279576264
55.63204021120071,37.87670143969105,15,1077.9037135213084
55.89813519261345,37.5573144544676,22,288.21592274499346
55.834948429277105,37.46124893098299,23,461.2314889548476
55.69788464547069,37.41037901606198,17,325.68671116212323
55.84637504636791,37.672315435553564,4,299.22094259709013
55.74295794124967,37.76894020758437,15,294.7745083876181
55.856182864642555,37.40661440645265,15,217.559646186916
55.85092627689569,37.65123282488138,16,1238.4560608440852
55.86645740489839,37.49960984291854,6,780.3771612719025
55.863524758913485,37.876258394842296,13,839.6052207492795
55.64796392900993,37.74562333189299,9,331.69667795261205
55.73416030966493,37.81491063235864,21,1122.2303881961545
55.79366030692316,37.47788663029009,20,632.1715353190707
55.83793856138892,37.510254393568324,0,107.72658719634305
55.68219642984099,37.87782473363324,11,1455.94311141129
55.82041257107951,37.74979826651176,22,618.7158004786332
55.88433390939077,37.47059953176859,22,1252.2684284120028
55.75244251559956,37.710120677134455,15,1174.0900814036313
55.70277732484334,37.713834438579404,22,968.2316423336451
55.73508474514946,37.66555474816876,6,1336.8299633086795
55.78763003504998,37.804134105608135,6,1239.4699278134412
55.768559136942855,37.735703036321866,5,566.1387715324287
55.6445520344931,37.69823353770677,3,850.3077235376765
55.6725514586246,37.61299875973421,18,394.35079249560675
55.68996927789836,37.72139753525315,23,900.4420825043006
55.75782475552522,37.7796554275751,16,330.08201219222747
55.741392482372234,37.63625772140979,3,800.075549120767
55.723932219318144,37.49967274473559,21,154.80157398110606
55.772735758832326,37.82682727447055,4,572.5713580784613
55.62612136167319,37.50107469961264,23,263.3867140876707
55.689393170648756,37.44487975028008,4,1280.9396107403056
55.719181441852136,37.52277531297224,23,496.13467974302534
55.87781786794548,37.48084727663699,15,893.2680964350836
55.81440870257072,37.52010971660419,17,1332.4941550153007
55.766197976650936,37.66727960957815,17,1106.8612165080947
55.69043891783764,37.699686496435994,16,589.5192696961991
55.827947097528515,37.569411741211404,17,777.9118867218141
55.774938347035864,37.6894826601479,11,121.92856710675
55.67711880765676,37.632518167110454,4,1315.3075339545496
55.62613278683843,37.64369222083602,13,1444.248561599471
55.73345572984826,37.64452420022464,1,1379.9698581460511
55.76606755979871,37.54961600215053,11,1227.1197416087853
55.70255471257518,37.61684716566019,22,1257.7592188620586
55.89573047487572,37.79564214624834,21,953.6550409486101
55.82248818623557,37.80254865602057,21,622.8273398923542
55.6153790377528,37.60093813561837,15,611.8263725415471
55.77502645570553,37.632101974476065,5,970.3790046008428
55.655925941456196,37.774684718322476,10,213.62262141625104
55.7789301863877,37.642344758468155,12,601.698733964902
55.6318376756473,37.66567841587634,10,939.070271099376
55.841680665631074,37.54983434192074,11,826.6700258519829
55.785487239626434,37.740336186612865,11,229.0023054250149
55.66179401076309,37.40047170763381,1,82.02447568671062
55.70738835835983,37.566830445316846,16,1266.6945632594368
55.765198137770966,37.476572250041976,13,920.3645446443954
55.819375176804215,37.78487331142854,3,656.5221110855546
55.69282383846113,37.86836227792674,13,149.2390284018079
55.86921919549648,37.459690505669094,11,1271.0549506010918
55.784239952856254,37.56291229200972,7,736.4817060937811
55.85636421796065,37.57000219302994,20,177.79492491620266
55.83303953116259,37.823773816527364,10,447.47452753784097
55.84830255843438,37.7699339133002,20,826.2542636894023
55.7905970040125,37.498243483478106,16,801.2118895364636
55.82440482300982,37.81826544538045,5,1294.0056252961267
55.8000782342376,37.61769816169988,13,434.36786229093025
55.80885773509033,37.496435284344805,22,425.41119845005244
55.61584800590942,37.76304242574192,16,1198.2424195038075
55.84347160130547,37.64113700004077,6,920.8456356313472
55.649876599104914,37.589868702410826,21,1352.6151489931146
55.77480584396638,37.46205368385689,11,1155.2074845555567
55.77751509066772,37.496011684568174,18,756.4574100367752
55.607429463272844,37.524409513509966,1,816.5520757844496
55.70033275813543,37.65965634632115,9,1229.064099993578
55.67724369284312,37.78720974730315,9,682.5567382178782
55.79749223185182,37.61885841246677,20,1217.4194344084576
55.64105354997591,37.43485971291686,19,1387.8354524251795
55.75071154599163,37.56394199700913,5,1262.802615040792
55.85874688656949,37.55799857056261,9,1384.7770333987044
55.603600908181804,37.676407437859176,17,141.50423521754203
55.69738275055305,37.73637799312346,20,801.115125495342
55.784255873295706,37.51830489135375,23,739.3094902654494
55.834900069404156,37.77507661471576,19,1264.335153447223
55.67194598566198,37.497479135749316,13,1250.5658720782646
55.713398211587844,37.890590779396916,10,1198.3066532974578
55.72069211241471,37.61247675953121,22,221.06010126068927
55.61354540932369,37.61894994357146,20,413.7909589744519
55.630168819625034,37.59663074254961,19,701.1638454955701
55.77328392419114,37.685453526876074,13,557.7880874836676
55.78516587489834,37.842403973515324,20,194.26726986579874
55.829978783413615,37.88313714887409,3,799.1100081886992
55.685380114691405,37.65860471384676,9,964.6171092502999
55.73669486483196,37.641008669888464,22,434.5523786454022
55.65092776041785,37.44782034801186,1,131.52522753390974
55.745690289524,37.85640040020393,4,288.6689468643833
55.61916393022927,37.55869442501394,2,1285.4702029168047
55.767765439530535,37.657371096878386,11,1364.038603180951
55.82303055218686,37.66641351870069,4,924.6589400442813
55.62391452195619,37.741557142861524,23,551.4953440641405
55.61056455205766,37.77308981927614,8,639.3039780323271
55.86395132438244,37.72434147667868,9,1092.8899076140128
55.68146513655325,37.558107561281666,14,342.6026749660625
55.87264794931506,37.78020003364374,2,486.4011634658514
55.65521343161507,37.77822554399445,0,353.1037042095873
55.80873849008222,37.872104419173056,22,522.9468684859676
55.74056709837734,37.4739791670547,6,353.19117865494064
55.63910593901298,37.501767436943446,3,1265.9828869242453
55.84257116024422,37.55895233688664,11,696.4470472491735
55.84499657296048,37.84261943935378,8,830.626498046483
55.87396890588378,37.593986377198945,23,225.08262205018616
55.89308966383798,37.49346571472072,6,1414.9348695410074
55.80298517006575,37.58170196599971,9,671.5342048523711
55.788550651070864,37.50757781081202,8,1159.70863431181
55.878821045154744,37.502401204528105,14,1120.891777425597
55.61913836687608,37.593611570605105,18,345.0575921052032
55.88636615272525,37.859260801385254,15,1090.6304288005745
55.8929852911945,37.588600891228815,3,961.8657006328544
55.79211422399327,37.8252521141643,10,1424.1449567432055
55.66563151252326,37.563110253490464,8,909.9314754526686
55.74676817642498,37.46667223365819,17,1126.4364087801837
55.66849937571058,37.42922899361844,4,469.40365908851885
55.71080623902683,37.73187136931269,16,629.9753765256744
55.617217553106485,37.6916536240921,9,1027.3549077661874
55.604998141373265,37.569472387674224,22,658.0352866079681
55.81032927620928,37.605365771745504,6,421.7988901634656
55.880193392243356,37.465529315402144,14,583.9626557229429
55.893709552237496,37.61036828128431,1,1292.4112570986056
55.74006342973693,37.57985993095513,14,1090.175991902732
55.733069003649554,37.86943848757114,11,739.4222289452246
55.82707829780243,37.74456054524788,17,1301.2914538038767
55.74416798225088,37.43437695321124,22,94.10302717155356
55.818063071841934,37.83700683565436,22,279.74965392536365
55.61866152745771,37.8113514608586,15,793.2921039496399
55.68726305626947,37.634703420994626,12,993.7081712641532
55.78451938895734,37.48783604997796,3,481.8961276658063
55.83401442611201,37.63581318259763,6,63.837861947478636
55.62259043007954,37.58792623259099,1,547.3887332555353
55.89643722278639,37.64261522788268,12,126.09847964460498
55.735070886001786,37.52737435366836,18,806.2489266709023
55.63739422869784,37.880707270211815,13,317.23702557764364
55.61180856394592,37.4109233559931,4,78.1996730337177
55.65663820833203,37.60720419885924,7,671.1101108248271
55.60813199570087,37.791750751293954,0,212.3051382954444
55.782851767301494,37.68421597716525,10,826.5365859918074
55.74309501778529,37.59460430931172,5,1367.8548391625552
55.83555696532685,37.643703151550405,15,1444.9848234649596
55.752687712126615,37.62641240264216,21,1341.1393746015744
55.67881628306839,37.63612424947258,14,459.69788790202637
55.68370248710434,37.60248429368809,0,902.0591305919077
55.84617753679724,37.596133520761775,7,274.0552034862525
55.73186888253187,37.655230065673216,22,157.78518288480362
55.634608840391714,37.83484066167183,23,1451.509737101789
55.883412214501746,37.56743914506849,12,553.4286429652072
55.838254703595155,37.71260806251572,18,1425.1358515439326
55.62739772030007,37.480723843016456,9,1416.4385872292012
55.83646027896001,37.412020618683215,1,702.4183276898465
55.80787267330743,37.7665801890684,6,1307.4071639544607
55.88675294415255,37.51835765292243,6,638.1856261984943
55.65074856815273,37.888728281591916,4,133.7245652272022
55.85350367114673,37.42952507222913,3,838.491252068033
55.80849103993644,37.65758351419329,18,936.445401559203
55.71129211377765,37.786076013807914,2,69.80944393238366
55.86871790665453,37.41447215837168,8,1183.580747596653
55.74525190964902,37.79700722513298,21,1205.1350600719502
55.70139446514095,37.752745012336554,20,375.35532070970345
55.75135087721645,37.530424622981045,6,791.0860411349771
55.73365534434795,37.883484257309156,17,998.8023664966436
55.86175598554881,37.52207378025345,7,895.5033480558521
55.815404253438096,37.586021783906105,17,240.54795514013927
55.67874550237018,37.69060773874469,8,403.79318841108477
55.89002026826053,37.87906905990225,4,795.2353977015266
55.8070369353046,37.818724797541726,11,282.9187382968985
55.65190716092535,37.53338603181196,15,1117.8861031976555
55.615497207134396,37.42464724638221,23,251.50503823560567
55.824189267267954,37.42395693395667,9,515.0636943517783
55.65767737554043,37.5547347745443,11,795.4187851109687
55.833809551100536,37.661248404445296,11,1475.8441142006286
55.67248038293073,37.74064105526622,18,930.6204043499456
55.626573501890995,37.73843613791379,5,763.533415007642
55.895946220471515,37.539133830409384,1,1270.3519109370225
55.6091061416599,37.82190643182915,17,499.0198620818742
55.88134773999552,37.73857248333584,18,155.36510199267724
55.659728025980776,37.573911173716525,6,418.27789239556756
55.863307653648356,37.444783012158155,23,396.19006807473494
55.6640628563471,37.605572168239995,9,60.71825709422489
55.75274062387648,37.46965974118902,5,1465.8619676813448
55.88639990706372,37.800068791376034,4,148.65410543292103
55.695071241316185,37.53339727471691,11,676.735036281537
55.62744625551624,37.7733016023221,12,571.5295637734482
55.80617030303821,37.55641709876211,2,971.6663980280579
55.89788303973487,37.78885874453628,1,527.5999404880098
55.80801326155566,37.783122736380186,14,248.7265641008254
55.85866342699658,37.80804617645713,11,1104.1768641704941
55.807876068767435,37.8936842361561,8,201.40228577227114
55.77069495829124,37.66573962314091,9,276.7251053850688
55.82553944907608,37.68413430813438,12,53.01095052011775
55.678212632239855,37.659139860344354,6,302.5272039733247
55.76406435213623,37.75722984194289,2,124.18998434594006
55.66985756706283,37.64600086471604,1,1397.991931166926
55.637384015703496,37.72623797775361,1,424.25608260145134
55.739195625232114,37.466642129041084,16,709.8596715045575
55.64906613835906,37.55206192473402,13,1175.0220189810548
55.842387198432704,37.783882308857166,14,983.6665377482589
55.850297438724816,37.68867670060983,19,435.05851711799977
55.84203207089463,37.52590338302544,17,976.4963818612626
55.62443416386735,37.61750729717011,9,434.41421310196574
55.72960316767911,37.89952474905182,22,286.8639521275769
55.631293926205565,37.47275774139368,1,815.8744295467164
55.74017829880225,37.45335590955118,22,681.724495877321
55.63872585854274,37.77114937836697,12,121.49803130924577
55.67724376494774,37.467830733580186,20,243.62463808308667
55.71600893499624,37.81057121236017,20,1260.7119892402955
55.8131054502137,37.456251565263315,8,1401.9048053688807
55.85746203729311,37.48530056231082,6,1496.6247817337558
55.679065443849034,37.53956523538713,19,998.6196699420688
55.89945997229968,37.437480021735006,0,1262.748937245079
55.89233179319154,37.88780095957833,3,1241.6670179917087
55.79389298009721,37.723671067186544,2,831.8270652947679
55.67652802984971,37.78393818181686,10,686.7394581670333
55.61198439198583,37.5811467450001,17,143.14593499283254
55.77780881999286,37.8125176595714,8,668.9973553437889
55.740707481915365,37.86427776644707,9,448.9966631076986
55.71938810391423,37.86573949629834,14,1460.2239416921184
55.70801797057922,37.63893367745656,13,1234.490919781044
55.82486366926633,37.74976712880776,11,132.78678996651837
55.7029155197559,37.73346799260195,15,107.7058346366962
55.779304700657036,37.83484794242582,12,701.1047525364444
55.73779110646392,37.43848459150401,21,1118.398360839681
55.75031207109538,37.68638026647754,5,1266.317038309642
55.863136140298685,37.521589990132114,20,1023.9073349469531
55.70017074145797,37.52712958049447,21,1239.7358811365582
55.82801047054095,37.42438315940657,13,685.1639100628064
55.70271853698876,37.67323818051268,14,1041.492891290318
55.8259356541539,37.76372619564306,3,322.9366896651161
55.6552745954718,37.428501193775965,22,625.0563328601781
55.63746102307178,37.66272256318109,15,880.5169011960714
55.845848705615815,37.563369445284316,8,461.8846641086221
55.89843248637217,37.88327945927757,18,427.58450774246717
55.85151989142766,37.75781035848589,4,1345.0149249175852
55.80682514016139,37.54189897152077,13,493.42959136131276
55.8277716938971,37.70987392724578,22,961.1033204466944
55.65523039700829,37.45282517272447,2,923.271638447023
55.69669744734083,37.78844687410243,17,1259.96446664134
55.616864171637964,37.77376031837325,6,1427.9451699174626
55.68998154693942,37.409583943762485,0,97.86730705547451
55.88618102575792,37.504959022874026,2,1082.7192975068801
55.6527670850256,37.51769163094918,11,119.7145043053528
55.74507237571116,37.40732356363624,9,1150.5164061883445
55.75018585970018,37.85589255619088,15,1142.8942560150879
55.6760138196488,37.847538279580924,14,1040.9726519780422
55.77810538597262,37.77741372918116,18,1371.8677248772894
55.878404271018816,37.4827100760642,10,473.76098727211246
55.68844517150403,37.5772741044143,22,1257.8996827145513
55.737341479767764,37.52948080251249,16,1348.9328107622823
55.631042519093974,37.728281351199826,8,939.8406222066781
55.66692590035869,37.672834332484314,20,1421.2869072394856
55.803046013089016,37.55079343493677,23,153.0042610348448
55.84549234530259,37.56784120032142,22,201.75763850239767
55.726883063122465,37.79778918812879,18,238.96462809988702
55.7930286848552,37.49859149098403,20,840.224303245026
55.6260348862195,37.518424735298275,17,563.3936154148864
55.79674623019822,37.668637836834016,20,366.53951212669284
55.61640795237288,37.40883502239772,21,299.68634516426795
55.72929511865446,37.655260130649424,18,1256.9670104677664
55.897487302888365,37.48180810206914,19,59.91908481512715
55.74010535995652,37.7428258746326,6,241.11990335018507
55.866112823334085,37.5375123862439,8,1182.0139910488615
55.873058837243406,37.59141669738422,11,759.396349070273
55.66532461145021,37.43915083523978,4,1155.0879496529708
55.88085296924995,37.870375429617226,16,1431.6098642973473
55.67179968596421,37.71205671002283,3,147.5626887361961
55.680399180065315,37.85610411839076,17,1095.529258301914
55.67714570533273,37.75969407778741,14,594.21595137087
55.788026004562695,37.473048282770655,11,1352.3123449891461
55.88062744733456,37.88990176769047,17,914.2632134425884
55.63223516578867,37.408456399960805,17,1373.27728898051
55.653205408497925,37.40352145731207,5,161.3537422157643
55.72411180957301,37.73944366859439,19,1377.9308048765786
55.75086265601968,37.79755514126336,21,1483.311202505867
55.70329240999599,37.4308811931451,0,484.1635309645046
55.63004649925203,37.53585879944909,2,345.4454544824184
55.67819849644988,37.44626427718336,1,1473.005834649856
55.78890507857776,37.608080473203074,12,1363.8463465866173
55.64132022966634,37.427174049174326,1,151.5996087957247
55.616987667213266,37.46018907475276,11,1190.4332846157772
55.6731124635713,37.55294740663076,4,696.5355987967214
55.81257506373035,37.765936368643246,10,573.1691514981037
55.82585424252741,37.6500169577848,5,894.2443007637502
55.68996228053322,37.417201604226726,23,676.4975633465957
55.83891721678591,37.69770740081005,9,1229.732779382666
55.814485847065534,37.52439853187657,1,655.2052656106863
55.643293613106245,37.446779703456166,13,983.3937191711715
55.683143305562005,37.624838488591855,10,1117.251330617795
55.69600483392622,37.653022346205915,14,1441.6312961198555
55.85547442000517,37.8318948114825,4,547.8977948831302
55.60572975980612,37.74489562365643,7,966.5741767776944
55.73058781725629,37.66257694705581,17,60.82155360496814
55.72680598589723,37.75903408060043,18,1323.0686546245056
55.68075692184199,37.89112803046831,6,903.2252986575058
55.663228929828975,37.51836023792691,20,1253.4124101580428
55.72468833460875,37.52915021456379,12,92.29634382157778
55.76237146433015,37.42645371663533,17,346.1718785077748
55.788040789019455,37.57937125527144,6,785.7151593734778
55.732451176984355,37.46533631520663,1,1379.2962045221827
55.840245429957925,37.62556503489892,23,911.4977676424493
55.81579018270753,37.7093734912288,16,722.7075820095919
55.673745576106775,37.857421074925824,21,721.6391826479347
55.74604846358237,37.86744652327725,13,837.2636445095253
55.63881418509001,37.58791060950397,17,1398.4066114074242
55.737611534700264,37.49081571093941,22,369.68219744908623
55.6493698175288,37.60316611548188,12,1403.6916612096995
55.87978066225109,37.462615012814375,2,172.10886620679258
55.895372768912836,37.733203652347456,15,965.1196904437404
55.814469531423185,37.61492233487158,8,303.4382324308806
55.79440909541656,37.522727231269464,3,1176.3909824984075
55.80202591867343,37.70724973012759,17,195.6634470374042
55.752747389668784,37.41233497727024,15,1482.6202449948612
55.71681693390006,37.7663063496202,22,1210.777352433784
55.85369262748733,37.71763249367954,14,646.1345534760999
55.67029751969516,37.409825741373425,9,200.27325339715358
55.81072160975986,37.549728861967125,23,60.28312852283793
55.804075206499114,37.812719947874314,2,992.6641739578597
55.82260673556393,37.415756521541105,20,952.6931361703084
55.69267531685313,37.58436257773542,22,244.3360967625381
55.6347280138739,37.82209294791204,5,804.3363427308369
55.611133995988695,37.440334883695584,16,1366.253803292759
55.62622504236133,37.868246665655114,11,1229.8798925980966
55.66513096884097,37.671013534833186,22,1282.6924652933033
55.686745100336246,37.87613003918116,2,872.7926516336829
55.713102313587626,37.88246430075091,6,985.4676207863099
55.605090738794644,37.880183387311064,10,257.43983144893343
55.60420435525782,37.68342921664705,2,121.79331306832562
55.77980757614074,37.570837286909224,19,835.9221827956028
55.73786889325166,37.649483972110396,5,1017.6311820181553
55.63767463081305,37.7827716848446,5,518.9921398952854
55.845770263630726,37.66826280419672,4,1314.9721168644817
55.783934871720774,37.47860194177848,18,982.438440633043
55.82876021133266,37.69246544698936,6,417.13841516857485
55.84110803556319,37.808911036783094,20,1404.909314421645
55.6619603211916,37.76751307455255,0,242.0824516957935
55.764074654137936,37.673123800065426,17,427.9789787238607
55.689068702280416,37.400313758314226,13,1380.4400971646999
55.82937047912783,37.43953801048832,11,236.90874835657345
55.815999040788235,37.45058280980655,12,1443.2026547662733
55.870860407029646,37.7483774074677,16,976.8426526154418
55.670704760372764,37.75683014155607,23,1213.2613098909153
55.71553183689698,37.6089419983088,4,234.31021175718476
55.728262556607916,37.48043014674255,17,707.2378180947809
55.85595274367734,37.690660509862525,0,1231.20633123758
55.8808489124653,37.65675893337088,16,570.1541783418432
55.75878023444308,37.69219796079473,20,764.8249301642292
55.741570753169356,37.645156244704914,13,130.37783396478903
55.76625629530144,37.693951162447405,21,880.5201391188081
55.6715011631884,37.796977542357794,4,815.254994737849
55.76723229014908,37.889165403838625,23,1426.4576990461765
55.69152990604586,37.484429644683516,16,100.98091289323152
55.69694356518382,37.67205431196973,7,168.91557475187207
55.68954792942249,37.73618092896609,10,597.1552919839519
55.677468043977996,37.52173352203338,23,450.125800827922
55.81930310474184,37.4383112009961,20,80.66724385665361
55.72567989339518,37.787932532601396,0,1098.0145802156537
55.88359211207549,37.8585383897349,14,125.80469973970145
55.85576279346265,37.499098193210834,21,316.16796561455266
55.8462757640839,37.614442194697354,9,437.9141938600964
55.75576209238104,37.517185045338934,15,229.35173338995307
55.77498285914173,37.767379644424686,19,839.995779726476
55.68092273976213,37.7511993605403,2,1484.2317127076633
55.67951418622278,37.73602975133087,18,343.0173573254551
55.63302212805432,37.591693931815996,10,1213.2968608638428
55.83601690442006,37.65486303764409,22,216.97589173416202
55.77643781964036,37.73348285174359,4,1146.6496406214264
55.76189853667095,37.43874181327774,1,949.807428184015
55.791505019539215,37.74969237049368,5,974.2335977533713
55.840547769962654,37.63318729725227,23,1472.5915555445888
55.822113489082305,37.45900301330968,17,293.7712415167014
55.753678169162875,37.64368740396062,2,1490.688350587867
55.65246518085846,37.73632217176339,2,122.96825275526272
55.61887224280541,37.49367339566339,6,344.1661050756402
55.82368849975615,37.897809529811354,15,1262.3144061531573
55.64643581045384,37.55058779349868,17,1108.3891029644406
55.86662395504414,37.43083729181048,7,640.7414279642938
55.8959708472338,37.427963175064114,17,126.5975461674736
55.787752358494714,37.427254638706856,10,281.33293719821415
55.86566783307569,37.405005205279565,11,297.67987414400557
55.65930709093435,37.5594086614365,22,786.2406202008633
55.749732597432285,37.455071141459484,13,81.87363147395322
55.84080922160081,37.79401757478751,18,180.2420876671269
55.67704901131756,37.446258310591546,23,982.0695570749518
55.834823702275415,37.86874058619955,10,976.0753223745876
55.64237310940797,37.860314068355386,11,353.4938099596024
55.62175669508635,37.751640027021125,22,1346.310436979369
55.756513540410076,37.531334867665244,19,1424.392022517808
55.67756717909207,37.56860624520314,17,1193.9704297056437
55.804535649336536,37.84437624187513,20,631.40697369811
55.70521293639763,37.78642004171325,16,438.51698765492944
55.756058382317164,37.68287101303545,4,1207.7575823242262
55.812168498500625,37.49519089314852,6,203.41728604194563
55.788461979127916,37.46068596227431,3,152.08777548364554
55.7064793602904,37.65158958352567,5,1371.4456335137927
55.76622978411875,37.487249243198974,9,1459.515036438108
55.64774772519815,37.577077098379746,7,1306.8911542483092
55.868191917238754,37.85989628588972,13,370.5537515802881
55.81876328455026,37.65014525933909,18,929.7384928565056
55.6500362005551,37.79871027697083,19,182.56808984947838
55.76705160840707,37.8459365650042,14,539.3417162838092
55.60542432766171,37.60016493420538,18,103.97147162552729
55.87528020887857,37.73655567406226,13,362.42121554980855
55.63614454673154,37.825768585948964,2,326.33526744993105
55.738611802851864,37.85151393674641,11,1473.0610661369365
55.6292130187324,37.55153288058755,1,1396.1402003721482
55.619687826453344,37.67470591603048,1,1444.3384997282606
55.83252454010174,37.710968366878355,0,1273.3367680142176
55.65848283069105,37.81343392358668,18,787.8836200026564
55.61873328249218,37.59197350445208,7,255.34500523059495
55.630748898756764,37.667732474828476,9,705.7118951474912
55.642835691000364,37.594717340038834,6,1090.9123418002964
55.89778766453586,37.7491689856397,2,557.7704602813435
55.62497729741519,37.76227895457941,13,75.68508338361407
55.81095993543264,37.41085004763777,2,1177.9686397853784
55.71470899931849,37.62156367266146,7,576.1554346429
55.78032735021889,37.82430327594939,0,810.1693447797182
55.80121819763278,37.534719723151824,8,546.1702883500533
55.658339055754695,37.68097405499662,20,172.3377998358323
55.80550182599895,37.753876603802695,12,841.3370356801818
55.70782714804925,37.44073694885647,9,1019.5727831019448
55.6946249173776,37.74129963989065,9,126.42919528748654
55.6112698688632,37.758590723523376,21,437.52509346323956
55.72645335475309,37.44719873795193,23,293.94303970731323
55.656980423098304,37.63035608567414,11,408.8213227880622
55.793571293366,37.72548587260927,10,1218.3576815253302
55.84757459999565,37.83410153788949,10,1061.9033732606092
55.68047510767669,37.89966813999175,6,801.3983116646552
55.61125859725954,37.684615106045726,9,697.8363309369066
55.73425007434313,37.87751145980583,1,1420.2747866603163
55.80208294959901,37.4324496397692,23,1363.7276530143267
55.76247907683955,37.71471185555855,17,894.1099640813759
55.70703114710478,37.48213522472796,14,137.15740631367396
55.874780488753345,37.7077257101922,22,1406.508383000343
55.873662271374755,37.50467419969205,12,1091.2475200362326
55.77443618437859,37.873884791016074,10,204.05627728086273
55.652101491086306,37.74508553530217,18,407.65184792492784
55.73788442551988,37.714251950041785,2,1488.156099072264
55.67983238685079,37.81659582989273,21,177.8062529166486
55.724099657074966,37.7750804164773,13,253.73558950746025
55.73288530322438,37.68071918896656,15,693.2863357579299
55.875624191441275,37.62018711151261,17,1316.373620870085
55.61792868225351,37.84429964021857,23,84.20835328215401
55.7241198692741,37.54962420963008,3,119.28297878803778
55.70566929252122,37.82828599434167,16,232.14263907654208
55.69330210110127,37.842961057221714,6,1154.8048448274908
55.7515346667232,37.894185283360784,10,249.08989395532637
55.70090371801467,37.69337405948367,4,1423.9694331698624
55.83005466934533,37.53414360021389,19,1096.1012778088793
55.882383678672035,37.840817674587704,11,159.52324027751604
55.78535999632361,37.73292888310814,22,216.37583959037826
55.63784129740485,37.66476680751123,13,1084.795508015927
55.67572051448265,37.72840761554422,13,913.1514196008791
55.76175813823819,37.8844073452889,7,674.9324153529262
55.68644935686519,37.701960221831115,17,1495.4314622080879
55.72910295210672,37.56014937124837,13,920.8796123214147
55.61874392840735,37.760612233749455,5,1043.5421079663058
55.894569142010575,37.74555293502692,16,1424.8878347774478
55.746025314505694,37.75116248970985,12,830.275464557729
55.62116501911297,37.867016495565316,3,1103.140075534786
55.66590464001275,37.624541696338056,5,1454.9693759027223
55.81418738435943,37.862329304791125,4,951.9133237730218
55.762023796576656,37.774807142193886,7,909.1155448057873
55.744747918158296,37.71128769891639,18,1457.1358958819412
55.633715779687456,37.53425245862642,19,606.2331085149797
55.72731160781609,37.75734804450331,11,145.4074158030965
55.81179557981525,37.519104717737804,16,1450.7311157388024
55.63919031446721,37.58591839228321,6,371.58026330364225
55.83414134151405,37.500587616144436,0,1475.9114696678303
55.85233219268166,37.417982878106706,2,1221.0575108663138
55.83144200345788,37.857569410202444,22,555.8621040776711
55.876950613526255,37.50332159244585,0,1275.9906757188126
55.839724643731586,37.65423951765401,12,1133.492400157348
55.662825301246556,37.66854172779505,1,377.21364542547985
55.66353944496445,37.796269883810666,15,1030.4281335074957
55.87232524007237,37.76488525578684,18,166.02649114863505
55.70783938655618,37.82918470335983,8,1357.365282755222
55.877857895924386,37.40454909064039,6,1391.667882450075
55.86038999260064,37.64984161514145,10,716.915829376246
55.78209193488228,37.49424992639778,16,860.4821983920466
55.700918117020876,37.659510846789274,8,174.868360234242
55.76774099693889,37.651391720923336,17,1128.2236504628956
55.82508154884153,37.558644491887954,4,899.1987863717588
55.60254867358216,37.780502991474776,13,463.55702974733157
55.76619098496348,37.40080059377451,3,1435.003982693292
55.6720454788066,37.561762306868516,1,886.5573788500176
55.64645241839424,37.57809697173069,19,219.19922390705472
55.79680040639593,37.57057466290984,22,847.1585993357289
55.73570591154361,37.48471120104662,16,162.9245341823716
55.81204107886315,37.86001908205453,19,595.532598623727
55.87767490275708,37.651521873778506,18,1415.7631015276093
55.82186897443338,37.44330988042734,17,684.587138853523
55.701907785543874,37.759509721581445,4,327.04010205221937
55.83715408226009,37.62697941652393,23,1057.9237331213626
55.784872194799185,37.64143926705792,2,444.85732591257005
55.63525055206372,37.525999110822035,10,893.3038148821453
55.760044062623436,37.69819679984623,19,357.8023971639959
55.756040454335405,37.63736056356411,9,237.1444310021413
55.761057743950786,37.86828510903542,10,333.27049323048215
55.62602459065042,37.70272224265267,4,102.69408505855156
55.63055417954271,37.76424696692372,23,905.7476217921288
55.72681077085815,37.50043859007011,23,214.1852737257318
55.72190992158324,37.64253645457135,9,1162.397541751138
55.89180662297832,37.5429207243317,5,1054.6737201601456
55.76676124425969,37.74976393520129,10,1235.7932243546582
55.7647979095558,37.86489586131525,8,977.0934607870245
55.70139963430855,37.85343328866992,22,421.01518417770853
55.722123033813695,37.738840770558845,14,1201.495114511795
55.74837911582913,37.84737378541565,10,645.3681109954865
55.86957907317069,37.84812835823579,14,1343.7449775302543
55.7292824009555,37.49900151515377,17,514.8988644978288
55.653499453728465,37.51968491817102,1,805.7019011246294
55.644933139504275,37.43278953632332,4,479.4563100605479
55.7716851443626,37.62092685404553,1,612.6847876783876
55.838789526880184,37.55287806375619,3,531.4010180706348
55.82333265035127,37.47599009123702,0,987.2294125793012
55.86199326197732,37.42082201116999,22,1295.1802043678913
55.79013498542419,37.52660058168499,1,814.9904525167581
55.796630793532195,37.51659377721081,18,75.58548225897847
55.75510188496291,37.664786340356336,21,590.3528383465135
55.705512945387646,37.671742214291505,19,1208.4754150039737
55.84091114823024,37.60763071878641,9,1214.657578703935
55.768563086872454,37.77044160336099,18,570.3596019410952
55.78301300363732,37.59124223029129,16,878.2587307396999
55.82361932174246,37.58947795490625,8,639.2891158614434
55.85537835020862,37.79924212146521,19,840.3709486468407
55.798439861597096,37.851636811119455,3,772.3881433644437
55.73160033160947,37.50913659939074,9,1292.692091079338
55.72453215305648,37.44466995114593,14,384.56515580022796
55.68735893649899,37.78613377841875,4,1338.8398926704583
55.823720120104404,37.41757849602425,21,539.1706636180554
55.626910275704454,37.88077186144055,14,716.4674938168673
55.6670807644971,37.86672755262492,23,274.7625677542941
55.79933519712798,37.75439963245307,12,55.55392122546773
55.6714374529762,37.8692238202052,0,1158.1648172006235
55.83699235000503,37.719647736332725,6,741.8092356561929
55.89836927700536,37.73958584976899,14,1489.6065909388642
55.72236827103406,37.54370126692274,21,801.5621475223153
55.77620433737291,37.487105337535695,11,701.8958617343803
55.851059026667976,37.686157592815036,8,465.92763618844
55.684136519428016,37.47987473011697,5,143.5261000955146
55.8917567486901,37.67201498264728,13,804.167351028472
55.78321953389339,37.532149876386875,3,213.6187895494824
55.861007477656045,37.718052817321805,21,924.9361077193566
55.84203344275189,37.478458636018615,4,707.4535344051886
55.89678398353191,37.427372491129795,17,667.8774379101039
55.765696449212285,37.699441547378655,19,1318.3832565590133
55.88161579059336,37.802546688399765,15,868.2110775134762
55.72308784088318,37.566478307185704,19,627.7942050583608
55.695073904145566,37.63369366772396,16,419.25944532704784
55.89945851634334,37.4939629789369,16,813.8848907730994
55.61712972353355,37.455271583154286,9,579.5804930724788
55.76062400065344,37.794199765472456,16,1122.2382481319644
55.72789548819721,37.56685210378782,17,1172.2928765763131
55.61562172186638,37.4064108247553,19,1220.92757032709
55.752605185205226,37.427357087416816,3,1402.1307319912046
55.857850892687466,37.754892525111984,22,1210.2213401680383
55.87963872993419,37.785114382824936,21,362.1401163894597
55.843331369891594,37.498621333083506,9,230.42960152279502
55.888658762883395,37.544962381316516,17,179.0641155992128
55.75345769224285,37.859260765221556,13,576.8177295250248
55.71708637259894,37.453045889806454,10,281.12258291853317
55.89040665161372,37.85737466436383,17,225.67541882842886
55.62562254484248,37.85472183201831,18,1264.3037975103641
55.69295969482255,37.65375454723466,5,154.01624843376618
55.66802758522016,37.86574519345946,16,1050.2443547015741
55.78073233295843,37.453623416747924,10,1116.443663083209
55.89762242937741,37.71457341698516,6,154.26474010884613
55.872701676650706,37.87888332908811,9,821.9223405489066
55.691009284664254,37.5964195382407,1,494.27825762483883
55.645687074120296,37.531987759854914,8,170.22614302199767
55.78600040004322,37.570111497225625,7,463.12421620103197
55.74348510025332,37.49031834897065,21,1164.7080620456825
55.679676279492206,37.78361669707961,8,158.92821972403837
55.76069801851843,37.8272275415927,14,1401.0105658930456
55.66206156262669,37.579109520621536,15,750.1394092252729
55.79780721618365,37.65534149222359,17,1260.6041711283676
55.82676591387035,37.6417011182615,7,55.30165144974145
55.69601786925507,37.61088712096806,18,1295.3202959506775
55.788661943323994,37.78142395117324,11,125.90340872540398
55.66929379315842,37.800956976418064,18,596.9092480871531
55.87100080195681,37.43484534836506,10,1394.156032147042
55.79453647425443,37.58979967822417,19,600.0801173960706
55.873250268096925,37.707673920314285,14,1227.6604015744897
55.859806957204185,37.48608434427632,19,870.5384773975505
55.78466578695795,37.41977875328131,8,604.2441140210125
55.68453749425278,37.76099157347582,5,998.4124517858339
55.753477183193965,37.47946238342208,23,1424.0543048549673
55.74255125980679,37.55862958717843,20,604.9573274107684
55.82715673590459,37.55282424841809,8,1307.370618951627
55.801902449886605,37.42348221120383,0,1156.7776223960584
55.640950903625075,37.5143353756923,14,79.17649668695735
55.825818141347796,37.63688664625721,7,185.0053769371656
55.74044258256122,37.843770953863206,13,834.1101653857872
55.8031902059007,37.751314788218956,10,787.965582463465
55.695713178961846,37.884483931041146,11,981.0598407870057
55.689445106882964,37.46323212270178,13,1359.1024952021487
55.85512884630368,37.6071635070101,14,338.4481807028056
55.78050598258614,37.43034153447534,23,1282.271776665685
55.68775450610231,37.48373524527502,19,1168.3024573481082
55.61164388434354,37.497064385222984,19,1095.627996366411
55.705807336050924,37.56285110578885,22,1322.240650822963
55.61208439202019,37.802416408648234,21,95.04878885446166
55.884070869838155,37.52035629283175,21,1056.120976216343
55.64788982703203,37.84814077608189,14,1017.2034428317631
55.87347306617892,37.572810084450396,14,392.6969778259039
55.7984050419631,37.59599902194457,4,1161.8141166905868
55.70519280743714,37.58840531388711,2,1262.0381917830516
55.630382837149305,37.7379463114151,4,413.200272787157
55.84177175276003,37.53983692827322,1,1078.2344276546091
55.6063173350669,37.41821272165086,12,163.87755204955812
55.7069214207549,37.77382591228249,5,1123.0258102294085
55.692919974683804,37.82937601280459,12,925.5144643234424
55.748002476415714,37.42003454317413,13,944.4828961495133
55.60087351535014,37.40470992798622,8,462.218019188416
55.77573348127932,37.69338395392229,11,1301.9735210565625
55.87508833393075,37.89840385633943,15,829.6535864569087
55.799087416230186,37.791985925252796,10,986.7680689400643
55.64518328592056,37.86632405027124,2,1107.8060618658358
55.60610232456465,37.5025935714524,7,1252.6718621292707
55.69080376311363,37.63387433768733,8,761.1511902671274
55.63592403655016,37.80132812207611,13,856.0724247577646
55.72119288499093,37.63005859160166,14,804.3342091994805
55.803128135435095,37.78925794003083,23,702.5752993031437
55.70134511299647,37.59404936767208,1,274.52188834932974
55.654876877788624,37.582523783346296,22,953.6000155716715
55.62232852553156,37.65184588061872,0,134.499187262833
55.876348821008364,37.83720850183334,16,63.048053060720875
55.677343262207,37.603411323699234,12,752.0675225677653
55.79443063817832,37.40917919199961,23,810.0242681573961
55.684900190628724,37.4189879837848,8,1388.6744331285815
55.80678379636775,37.46355130688537,11,498.9210803739751
55.69603304230177,37.81917645202451,14,393.1180406315128
55.86692469708861,37.40458277509191,20,1497.4393374516444
55.89884910795108,37.49560525887337,14,147.13708687397903
55.60845740213417,37.52237253981846,15,1455.6901302417723
55.81719674927071,37.50602242469149,2,641.658669324084
55.65738321131122,37.65855896542846,23,501.0031675274886
55.69806797891668,37.40539919619476,22,1365.821605702317
55.63674442505509,37.66701805660232,23,896.6934818367249
55.6247299816057,37.78282616835259,21,453.30827865092067
55.69735199475068,37.87256122437244,6,1371.8072803188836
55.76623784900748,37.66357364714959,22,755.341461355718
55.82156171184277,37.83342760651353,8,1476.972381548044
55.82087618438814,37.78712557385033,2,242.2324123524994
55.83240188115454,37.532408160889155,2,957.8422478812178
55.867360239220545,37.65282817871511,20,945.8291321544652
55.83099208546198,37.4519796879562,20,1340.8199723041062
55.68110457714867,37.811380121516166,10,511.7553518684163
55.81927841077991,37.543859217245014,19,1108.3392206702167
55.72327987148883,37.71460959650415,22,685.8366242135065
55.78330702346258,37.71209603644813,5,1146.5387052335093
55.68277848938502,37.85248094008496,10,1335.905732229991
55.71350427450479,37.77486287339177,18,196.3741383722589
55.88856647161771,37.72630100760772,17,355.2663082388889
55.75043244210937,37.51681238182428,11,245.38353443981572
55.69444151767617,37.64274882014133,2,909.2238650089989
55.71397728728861,37.65096779039043,7,861.8412711763889
55.74592151066086,37.6524664020447,15,1228.4627112417852
55.762528095982304,37.46553993085235,18,724.9832164648456
55.67952675062561,37.767154994491555,14,246.49946666309336
55.75551988798992,37.45630461467461,8,475.3555086716298
55.747208303778095,37.61930571796982,18,605.5884794107324
55.83839886771936,37.62815841027548,22,437.4543484548075
55.75273401555626,37.473726958713065,3,200.09377315888995
55.63222429763087,37.45058190575877,6,1372.7691135966757
55.88382268542065,37.52235779851185,10,834.0983777366667
55.890390939030986,37.527591114387114,8,842.2661774570174
55.7708429543989,37.571586928603644,10,63.49992160541284
55.732718122224455,37.42303458483773,8,1337.0320777662348
55.71035520838224,37.47141205524344,21,1309.7615889358394
55.79857047294158,37.61702443423909,23,1180.3516597531295
55.6067347745294,37.699942894026385,23,462.542341626544
55.61411835936308,37.73427334755699,14,286.20884899222136
55.84372409728717,37.82669786676847,0,1258.1540475388122
55.87882226982106,37.71421141445884,16,123.23583270680909
55.61316432651063,37.7601866063661,12,1189.2202673228378
55.69773386312369,37.80850024174882,5,50.58223883674282
55.841767350759056,37.439624803064966,14,120.41594877870945
55.73438610915436,37.62281940041108,4,232.92198961733433
55.636985178235726,37.47372630023745,9,673.7550672442542
55.86250260992319,37.55072809320533,12,1149.6579188053809
55.78180414958082,37.68515625391325,12,253.72356420350013
55.78676481886394,37.503911920729415,16,1395.128085174303
55.88494876164591,37.67741289825165,11,1097.4415860675579
55.62339815992282,37.45306500965451,0,283.03435632692924
55.89347963905884,37.4792601170137,10,577.9755324201828
55.79181592643623,37.46451820444471,13,448.3222975703583
55.86632545740151,37.42029285606735,19,422.186857892882
55.81417028001898,37.64000925492231,16,95.25966249118396
55.89005966508802,37.6632974712949,15,432.81862680424484
55.6016195626551,37.73425245057549,21,929.8985172034452
55.63597655767814,37.56036654617233,8,406.699623444853
55.759626047181406,37.64117810429138,14,148.61483633100974
55.658136739007006,37.50728241004642,11,881.5630576419162
55.66457314615029,37.83081247504199,12,131.55770675700012
55.6242125362582,37.89638549325637,15,122.18245220841347
55.68055002285925,37.72711788997266,10,1418.8598535073447
55.71888317874751,37.7469316711642,16,793.2355130901069
55.68033229438124,37.627475388421,21,1029.5219344990824
55.83319975422466,37.678341026340874,13,111.19067944288275
55.74888853765019,37.67223066607458,3,1034.2429222773553
55.652824789909516,37.75835929288382,22,1319.276697856103
55.8113480909235,37.62692328190345,3,615.6247562313098
55.65836439090997,37.76583979939374,20,765.2088648876794
55.77373894121052,37.494538826889176,15,1056.4048836199274
55.75574891187236,37.549028785897406,9,482.5897282018732
55.678907750722836,37.481804210421856,19,413.9314491583026
55.805030346116176,37.74193837058165,21,303.44073681547906
55.89613002577723,37.68057510621759,17,947.455986006979
55.68486577293591,37.847434600352756,10,465.07560130561563
55.72714245555207,37.724931960851286,15,1224.875739250066
55.76097345700859,37.53910859353441,10,1228.2883266778492
55.638573873553504,37.40919049488762,10,412.3574963734903
55.61968022948351,37.74530765619332,22,730.1080676656462
55.75132742381903,37.692538908186606,3,768.7516168316351
55.69982024619516,37.43559011815904,6,665.0683308316655
55.7340066165234,37.527073640063904,20,492.0153454215871
55.8063730274366,37.83197741100475,2,313.6222752170771
55.62577311646085,37.75705957046246,7,693.5911871538257
55.656404715158885,37.72656836664593,19,730.307369334519
55.71031255243826,37.450309988611295,2,129.9089779139668
55.8663618795554,37.75149586307341,0,717.1488085086476
55.65803416840358,37.50518604076492,11,1272.2774900517054
55.75613682764182,37.830405431343365,0,101.00321572081509
55.87354647809102,37.78766596494296,16,244.59351817320788
55.79342701797703,37.56983031024072,2,1271.4384340365668
55.82818197441702,37.48410554621677,4,218.59683642467695
55.76092311492401,37.61857405252252,2,1031.6162908509914
55.74917225436419,37.4469954647083,22,931.2560146779655
55.72141176229875,37.512603550108096,18,1494.6303661555773
55.85366535864907,37.705479749716126,13,1357.0979028306504
55.767228783779295,37.834238075601384,11,993.6430652280077
55.78425065509567,37.567071511191926,4,105.62759896576665
55.86123915170143,37.656374949896964,13,1063.3088221467476
55.85615979805756,37.470082716691365,8,1313.750191864459
55.73402185759342,37.57148325985004,1,1101.943149322456
55.624317869163285,37.75822649077939,12,1034.0571360490007
55.72626895862777,37.880708788923286,2,1331.4549224141463
55.8799988257349,37.82937119825665,12,538.4291670983714
55.770844716440976,37.83055676003071,23,925.199392104398
55.75108598139208,37.83353999857921,7,637.0468399463093
55.75190516598424,37.88575817840207,4,1198.9666242702797
55.66757197070057,37.74073005771263,6,524.0660453693076
55.782006796959365,37.865224300272516,19,375.33530476280475
55.74815475871243,37.88080101278744,22,758.0489820974753
55.70131574336867,37.674634246674216,0,1191.1149091027412
55.61691455615597,37.58469132379129,8,1003.7937310524699
55.88773368759889,37.865545145254,2,1098.9222988396461
55.68221247691128,37.82298262804927,1,426.2012980487106
55.62539462607539,37.45963583601987,14,265.51816258793326
55.736847622335944,37.646178797264746,20,1194.1088760929683
55.70529268717783,37.60232687082427,8,474.0018716321596
55.86246917037938,37.78589146953417,19,1484.3641909598498
55.65004891148508,37.42334240994963,5,1415.633925072726
55.78112328656898,37.45263258124021,17,642.9444918471744
55.79859095183519,37.63242739040663,4,701.9184137112192
55.65658967392722,37.65394870800169,21,881.7603940172163
55.846460673366906,37.414285458862004,4,214.41128855123017
55.816184887199114,37.650152578177256,11,545.9328631595733
55.84967173201253,37.53739890538395,21,186.38673933145364
55.885418911745326,37.71115831862427,0,1132.1550282251615
55.602506411251646,37.484299524217015,10,1379.1324989061784
55.811648995580384,37.73588963512743,20,1094.1473990817547
55.8027977469269,37.752829666936975,11,1028.9383344744085
55.72523448516894,37.765339505764196,0,157.55548361175272
55.65760487529039,37.81999911162197,15,1347.4048811681178
55.635267174736285,37.895111267307534,7,67.08082061563091
55.89922688171607,37.540536942722554,7,305.2575391247075
55.835957766131074,37.55627182611836,14,514.2626927712361
55.801076192813305,37.49395179439921,15,1327.2780644733682
55.84172406765344,37.701255681787366,20,309.3195493363091
55.870574832351366,37.59859344315856,15,700.1913694731027
55.69616085004195,37.77220962690666,12,1298.4984299597486
55.769758922067886,37.478617832547116,2,553.5671159213782
55.80431503351913,37.586438254601084,8,688.6301274512668
55.870353286965205,37.775334507140826,3,109.37972161674567
55.75819590387996,37.84318432354777,4,1017.6591864230742
55.61315405574899,37.563310952874005,12,236.68344416978394
55.767102041893935,37.84698633421221,12,532.4007605543716
55.73148958240995,37.53134665494,21,1049.2578676214896
55.75437133488034,37.50007710562468,8,1043.8887574383725
55.83370161817721,37.410026354892004,21,875.4580052782604
55.84357273448797,37.80396901500714,11,1088.6717480402406
55.80081562710096,37.63849595768909,6,1102.9747516000525
55.852547609309575,37.54950633980467,8,1023.2712567021606
55.609433786517684,37.76324837316871,9,1312.9030198006867
55.7027002247383,37.78488615369279,12,517.2775710382527
55.89229148893314,37.89316408678006,3,887.9217680893182
55.82479460654273,37.88234523941423,12,437.00396774321916
55.878851711610444,37.486223194486925,3,941.6093711220573
55.74472708047842,37.446828726303735,6,444.8142080267946
55.65081894988948,37.71040940175295,7,1264.8700023130018
55.6217071773224,37.84055257417828,18,1329.5817826675466
55.77471865252255,37.463421963446294,10,650.923228077203
55.80686026267163,37.57198981815819,19,1081.335445830157
55.629995574245136,37.41677293570608,22,565.1699826680123
55.614748248746515,37.415528438017574,14,59.461845121886135
55.743855771133404,37.407926772686785,8,98.46847298517136
55.71002562292778,37.518535195587084,21,893.7046364318263
55.61660493676543,37.47228985511979,5,1387.346274451198
55.72776794651101,37.892762066627604,17,640.7043047227536
55.65322284103635,37.454818141267594,15,1359.4234469986473
55.64191617009369,37.448062925866076,10,1075.9263847308935
55.73880634950635,37.80324797305262,21,254.63287153401672
55.600236853327964,37.80507004537273,15,1318.1784020295906
55.76916010956753,37.65822217095141,18,1014.6456125435207
55.62360957301225,37.70187757191881,4,243.52987495908627
55.84175731160022,37.89486829885613,17,919.1742859400515
55.65138202319987,37.77081890930881,1,1386.0580355706752
55.63858721813176,37.622889373779735,3,235.87270557516953
55.727606948881,37.52360303686944,13,429.9507565349681
55.86451519191862,37.845910105703304,19,71.07449613568647
55.62428491060671,37.688585813311995,10,1084.3165077768447
55.79782697405498,37.7123503347033,21,598.136176679883
55.63088384341009,37.7595114102168,21,1077.7101669011993
55.67468305743906,37.56221911431753,2,87.32649413346348
55.70231436184919,37.801652286759015,2,684.1539800272625
55.87979231876619,37.71623610120574,3,1324.8462894988047
55.60390306402776,37.872375040105105,13,629.4178418502585
55.855729125270734,37.650148937196995,20,893.0660975601763
55.7646797573498,37.50966020060569,3,925.1928083284407
55.88018540157481,37.50170650109916,5,1290.9432153296602
55.80427516378518,37.49328924962682,0,104.8391980004512
55.636915637077095,37.89317496147208,12,511.6104320972158
55.714368985832465,37.89535627931155,17,422.58083428728133
55.606272853700574,37.51154500922268,16,941.882366686483
55.744356445442534,37.629751133285154,4,900.6371752736413
55.78731180937708,37.72664477045068,10,871.8688522651757
55.70632719759622,37.59057344101737,6,1087.1372696384042
55.767019692327764,37.827370309295986,11,1418.9374395990285
55.70078384601368,37.68034724068784,15,340.6801192612205
55.72403973001305,37.50310135795089,5,815.9285812043776
55.79856351641341,37.50373471902944,21,1053.2026668332244
55.71492081091795,37.83454953436236,2,687.2862816489501
55.62017219021561,37.63234473422258,14,1271.5626298716998
55.66854147277511,37.833213701449374,17,221.76947238699867
55.60409195375077,37.551609773359296,8,412.61957992521565
55.85096571735088,37.65615018045773,4,660.6224114294183
55.72315683530543,37.51567435660007,8,1328.7597629070162
55.722816739355025,37.54494033976693,9,63.34130155680021
55.78817752019079,37.55818770369384,11,330.8897236256319
55.70374857109288,37.578920579320766,6,919.5713994417453
55.8329460643947,37.774578911588264,7,1343.5078090857498
55.76065657482579,37.671797787455645,17,681.8148174227961
55.66728202547257,37.59431614519942,5,128.36905965710352
55.73716912588586,37.67481115055302,2,201.75791916644957
55.846794378158165,37.50502366864603,10,1420.2022422781104
55.74454103276168,37.6856069548074,16,780.1766078851547
55.84049277694941,37.62076700518945,21,750.367190545149
55.8689512752877,37.89134002436121,11,423.65868987431054
55.86547802405349,37.68851020084528,18,1183.4462917612764
55.827698728747215,37.63932243527526,0,1488.5336711917892
55.639105503914436,37.798034262698465,22,176.98458145345336
55.84170261371281,37.73459182609957,10,829.36594282619
55.614789898722755,37.40117373693373,8,1036.8454847322125
55.63637946800774,37.45688097940227,19,206.71236581626303
55.7308733345093,37.885975422629905,21,165.40281368946154
55.88211911018366,37.53033319128105,0,203.41052116500285
55.78856320926366,37.447520120325805,19,1241.6121159185905
55.83077516777247,37.698361495053106,23,104.16175783155464
55.7335319991154,37.456567968837014,12,898.6282694892774
55.707801697154736,37.63767953384043,22,866.7209735472409
55.79434669144733,37.50476731197506,16,603.042774359529
55.64226058118526,37.71247188520392,13,1195.15457191522
55.799050620821575,37.572865126096495,18,141.73087413997845
55.780904159009374,37.42856635967166,2,1248.357796059721
55.87412950099114,37.839964781819184,6,267.9504026017547
55.611577468581444,37.83944057295643,23,237.01941649438965
55.74053837112613,37.699153037848006,4,87.92959636895878
55.8064992286998,37.70206531442827,18,1347.8950421460543
55.89479572344807,37.71852377675181,2,1363.4816154989933
55.754874346960015,37.47687465605146,8,1148.3301235484994
55.81951158181695,37.7545903518972,4,355.95970297591276
55.80648789952818,37.509861375055195,19,750.074635326137
55.696921320521724,37.819485548337035,21,1006.6572786569715
55.64109466669286,37.743433246867454,20,447.3170815590439
55.69445234662262,37.458402053866976,1,959.7250052079772
55.677865129981924,37.54619551192387,17,201.4964592932392
55.81608037718422,37.743641502206565,16,1387.72998711341
55.77054166064705,37.58186276056784,15,1240.5636248974495
55.62770375168363,37.73700367823135,1,1267.1416545334444
55.734451254106396,37.71834645717897,2,807.0834154766565
55.720462521401586,37.55024437931632,5,945.7040398896017
55.73689777714672,37.847045684628924,9,412.2880043135779
55.700938348773164,37.694578188696894,8,383.6225131933388
55.72182463976793,37.813108687887606,7,1241.391534126105
55.61784404893252,37.7054537610792,18,406.1657823707811
55.632783833610446,37.797192112546426,13,1176.9461586587356
55.680715668622646,37.80594482178416,11,126.49709150653169
55.73708165496947,37.87107895851499,14,198.28320744581825
55.82323800571431,37.80289643297912,2,733.8324275745838
55.813296382439106,37.61952074441057,18,304.7248320544476
55.88807990754762,37.74658468012692,12,1172.0110854250993
55.70750876069735,37.491599122563315,4,746.939641052993
55.76554862006025,37.71588742182637,19,678.5223646130294
55.71901828014052,37.86902692677696,23,71.5413776358805
55.74433770754506,37.56668391905828,16,353.5166332681747
55.672263419111644,37.4649494022684,0,1112.4489523492946
55.80576288252594,37.816635641017925,21,854.9816081957244
55.81912487950592,37.66643821734837,9,754.7834357588873
55.69413464299172,37.47092219880849,8,1121.2620057388751
55.867889377511446,37.62397182010385,18,1428.3792387908156
55.818903524094175,37.42602291937806,3,397.5781634515448
55.71178153107312,37.515171416051174,5,245.01065441847834
55.696055865821215,37.85672234923779,9,327.02520962759013
55.7322264830324,37.69237840416865,10,1220.6511507405344
55.828897880886906,37.593077959296906,10,1211.698679778221
55.78131421572484,37.4992714294341,3,1126.3498560239004
55.83112353612059,37.64980920599938,15,1190.4003997290636
55.60541806592799,37.64136419373839,3,456.671675096746
55.81933089490107,37.52109172279688,15,912.6825587321753
55.83816800852862,37.89467031891981,20,221.01107856763855
55.79648233137019,37.54164826399885,12,430.34215050743734
55.85166636973773,37.41616163266304,1,1178.6392615909622
55.78257147795219,37.88545235572494,4,1196.3742989161453
55.64006292685167,37.555288507775394,8,1051.879481088536
55.72124452953312,37.83768563166362,9,634.025394805083
55.61086217844622,37.675570668097365,4,82.19407883238296
55.69111715548955,37.86053474314979,14,415.7666090899971
